title_id,title_name,title_type,genre,studio,release_year,duration_minutes,season_count,created_at
TITLE_000000,Function-based user-facing neural-net 2009,Special,Horror,Disney,2009,5119,0,2026-05-23T22:32:41.872906
TITLE_000001,Total scalable emulation 2020,Special,Thriller,Netflix Studios,2020,4023,0,2026-05-23T22:32:41.872924
TITLE_000002,Enterprise-wide 3rdgeneration throughput 1987,TV Series,Sci-Fi,Disney,1987,5357,6,2026-05-23T22:32:41.872939
TITLE_000003,Face-to-face disintermediate framework 2013,Miniseries,Animation,Paramount,2013,2214,0,2026-05-23T22:32:41.872951
TITLE_000004,Virtual holistic groupware 2017,TV Series,Thriller,Sony,2017,3422,4,2026-05-23T22:32:41.872960
TITLE_000005,Quality-focused analyzing paradigm 1994,TV Series,Comedy,Apple TV+,1994,1168,6,2026-05-23T22:32:41.872968
TITLE_000006,Object-based fresh-thinking application 2017,Miniseries,Horror,Netflix Studios,2017,4445,0,2026-05-23T22:32:41.872975
TITLE_000007,Multi-lateral multi-state open architecture 2005,Miniseries,Thriller,Warner Bros,2005,5790,0,2026-05-23T22:32:41.872985
TITLE_000008,Realigned composite software 2001,Movie,Animation,Paramount,2001,63,0,2026-05-23T22:32:41.872993
TITLE_000009,Profound contextually-based adapter 2025,Movie,Animation,Paramount,2025,150,0,2026-05-23T22:32:41.872999
TITLE_000010,Enhanced analyzing framework 2022,Documentary,Drama,Warner Bros,2022,3452,0,2026-05-23T22:32:41.873006
TITLE_000011,Self-enabling zero tolerance project 2005,Special,Drama,Disney,2005,3562,0,2026-05-23T22:32:41.873012
TITLE_000012,Total context-sensitive installation 2017,Documentary,Comedy,Sony,2017,5691,0,2026-05-23T22:32:41.873018
TITLE_000013,Universal value-added database 2005,Special,Romance,Apple TV+,2005,3986,0,2026-05-23T22:32:41.873025
TITLE_000014,Multi-tiered eco-centric time-frame 1992,Movie,Drama,Netflix Studios,1992,112,0,2026-05-23T22:32:41.873031
TITLE_000015,Implemented 24hour methodology 2019,TV Series,Sci-Fi,Sony,2019,1225,6,2026-05-23T22:32:41.873037
TITLE_000016,Robust static archive 1988,Special,Action,Apple TV+,1988,1553,0,2026-05-23T22:32:41.873046
TITLE_000017,Function-based multi-tasking Internet solution 2004,TV Series,Thriller,Netflix Studios,2004,5510,2,2026-05-23T22:32:41.873053
TITLE_000018,Multi-tiered maximized database 1989,TV Series,Comedy,Sony,1989,3380,3,2026-05-23T22:32:41.873059
TITLE_000019,Polarized stable analyzer 2001,Miniseries,Comedy,Universal,2001,5057,0,2026-05-23T22:32:41.873065
TITLE_000020,Down-sized heuristic leverage 2003,Special,Animation,Paramount,2003,2784,0,2026-05-23T22:32:41.873071
TITLE_000021,Front-line content-based product 1991,TV Series,Drama,Sony,1991,5116,6,2026-05-23T22:32:41.873080
TITLE_000022,Multi-layered needs-based solution 1980,Special,Romance,Apple TV+,1980,1801,0,2026-05-23T22:32:41.873086
TITLE_000023,Horizontal user-facing application 2002,Miniseries,Drama,Disney,2002,4757,0,2026-05-23T22:32:41.873094
TITLE_000024,Multi-layered intangible orchestration 2012,Documentary,Romance,Warner Bros,2012,2596,0,2026-05-23T22:32:41.873100
TITLE_000025,Exclusive user-facing Graphical User Interface 2020,Special,Romance,Universal,2020,1669,0,2026-05-23T22:32:41.873106
TITLE_000026,Synergized static workforce 2009,Documentary,Drama,Sony,2009,5838,0,2026-05-23T22:32:41.873112
TITLE_000027,Universal object-oriented emulation 2021,Miniseries,Horror,Warner Bros,2021,573,0,2026-05-23T22:32:41.873118
TITLE_000028,Diverse multi-tasking monitoring 2007,TV Series,Action,Sony,2007,1694,4,2026-05-23T22:32:41.873124
TITLE_000029,Persistent leadingedge implementation 1998,Special,Sci-Fi,Apple TV+,1998,4927,0,2026-05-23T22:32:41.873130
TITLE_000030,Diverse 5thgeneration access 1999,TV Series,Sci-Fi,Universal,1999,4865,6,2026-05-23T22:32:41.873137
TITLE_000031,Open-source composite matrix 2020,Special,Action,Paramount,2020,529,0,2026-05-23T22:32:41.873144
TITLE_000032,Innovative encompassing superstructure 1980,Movie,Thriller,Apple TV+,1980,49,0,2026-05-23T22:32:41.873150
TITLE_000033,User-friendly holistic focus group 1980,Miniseries,Thriller,Disney,1980,726,0,2026-05-23T22:32:41.873155
TITLE_000034,Integrated systematic toolset 2003,Documentary,Romance,Warner Bros,2003,1386,0,2026-05-23T22:32:41.873161
TITLE_000035,Persistent discrete moratorium 1997,Special,Horror,Apple TV+,1997,3119,0,2026-05-23T22:32:41.873167
TITLE_000036,De-engineered clear-thinking hub 2020,TV Series,Comedy,Universal,2020,5517,5,2026-05-23T22:32:41.873174
TITLE_000037,Compatible multi-tasking challenge 2004,Movie,Romance,Paramount,2004,171,0,2026-05-23T22:32:41.873181
TITLE_000038,Future-proofed zero tolerance synergy 2011,Documentary,Animation,Apple TV+,2011,4702,0,2026-05-23T22:32:41.873186
TITLE_000039,Configurable asynchronous framework 2016,Documentary,Action,Warner Bros,2016,2540,0,2026-05-23T22:32:41.873194
TITLE_000040,Seamless transitional implementation 2006,Documentary,Action,Warner Bros,2006,4896,0,2026-05-23T22:32:41.873200
TITLE_000041,Customer-focused discrete portal 1999,Movie,Animation,Warner Bros,1999,142,0,2026-05-23T22:32:41.873206
TITLE_000042,Reduced national capacity 1997,Documentary,Action,Sony,1997,3758,0,2026-05-23T22:32:41.873212
TITLE_000043,Networked actuating process improvement 2024,Special,Drama,Apple TV+,2024,1707,0,2026-05-23T22:32:41.873218
TITLE_000044,Focused analyzing hierarchy 1980,Documentary,Action,Warner Bros,1980,3688,0,2026-05-23T22:32:41.873224
TITLE_000045,Fundamental multi-tasking architecture 2005,Special,Comedy,Netflix Studios,2005,1336,0,2026-05-23T22:32:41.873230
TITLE_000046,Devolved eco-centric complexity 2017,TV Series,Comedy,Sony,2017,2782,8,2026-05-23T22:32:41.873236
TITLE_000047,Optional value-added migration 2013,Movie,Horror,Warner Bros,2013,96,0,2026-05-23T22:32:41.873242
TITLE_000048,Universal discrete open architecture 1992,Special,Comedy,Sony,1992,4765,0,2026-05-23T22:32:41.873248
TITLE_000049,Seamless 24/7 workforce 2007,Movie,Drama,Sony,2007,79,0,2026-05-23T22:32:41.873254
TITLE_000050,Networked real-time middleware 1988,TV Series,Action,Universal,1988,2549,1,2026-05-23T22:32:41.873260
TITLE_000051,Reactive 6thgeneration encoding 1986,Miniseries,Drama,Netflix Studios,1986,769,0,2026-05-23T22:32:41.873265
TITLE_000052,Public-key exuding analyzer 1983,Documentary,Romance,Apple TV+,1983,3802,0,2026-05-23T22:32:41.873270
TITLE_000053,Organized 24hour frame 1981,Movie,Drama,Sony,1981,169,0,2026-05-23T22:32:41.873292
TITLE_000054,Compatible coherent monitoring 2010,TV Series,Thriller,Sony,2010,5292,2,2026-05-23T22:32:41.873305
TITLE_000055,Switchable asymmetric orchestration 2005,TV Series,Thriller,Netflix Studios,2005,2896,3,2026-05-23T22:32:41.873315
TITLE_000056,Enhanced optimal matrices 1980,Special,Romance,Sony,1980,2085,0,2026-05-23T22:32:41.873322
TITLE_000057,Future-proofed composite toolset 2025,Documentary,Romance,Sony,2025,1276,0,2026-05-23T22:32:41.873327
TITLE_000058,Down-sized stable software 2003,TV Series,Drama,Universal,2003,5539,5,2026-05-23T22:32:41.873334
TITLE_000059,Ergonomic national focus group 1989,Documentary,Romance,Warner Bros,1989,3847,0,2026-05-23T22:32:41.873340
TITLE_000060,Face-to-face clear-thinking matrices 1987,TV Series,Horror,Sony,1987,2600,8,2026-05-23T22:32:41.873345
TITLE_000061,Distributed systemic collaboration 2005,Special,Comedy,Warner Bros,2005,2406,0,2026-05-23T22:32:41.873351
TITLE_000062,Face-to-face bottom-line initiative 1984,Special,Romance,Disney,1984,605,0,2026-05-23T22:32:41.873357
TITLE_000063,Progressive user-facing service-desk 2011,Miniseries,Drama,Universal,2011,2596,0,2026-05-23T22:32:41.873363
TITLE_000064,Focused multi-tasking leverage 1991,Movie,Comedy,Disney,1991,158,0,2026-05-23T22:32:41.873369
TITLE_000065,Compatible mobile instruction set 2012,TV Series,Sci-Fi,Paramount,2012,2186,7,2026-05-23T22:32:41.873376
TITLE_000066,Synchronized even-keeled software 1982,Miniseries,Drama,Apple TV+,1982,4622,0,2026-05-23T22:32:41.873381
TITLE_000067,Multi-lateral upward-trending strategy 2018,Movie,Animation,Netflix Studios,2018,177,0,2026-05-23T22:32:41.873387
TITLE_000068,Organized bandwidth-monitored encryption 2014,Movie,Animation,Sony,2014,97,0,2026-05-23T22:32:41.873393
TITLE_000069,Networked interactive solution 2022,Miniseries,Romance,Warner Bros,2022,1743,0,2026-05-23T22:32:41.873400
TITLE_000070,User-friendly systematic task-force 1980,Documentary,Action,Universal,1980,3188,0,2026-05-23T22:32:41.873408
TITLE_000071,Multi-layered fault-tolerant process improvement 2013,Documentary,Romance,Netflix Studios,2013,1027,0,2026-05-23T22:32:41.873413
TITLE_000072,Object-based coherent toolset 1990,Special,Action,Apple TV+,1990,2458,0,2026-05-23T22:32:41.873419
TITLE_000073,Reactive logistical hierarchy 2010,Movie,Sci-Fi,Paramount,2010,179,0,2026-05-23T22:32:41.873425
TITLE_000074,Automated real-time paradigm 2018,Documentary,Sci-Fi,Disney,2018,5311,0,2026-05-23T22:32:41.873431
TITLE_000075,Multi-tiered even-keeled standardization 2025,Movie,Romance,Apple TV+,2025,121,0,2026-05-23T22:32:41.873438
TITLE_000076,Customizable empowering projection 1997,Special,Animation,Apple TV+,1997,3916,0,2026-05-23T22:32:41.873445
TITLE_000077,Adaptive local frame 1983,TV Series,Sci-Fi,Disney,1983,3401,1,2026-05-23T22:32:41.873451
TITLE_000078,Optimized cohesive access 2019,Special,Sci-Fi,Paramount,2019,5979,0,2026-05-23T22:32:41.873457
TITLE_000079,Distributed transitional forecast 1997,TV Series,Animation,Disney,1997,4324,8,2026-05-23T22:32:41.873462
TITLE_000080,Reduced client-driven definition 1988,Documentary,Sci-Fi,Warner Bros,1988,1271,0,2026-05-23T22:32:41.873467
TITLE_000081,Right-sized multimedia data-warehouse 2006,Documentary,Animation,Apple TV+,2006,2643,0,2026-05-23T22:32:41.873473
TITLE_000082,Ergonomic uniform archive 2001,Documentary,Animation,Disney,2001,2895,0,2026-05-23T22:32:41.873478
TITLE_000083,Reactive holistic concept 1994,Movie,Romance,Paramount,1994,68,0,2026-05-23T22:32:41.873484
TITLE_000084,Streamlined content-based workforce 1996,Documentary,Comedy,Disney,1996,1416,0,2026-05-23T22:32:41.873490
TITLE_000085,Secured 3rdgeneration definition 2022,Movie,Drama,Warner Bros,2022,173,0,2026-05-23T22:32:41.873498
TITLE_000086,Centralized local service-desk 2011,Miniseries,Animation,Apple TV+,2011,5656,0,2026-05-23T22:32:41.873504
TITLE_000087,Virtual bandwidth-monitored complexity 2011,TV Series,Comedy,Disney,2011,1216,3,2026-05-23T22:32:41.873511
TITLE_000088,Reactive explicit help-desk 1990,TV Series,Horror,Apple TV+,1990,1068,6,2026-05-23T22:32:41.873517
TITLE_000089,Progressive tangible Local Area Network 1992,Documentary,Thriller,Disney,1992,3677,0,2026-05-23T22:32:41.873522
TITLE_000090,Horizontal system-worthy collaboration 2004,Special,Thriller,Warner Bros,2004,2363,0,2026-05-23T22:32:41.873528
TITLE_000091,Reverse-engineered regional encryption 2021,Documentary,Comedy,Paramount,2021,2995,0,2026-05-23T22:32:41.873535
TITLE_000092,Integrated zero-defect frame 1986,Special,Action,Paramount,1986,1126,0,2026-05-23T22:32:41.873541
TITLE_000093,Front-line high-level methodology 1997,TV Series,Action,Sony,1997,2535,3,2026-05-23T22:32:41.873548
TITLE_000094,Networked next generation migration 1985,TV Series,Action,Sony,1985,1528,8,2026-05-23T22:32:41.873556
TITLE_000095,Managed attitude-oriented benchmark 2013,Documentary,Sci-Fi,Apple TV+,2013,3177,0,2026-05-23T22:32:41.873562
TITLE_000096,Realigned transitional installation 1985,Movie,Comedy,Sony,1985,137,0,2026-05-23T22:32:41.873569
TITLE_000097,Adaptive maximized Graphical User Interface 1987,TV Series,Thriller,Apple TV+,1987,3359,7,2026-05-23T22:32:41.873575
TITLE_000098,Self-enabling impactful conglomeration 1984,Movie,Sci-Fi,Universal,1984,64,0,2026-05-23T22:32:41.873580
TITLE_000099,Public-key 3rdgeneration leverage 2015,Movie,Drama,Universal,2015,89,0,2026-05-23T22:32:41.873586
TITLE_000100,Managed 5thgeneration knowledgebase 1997,Miniseries,Action,Apple TV+,1997,3434,0,2026-05-23T22:32:41.873592
TITLE_000101,Phased stable synergy 2018,Miniseries,Action,Netflix Studios,2018,5389,0,2026-05-23T22:32:41.873597
TITLE_000102,Business-focused fresh-thinking workforce 1999,Documentary,Romance,Netflix Studios,1999,1442,0,2026-05-23T22:32:41.873604
TITLE_000103,Customer-focused object-oriented structure 1990,Special,Thriller,Apple TV+,1990,5895,0,2026-05-23T22:32:41.873609
TITLE_000104,Organic object-oriented system engine 2003,Documentary,Animation,Paramount,2003,5639,0,2026-05-23T22:32:41.873615
TITLE_000105,Configurable leadingedge utilization 1999,Documentary,Comedy,Universal,1999,3949,0,2026-05-23T22:32:41.873620
TITLE_000106,Decentralized analyzing protocol 2004,TV Series,Action,Netflix Studios,2004,2204,7,2026-05-23T22:32:41.873627
TITLE_000107,Ergonomic eco-centric strategy 2009,Documentary,Animation,Universal,2009,428,0,2026-05-23T22:32:41.873633
TITLE_000108,Inverse client-driven knowledge user 2003,Miniseries,Sci-Fi,Warner Bros,2003,3599,0,2026-05-23T22:32:41.873639
TITLE_000109,Versatile holistic array 1997,TV Series,Drama,Universal,1997,4856,4,2026-05-23T22:32:41.873644
TITLE_000110,Implemented reciprocal portal 1998,Movie,Romance,Warner Bros,1998,63,0,2026-05-23T22:32:41.873649
TITLE_000111,Optimized uniform frame 2011,TV Series,Horror,Warner Bros,2011,4736,4,2026-05-23T22:32:41.873657
TITLE_000112,Realigned content-based artificial intelligence 1983,Movie,Comedy,Warner Bros,1983,131,0,2026-05-23T22:32:41.873663
TITLE_000113,Re-engineered human-resource neural-net 2016,Special,Action,Warner Bros,2016,2127,0,2026-05-23T22:32:41.873669
TITLE_000114,Organized non-volatile archive 2000,Documentary,Romance,Paramount,2000,3844,0,2026-05-23T22:32:41.873677
TITLE_000115,Centralized web-enabled forecast 2023,Documentary,Action,Sony,2023,3300,0,2026-05-23T22:32:41.873684
TITLE_000116,Visionary empowering customer loyalty 2023,Special,Sci-Fi,Sony,2023,2287,0,2026-05-23T22:32:41.873691
TITLE_000117,Organic bifurcated infrastructure 1984,Movie,Drama,Apple TV+,1984,147,0,2026-05-23T22:32:41.873698
TITLE_000118,Reduced optimizing artificial intelligence 2018,Special,Romance,Paramount,2018,816,0,2026-05-23T22:32:41.873704
TITLE_000119,Adaptive 24/7 moderator 1991,Miniseries,Sci-Fi,Paramount,1991,2898,0,2026-05-23T22:32:41.873710
TITLE_000120,Re-engineered 5thgeneration Graphic Interface 2010,Special,Drama,Apple TV+,2010,1939,0,2026-05-23T22:32:41.873716
TITLE_000121,Stand-alone modular ability 2003,Documentary,Animation,Apple TV+,2003,3483,0,2026-05-23T22:32:41.873722
TITLE_000122,Multi-channeled stable function 2025,Special,Romance,Universal,2025,5592,0,2026-05-23T22:32:41.873727
TITLE_000123,Future-proofed bandwidth-monitored capability 2017,Miniseries,Action,Netflix Studios,2017,5273,0,2026-05-23T22:32:41.873733
TITLE_000124,Organic full-range flexibility 2016,Miniseries,Romance,Disney,2016,789,0,2026-05-23T22:32:41.873739
TITLE_000125,Grass-roots attitude-oriented definition 2018,Special,Comedy,Sony,2018,3190,0,2026-05-23T22:32:41.873746
TITLE_000126,Extended fresh-thinking encryption 2011,Movie,Drama,Netflix Studios,2011,151,0,2026-05-23T22:32:41.873752
TITLE_000127,Multi-tiered zero-defect system engine 2001,Special,Comedy,Apple TV+,2001,4795,0,2026-05-23T22:32:41.873758
TITLE_000128,Proactive 4thgeneration task-force 2005,Movie,Horror,Apple TV+,2005,90,0,2026-05-23T22:32:41.873765
TITLE_000129,Public-key incremental Graphic Interface 1987,Movie,Sci-Fi,Warner Bros,1987,143,0,2026-05-23T22:32:41.873771
TITLE_000130,Persistent full-range system engine 1985,Miniseries,Horror,Netflix Studios,1985,5794,0,2026-05-23T22:32:41.873777
TITLE_000131,Cross-group contextually-based pricing structure 2007,Movie,Action,Universal,2007,89,0,2026-05-23T22:32:41.873783
TITLE_000132,User-friendly static algorithm 1995,Documentary,Animation,Warner Bros,1995,967,0,2026-05-23T22:32:41.873789
TITLE_000133,Open-source multi-tasking archive 1998,Miniseries,Action,Netflix Studios,1998,1055,0,2026-05-23T22:32:41.873796
TITLE_000134,Function-based optimal groupware 1991,Documentary,Romance,Universal,1991,3919,0,2026-05-23T22:32:41.873803
TITLE_000135,Multi-layered mobile productivity 2016,Special,Romance,Sony,2016,993,0,2026-05-23T22:32:41.873810
TITLE_000136,Profit-focused asynchronous time-frame 1994,Movie,Animation,Warner Bros,1994,62,0,2026-05-23T22:32:41.873815
TITLE_000137,Face-to-face static Internet solution 1989,Special,Horror,Sony,1989,4602,0,2026-05-23T22:32:41.873822
TITLE_000138,Ergonomic fault-tolerant structure 1982,Movie,Romance,Universal,1982,161,0,2026-05-23T22:32:41.873828
TITLE_000139,Centralized context-sensitive customer loyalty 1998,Miniseries,Romance,Netflix Studios,1998,2860,0,2026-05-23T22:32:41.873834
TITLE_000140,Realigned executive interface 2011,Documentary,Romance,Paramount,2011,3919,0,2026-05-23T22:32:41.873841
TITLE_000141,Progressive client-driven array 2015,Miniseries,Animation,Sony,2015,3161,0,2026-05-23T22:32:41.873847
TITLE_000142,Integrated explicit capability 1983,Movie,Drama,Netflix Studios,1983,52,0,2026-05-23T22:32:41.873853
TITLE_000143,Expanded grid-enabled alliance 2017,Special,Thriller,Paramount,2017,1253,0,2026-05-23T22:32:41.873858
TITLE_000144,Universal motivating info-mediaries 2002,Documentary,Thriller,Disney,2002,5275,0,2026-05-23T22:32:41.873864
TITLE_000145,Object-based secondary website 1995,TV Series,Drama,Paramount,1995,1447,3,2026-05-23T22:32:41.873869
TITLE_000146,Inverse composite secured line 1989,Movie,Romance,Warner Bros,1989,96,0,2026-05-23T22:32:41.873875
TITLE_000147,Enterprise-wide 24/7 attitude 1994,TV Series,Thriller,Sony,1994,1596,7,2026-05-23T22:32:41.873881
TITLE_000148,Proactive zero tolerance initiative 1985,TV Series,Comedy,Sony,1985,5912,5,2026-05-23T22:32:41.873889
TITLE_000149,Networked grid-enabled middleware 2025,Special,Horror,Paramount,2025,5164,0,2026-05-23T22:32:41.873896
TITLE_000150,Function-based systemic extranet 1999,TV Series,Drama,Netflix Studios,1999,1533,1,2026-05-23T22:32:41.873903
TITLE_000151,Triple-buffered secondary project 1992,Special,Romance,Universal,1992,4698,0,2026-05-23T22:32:41.873919
TITLE_000152,Integrated bi-directional function 1989,Miniseries,Thriller,Sony,1989,3393,0,2026-05-23T22:32:41.873929
TITLE_000153,Re-contextualized analyzing concept 1983,Special,Sci-Fi,Universal,1983,4114,0,2026-05-23T22:32:41.873937
TITLE_000154,Digitized encompassing toolset 2025,TV Series,Sci-Fi,Warner Bros,2025,2361,4,2026-05-23T22:32:41.873944
TITLE_000155,Focused solution-oriented knowledgebase 2020,Miniseries,Comedy,Netflix Studios,2020,3984,0,2026-05-23T22:32:41.873951
TITLE_000156,Public-key optimizing frame 1984,TV Series,Drama,Netflix Studios,1984,2620,5,2026-05-23T22:32:41.873957
TITLE_000157,Business-focused mobile benchmark 2023,TV Series,Animation,Sony,2023,581,6,2026-05-23T22:32:41.873964
TITLE_000158,Multi-layered stable moderator 2006,Miniseries,Horror,Warner Bros,2006,1920,0,2026-05-23T22:32:41.873969
TITLE_000159,Robust global complexity 1989,Documentary,Sci-Fi,Apple TV+,1989,1518,0,2026-05-23T22:32:41.873976
TITLE_000160,Cross-group analyzing toolset 2000,Documentary,Horror,Disney,2000,3491,0,2026-05-23T22:32:41.873982
TITLE_000161,Optimized mission-critical capacity 2017,Special,Action,Universal,2017,4228,0,2026-05-23T22:32:41.873988
TITLE_000162,Implemented regional framework 2024,Documentary,Horror,Universal,2024,1477,0,2026-05-23T22:32:41.873996
TITLE_000163,Switchable zero tolerance infrastructure 2006,TV Series,Sci-Fi,Apple TV+,2006,1387,8,2026-05-23T22:32:41.874002
TITLE_000164,Inverse client-server Graphical User Interface 2000,Documentary,Drama,Apple TV+,2000,1730,0,2026-05-23T22:32:41.874007
TITLE_000165,Organized encompassing installation 1989,Miniseries,Romance,Netflix Studios,1989,4616,0,2026-05-23T22:32:41.874013
TITLE_000166,Inverse intangible hierarchy 1997,Miniseries,Thriller,Disney,1997,3516,0,2026-05-23T22:32:41.874019
TITLE_000167,Secured client-server application 2014,TV Series,Horror,Universal,2014,2406,4,2026-05-23T22:32:41.874026
TITLE_000168,Synchronized client-driven toolset 2008,Miniseries,Romance,Warner Bros,2008,2616,0,2026-05-23T22:32:41.874032
TITLE_000169,Self-enabling regional productivity 2002,TV Series,Comedy,Universal,2002,2020,3,2026-05-23T22:32:41.874038
TITLE_000170,Multi-lateral next generation knowledge user 2005,Documentary,Romance,Sony,2005,4489,0,2026-05-23T22:32:41.874043
TITLE_000171,Team-oriented background parallelism 2012,Special,Drama,Apple TV+,2012,663,0,2026-05-23T22:32:41.874049
TITLE_000172,Configurable client-driven service-desk 1984,Movie,Thriller,Warner Bros,1984,80,0,2026-05-23T22:32:41.874057
TITLE_000173,Profound well-modulated instruction set 2018,Special,Horror,Universal,2018,641,0,2026-05-23T22:32:41.874063
TITLE_000174,Mandatory discrete task-force 1992,TV Series,Thriller,Netflix Studios,1992,1788,6,2026-05-23T22:32:41.874069
TITLE_000175,User-friendly background conglomeration 2003,Miniseries,Sci-Fi,Apple TV+,2003,2030,0,2026-05-23T22:32:41.874076
TITLE_000176,Customer-focused 24hour workforce 2025,Documentary,Horror,Warner Bros,2025,5145,0,2026-05-23T22:32:41.874082
TITLE_000177,Organic 3rdgeneration focus group 2011,Movie,Sci-Fi,Sony,2011,127,0,2026-05-23T22:32:41.874088
TITLE_000178,Fundamental user-facing middleware 1988,Documentary,Sci-Fi,Sony,1988,1064,0,2026-05-23T22:32:41.874094
TITLE_000179,Enhanced contextually-based algorithm 2018,Miniseries,Animation,Disney,2018,2249,0,2026-05-23T22:32:41.874100
TITLE_000180,Reverse-engineered mission-critical focus group 1995,Miniseries,Horror,Paramount,1995,1254,0,2026-05-23T22:32:41.874108
TITLE_000181,Polarized human-resource process improvement 1987,TV Series,Sci-Fi,Disney,1987,2316,5,2026-05-23T22:32:41.874114
TITLE_000182,Universal leadingedge productivity 2013,TV Series,Action,Universal,2013,4793,8,2026-05-23T22:32:41.874121
TITLE_000183,Profound leadingedge leverage 2022,Special,Comedy,Netflix Studios,2022,4569,0,2026-05-23T22:32:41.874127
TITLE_000184,Optional heuristic project 1996,Documentary,Sci-Fi,Paramount,1996,5430,0,2026-05-23T22:32:41.874133
TITLE_000185,Focused optimal moratorium 1981,Documentary,Sci-Fi,Netflix Studios,1981,2551,0,2026-05-23T22:32:41.874139
TITLE_000186,Cloned responsive hub 2024,Documentary,Horror,Netflix Studios,2024,498,0,2026-05-23T22:32:41.874145
TITLE_000187,Triple-buffered background moratorium 2007,TV Series,Action,Netflix Studios,2007,354,3,2026-05-23T22:32:41.874152
TITLE_000188,Exclusive tangible Internet solution 1996,Movie,Romance,Sony,1996,108,0,2026-05-23T22:32:41.874158
TITLE_000189,Balanced maximized product 1994,TV Series,Sci-Fi,Universal,1994,4937,7,2026-05-23T22:32:41.874164
TITLE_000190,Future-proofed logistical help-desk 1993,Special,Drama,Paramount,1993,4371,0,2026-05-23T22:32:41.874170
TITLE_000191,Versatile zero-defect contingency 2004,Movie,Animation,Disney,2004,163,0,2026-05-23T22:32:41.874176
TITLE_000192,Synergized methodical solution 2008,TV Series,Romance,Sony,2008,4609,8,2026-05-23T22:32:41.874184
TITLE_000193,Implemented multi-state frame 1984,Special,Action,Sony,1984,553,0,2026-05-23T22:32:41.874191
TITLE_000194,Front-line interactive database 1989,Documentary,Animation,Apple TV+,1989,3923,0,2026-05-23T22:32:41.874196
TITLE_000195,Function-based directional flexibility 1985,Special,Drama,Netflix Studios,1985,2574,0,2026-05-23T22:32:41.874203
TITLE_000196,Streamlined regional open architecture 2021,Special,Action,Netflix Studios,2021,5531,0,2026-05-23T22:32:41.874209
TITLE_000197,Virtual dynamic instruction set 2022,TV Series,Comedy,Netflix Studios,2022,1680,5,2026-05-23T22:32:41.874215
TITLE_000198,Future-proofed neutral neural-net 1989,Miniseries,Comedy,Disney,1989,1651,0,2026-05-23T22:32:41.874221
TITLE_000199,Synchronized optimizing solution 2021,TV Series,Sci-Fi,Universal,2021,1386,8,2026-05-23T22:32:41.874227
TITLE_000200,Integrated didactic open architecture 2007,Miniseries,Comedy,Universal,2007,5667,0,2026-05-23T22:32:41.874234
TITLE_000201,Robust empowering task-force 1987,Special,Comedy,Sony,1987,1550,0,2026-05-23T22:32:41.874240
TITLE_000202,Persistent intangible alliance 2003,Special,Comedy,Apple TV+,2003,3887,0,2026-05-23T22:32:41.874247
TITLE_000203,Multi-lateral methodical task-force 2016,Special,Drama,Paramount,2016,1754,0,2026-05-23T22:32:41.874252
TITLE_000204,Profound 4thgeneration success 2006,Movie,Horror,Universal,2006,149,0,2026-05-23T22:32:41.874258
TITLE_000205,Managed responsive neural-net 1983,TV Series,Sci-Fi,Netflix Studios,1983,4413,1,2026-05-23T22:32:41.874264
TITLE_000206,Pre-emptive maximized conglomeration 1997,Movie,Romance,Warner Bros,1997,126,0,2026-05-23T22:32:41.874269
TITLE_000207,Operative optimizing adapter 2014,Miniseries,Horror,Apple TV+,2014,1565,0,2026-05-23T22:32:41.874275
TITLE_000208,Advanced exuding focus group 2012,Documentary,Thriller,Netflix Studios,2012,4295,0,2026-05-23T22:32:41.874281
TITLE_000209,Upgradable disintermediate implementation 2005,Miniseries,Romance,Warner Bros,2005,2711,0,2026-05-23T22:32:41.874289
TITLE_000210,User-centric value-added leverage 2014,Miniseries,Action,Apple TV+,2014,392,0,2026-05-23T22:32:41.874295
TITLE_000211,Enhanced intermediate workforce 2015,Special,Action,Paramount,2015,495,0,2026-05-23T22:32:41.874303
TITLE_000212,Customer-focused fresh-thinking capacity 2021,TV Series,Drama,Netflix Studios,2021,5865,2,2026-05-23T22:32:41.874311
TITLE_000213,Organic didactic capability 2002,Movie,Thriller,Paramount,2002,166,0,2026-05-23T22:32:41.874318
TITLE_000214,Right-sized systematic forecast 2016,Special,Animation,Disney,2016,4700,0,2026-05-23T22:32:41.874325
TITLE_000215,Expanded homogeneous project 2018,TV Series,Sci-Fi,Sony,2018,708,2,2026-05-23T22:32:41.874331
TITLE_000216,Decentralized national challenge 1989,Special,Animation,Warner Bros,1989,5084,0,2026-05-23T22:32:41.874337
TITLE_000217,Realigned stable workforce 2021,TV Series,Sci-Fi,Apple TV+,2021,1041,1,2026-05-23T22:32:41.874342
TITLE_000218,Sharable reciprocal migration 2016,Movie,Sci-Fi,Sony,2016,144,0,2026-05-23T22:32:41.874349
TITLE_000219,Devolved stable product 1995,Documentary,Animation,Disney,1995,4685,0,2026-05-23T22:32:41.874355
TITLE_000220,Visionary high-level software 1984,Documentary,Romance,Disney,1984,4271,0,2026-05-23T22:32:41.874361
TITLE_000221,Open-architected zero administration alliance 2012,Special,Sci-Fi,Disney,2012,2496,0,2026-05-23T22:32:41.874367
TITLE_000222,Robust next generation ability 2002,TV Series,Thriller,Disney,2002,1202,5,2026-05-23T22:32:41.874373
TITLE_000223,Diverse systematic encoding 2003,Miniseries,Thriller,Disney,2003,4852,0,2026-05-23T22:32:41.874379
TITLE_000224,Grass-roots intermediate superstructure 1983,TV Series,Comedy,Netflix Studios,1983,4720,7,2026-05-23T22:32:41.874387
TITLE_000225,Stand-alone secondary intranet 2007,TV Series,Thriller,Netflix Studios,2007,4012,8,2026-05-23T22:32:41.874394
TITLE_000226,Seamless radical info-mediaries 2009,Movie,Animation,Netflix Studios,2009,45,0,2026-05-23T22:32:41.874400
TITLE_000227,Face-to-face logistical frame 1994,Special,Drama,Universal,1994,3681,0,2026-05-23T22:32:41.874406
TITLE_000228,Centralized regional productivity 1988,Movie,Sci-Fi,Netflix Studios,1988,171,0,2026-05-23T22:32:41.874413
TITLE_000229,Robust 24hour strategy 2013,Documentary,Thriller,Apple TV+,2013,2946,0,2026-05-23T22:32:41.874419
TITLE_000230,Organic local customer loyalty 1989,Documentary,Thriller,Apple TV+,1989,3639,0,2026-05-23T22:32:41.874425
TITLE_000231,Upgradable scalable Graphical User Interface 1985,TV Series,Action,Paramount,1985,5066,3,2026-05-23T22:32:41.874433
TITLE_000232,Reverse-engineered composite data-warehouse 1987,Movie,Animation,Universal,1987,86,0,2026-05-23T22:32:41.874440
TITLE_000233,Streamlined actuating leverage 1997,Documentary,Comedy,Apple TV+,1997,4818,0,2026-05-23T22:32:41.874447
TITLE_000234,Synergistic demand-driven conglomeration 2001,TV Series,Animation,Sony,2001,3020,6,2026-05-23T22:32:41.874454
TITLE_000235,Compatible stable middleware 2012,Documentary,Romance,Netflix Studios,2012,4573,0,2026-05-23T22:32:41.874460
TITLE_000236,Assimilated uniform archive 1980,TV Series,Romance,Disney,1980,5774,5,2026-05-23T22:32:41.874466
TITLE_000237,Open-architected upward-trending project 2018,Movie,Animation,Universal,2018,65,0,2026-05-23T22:32:41.874473
TITLE_000238,Multi-channeled object-oriented synergy 2006,Miniseries,Drama,Apple TV+,2006,4125,0,2026-05-23T22:32:41.874479
TITLE_000239,Profit-focused zero tolerance functionalities 2014,Movie,Comedy,Sony,2014,106,0,2026-05-23T22:32:41.874485
TITLE_000240,Vision-oriented holistic installation 1993,Movie,Action,Netflix Studios,1993,73,0,2026-05-23T22:32:41.874491
TITLE_000241,Secured multi-tasking success 1998,Documentary,Horror,Apple TV+,1998,2478,0,2026-05-23T22:32:41.874497
TITLE_000242,User-friendly dynamic capability 1996,Miniseries,Comedy,Universal,1996,714,0,2026-05-23T22:32:41.874503
TITLE_000243,Networked grid-enabled strategy 2004,Miniseries,Romance,Paramount,2004,2966,0,2026-05-23T22:32:41.874509
TITLE_000244,Re-contextualized modular time-frame 2016,Documentary,Drama,Disney,2016,607,0,2026-05-23T22:32:41.874517
TITLE_000245,Compatible needs-based firmware 2002,TV Series,Horror,Universal,2002,1168,3,2026-05-23T22:32:41.874523
TITLE_000246,Ergonomic needs-based encoding 1989,Movie,Action,Sony,1989,180,0,2026-05-23T22:32:41.874530
TITLE_000247,Enhanced client-driven knowledgebase 2017,Miniseries,Action,Sony,2017,656,0,2026-05-23T22:32:41.874536
TITLE_000248,Innovative human-resource circuit 2022,TV Series,Action,Warner Bros,2022,1993,2,2026-05-23T22:32:41.874542
TITLE_000249,Progressive mission-critical benchmark 2012,TV Series,Horror,Paramount,2012,1847,5,2026-05-23T22:32:41.874549
TITLE_000250,Decentralized mobile parallelism 1990,Special,Action,Apple TV+,1990,5598,0,2026-05-23T22:32:41.874557
TITLE_000251,Front-line incremental Graphical User Interface 2012,Movie,Drama,Paramount,2012,97,0,2026-05-23T22:32:41.874564
TITLE_000252,Team-oriented national frame 2019,Documentary,Animation,Paramount,2019,3307,0,2026-05-23T22:32:41.874569
TITLE_000253,Monitored client-server matrix 1980,TV Series,Animation,Apple TV+,1980,3862,1,2026-05-23T22:32:41.874575
TITLE_000254,Exclusive didactic methodology 2006,Special,Horror,Apple TV+,2006,1257,0,2026-05-23T22:32:41.874581
TITLE_000255,Distributed mission-critical portal 2001,TV Series,Horror,Paramount,2001,642,2,2026-05-23T22:32:41.874587
TITLE_000256,Ameliorated explicit moratorium 1984,Special,Horror,Universal,1984,760,0,2026-05-23T22:32:41.874595
TITLE_000257,Re-engineered modular standardization 1990,Special,Action,Sony,1990,3537,0,2026-05-23T22:32:41.874603
TITLE_000258,Focused bandwidth-monitored Internet solution 2020,Miniseries,Thriller,Warner Bros,2020,3993,0,2026-05-23T22:32:41.874609
TITLE_000259,Extended dedicated emulation 2010,Movie,Drama,Paramount,2010,70,0,2026-05-23T22:32:41.874615
TITLE_000260,Implemented 4thgeneration software 1991,Movie,Animation,Warner Bros,1991,67,0,2026-05-23T22:32:41.874623
TITLE_000261,Customer-focused cohesive architecture 2009,Movie,Sci-Fi,Universal,2009,162,0,2026-05-23T22:32:41.874629
TITLE_000262,Diverse system-worthy leverage 1983,Movie,Animation,Warner Bros,1983,165,0,2026-05-23T22:32:41.874634
TITLE_000263,Pre-emptive zero administration capacity 2004,Documentary,Action,Universal,2004,5070,0,2026-05-23T22:32:41.874640
TITLE_000264,Robust system-worthy array 1980,Movie,Comedy,Apple TV+,1980,122,0,2026-05-23T22:32:41.874646
TITLE_000265,Open-architected multimedia installation 1990,Miniseries,Animation,Warner Bros,1990,4960,0,2026-05-23T22:32:41.874651
TITLE_000266,Distributed grid-enabled pricing structure 1983,TV Series,Sci-Fi,Universal,1983,3592,1,2026-05-23T22:32:41.874657
TITLE_000267,Profit-focused solution-oriented structure 1998,Documentary,Horror,Sony,1998,5872,0,2026-05-23T22:32:41.874663
TITLE_000268,Universal high-level capacity 1993,TV Series,Thriller,Sony,1993,4621,2,2026-05-23T22:32:41.874669
TITLE_000269,Integrated tertiary paradigm 1992,Special,Animation,Paramount,1992,4618,0,2026-05-23T22:32:41.874675
TITLE_000270,Open-architected local parallelism 2001,Miniseries,Animation,Netflix Studios,2001,1032,0,2026-05-23T22:32:41.874682
TITLE_000271,Proactive clear-thinking installation 2015,Movie,Drama,Paramount,2015,102,0,2026-05-23T22:32:41.874689
TITLE_000272,Optimized static instruction set 2006,Documentary,Romance,Warner Bros,2006,1200,0,2026-05-23T22:32:41.874695
TITLE_000273,Grass-roots 5thgeneration installation 2022,Special,Animation,Universal,2022,5644,0,2026-05-23T22:32:41.874702
TITLE_000274,Monitored incremental instruction set 2010,Movie,Comedy,Disney,2010,159,0,2026-05-23T22:32:41.874708
TITLE_000275,Devolved responsive migration 2000,TV Series,Drama,Sony,2000,602,7,2026-05-23T22:32:41.874714
TITLE_000276,Fundamental global time-frame 2025,Miniseries,Animation,Apple TV+,2025,5745,0,2026-05-23T22:32:41.874722
TITLE_000277,Front-line encompassing help-desk 1999,Documentary,Action,Warner Bros,1999,3152,0,2026-05-23T22:32:41.874729
TITLE_000278,Robust composite interface 2008,Documentary,Comedy,Universal,2008,4782,0,2026-05-23T22:32:41.874736
TITLE_000279,Optimized asymmetric protocol 2022,Movie,Comedy,Warner Bros,2022,99,0,2026-05-23T22:32:41.874742
TITLE_000280,Front-line actuating alliance 1987,Documentary,Thriller,Sony,1987,3249,0,2026-05-23T22:32:41.874748
TITLE_000281,Adaptive high-level benchmark 2019,Special,Animation,Sony,2019,3008,0,2026-05-23T22:32:41.874753
TITLE_000282,Phased background monitoring 2010,Special,Action,Netflix Studios,2010,4413,0,2026-05-23T22:32:41.874759
TITLE_000283,Face-to-face foreground neural-net 2003,Special,Sci-Fi,Disney,2003,3588,0,2026-05-23T22:32:41.874765
TITLE_000284,Polarized user-facing budgetary management 1984,Special,Sci-Fi,Paramount,1984,5179,0,2026-05-23T22:32:41.874771
TITLE_000285,Exclusive executive migration 1986,TV Series,Drama,Paramount,1986,3579,3,2026-05-23T22:32:41.875535
TITLE_000286,De-engineered encompassing policy 2005,TV Series,Thriller,Netflix Studios,2005,2910,2,2026-05-23T22:32:41.875555
TITLE_000287,Distributed radical website 1992,Movie,Thriller,Apple TV+,1992,125,0,2026-05-23T22:32:41.875562
TITLE_000288,Reduced zero tolerance Graphical User Interface 1990,Movie,Comedy,Disney,1990,116,0,2026-05-23T22:32:41.875568
TITLE_000289,Re-contextualized secondary Graphic Interface 1991,Special,Sci-Fi,Universal,1991,5477,0,2026-05-23T22:32:41.875581
TITLE_000290,Compatible responsive toolset 2023,Documentary,Animation,Universal,2023,5220,0,2026-05-23T22:32:41.875588
TITLE_000291,Multi-tiered 24/7 forecast 2001,Documentary,Action,Sony,2001,586,0,2026-05-23T22:32:41.875594
TITLE_000292,Grass-roots user-facing solution 1993,Miniseries,Animation,Universal,1993,5258,0,2026-05-23T22:32:41.875600
TITLE_000293,Secured directional projection 2000,Special,Animation,Warner Bros,2000,3401,0,2026-05-23T22:32:41.875605
TITLE_000294,Compatible directional frame 2003,TV Series,Comedy,Netflix Studios,2003,3642,7,2026-05-23T22:32:41.875612
TITLE_000295,Multi-tiered zero tolerance monitoring 1997,Special,Animation,Netflix Studios,1997,2121,0,2026-05-23T22:32:41.875618
TITLE_000296,Synergistic motivating monitoring 1993,Miniseries,Sci-Fi,Sony,1993,5822,0,2026-05-23T22:32:41.875624
TITLE_000297,Vision-oriented explicit analyzer 1994,Special,Drama,Sony,1994,3039,0,2026-05-23T22:32:41.875630
TITLE_000298,Decentralized asymmetric hierarchy 2014,TV Series,Thriller,Netflix Studios,2014,2302,8,2026-05-23T22:32:41.875637
TITLE_000299,Vision-oriented modular capacity 1995,Special,Thriller,Netflix Studios,1995,1017,0,2026-05-23T22:32:41.875643
TITLE_000300,Multi-tiered grid-enabled infrastructure 1993,Miniseries,Drama,Sony,1993,3786,0,2026-05-23T22:32:41.875649
TITLE_000301,Multi-tiered cohesive utilization 2017,Miniseries,Horror,Netflix Studios,2017,5396,0,2026-05-23T22:32:41.875654
TITLE_000302,Decentralized 6thgeneration workforce 1998,Special,Animation,Apple TV+,1998,681,0,2026-05-23T22:32:41.875659
TITLE_000303,Re-contextualized contextually-based benchmark 2016,Special,Comedy,Disney,2016,488,0,2026-05-23T22:32:41.875665
TITLE_000304,Fully-configurable dynamic attitude 2019,Movie,Action,Disney,2019,144,0,2026-05-23T22:32:41.875671
TITLE_000305,Profound 6thgeneration interface 1980,Documentary,Action,Universal,1980,2670,0,2026-05-23T22:32:41.875677
TITLE_000306,Team-oriented motivating open architecture 1990,Special,Drama,Disney,1990,3986,0,2026-05-23T22:32:41.875685
TITLE_000307,Object-based systemic conglomeration 1986,Special,Action,Warner Bros,1986,2570,0,2026-05-23T22:32:41.875691
TITLE_000308,Reduced hybrid database 2025,TV Series,Action,Apple TV+,2025,545,1,2026-05-23T22:32:41.875699
TITLE_000309,Configurable bandwidth-monitored framework 1990,Documentary,Drama,Paramount,1990,3466,0,2026-05-23T22:32:41.875706
TITLE_000310,Expanded cohesive concept 1987,Miniseries,Horror,Disney,1987,1024,0,2026-05-23T22:32:41.875713
TITLE_000311,Enterprise-wide client-driven intranet 2000,Special,Action,Universal,2000,3985,0,2026-05-23T22:32:41.875718
TITLE_000312,Up-sized transitional system engine 1994,Special,Action,Apple TV+,1994,3301,0,2026-05-23T22:32:41.875724
TITLE_000313,Front-line secondary analyzer 2009,Miniseries,Action,Paramount,2009,2281,0,2026-05-23T22:32:41.875730
TITLE_000314,Face-to-face optimal task-force 1990,TV Series,Animation,Sony,1990,1479,7,2026-05-23T22:32:41.875736
TITLE_000315,Persistent 6thgeneration toolset 1989,Documentary,Horror,Disney,1989,2783,0,2026-05-23T22:32:41.875741
TITLE_000316,Phased logistical budgetary management 1998,Special,Action,Sony,1998,5068,0,2026-05-23T22:32:41.875756
TITLE_000317,Re-contextualized upward-trending contingency 2013,TV Series,Sci-Fi,Sony,2013,5363,3,2026-05-23T22:32:41.875762
TITLE_000318,Self-enabling systematic framework 1987,Movie,Comedy,Paramount,1987,155,0,2026-05-23T22:32:41.875768
TITLE_000319,Total eco-centric contingency 1996,Documentary,Romance,Netflix Studios,1996,2096,0,2026-05-23T22:32:41.875775
TITLE_000320,Right-sized fresh-thinking analyzer 2025,Movie,Comedy,Universal,2025,67,0,2026-05-23T22:32:41.875782
TITLE_000321,Diverse bi-directional product 1989,Miniseries,Drama,Netflix Studios,1989,2412,0,2026-05-23T22:32:41.875788
TITLE_000322,Implemented neutral orchestration 2003,Miniseries,Action,Sony,2003,2877,0,2026-05-23T22:32:41.875794
TITLE_000323,Pre-emptive even-keeled task-force 1983,Documentary,Thriller,Disney,1983,3734,0,2026-05-23T22:32:41.875801
TITLE_000324,Enterprise-wide dynamic focus group 2001,Documentary,Action,Netflix Studios,2001,4046,0,2026-05-23T22:32:41.875807
TITLE_000325,Fundamental cohesive throughput 1985,Special,Drama,Sony,1985,852,0,2026-05-23T22:32:41.875813
TITLE_000326,Team-oriented content-based knowledgebase 2024,Movie,Action,Universal,2024,85,0,2026-05-23T22:32:41.875819
TITLE_000327,Multi-lateral 24/7 approach 2013,Special,Drama,Disney,2013,1483,0,2026-05-23T22:32:41.875825
TITLE_000328,Networked 3rdgeneration artificial intelligence 2009,Movie,Comedy,Universal,2009,84,0,2026-05-23T22:32:41.875832
TITLE_000329,Vision-oriented stable installation 2013,Documentary,Comedy,Apple TV+,2013,4654,0,2026-05-23T22:32:41.875838
TITLE_000330,Programmable dedicated Local Area Network 2025,Documentary,Romance,Paramount,2025,324,0,2026-05-23T22:32:41.875843
TITLE_000331,Innovative well-modulated application 1990,Miniseries,Action,Disney,1990,3038,0,2026-05-23T22:32:41.875849
TITLE_000332,Adaptive intermediate encoding 2008,Special,Drama,Warner Bros,2008,3855,0,2026-05-23T22:32:41.875856
TITLE_000333,Customizable systematic initiative 2008,Special,Drama,Netflix Studios,2008,609,0,2026-05-23T22:32:41.875862
TITLE_000334,Operative optimizing portal 2009,Special,Romance,Warner Bros,2009,2541,0,2026-05-23T22:32:41.875868
TITLE_000335,Cross-platform intangible success 1988,Special,Comedy,Apple TV+,1988,3349,0,2026-05-23T22:32:41.875874
TITLE_000336,Persistent stable Graphic Interface 2016,Miniseries,Animation,Disney,2016,5024,0,2026-05-23T22:32:41.875880
TITLE_000337,Integrated next generation monitoring 2000,Special,Sci-Fi,Universal,2000,5931,0,2026-05-23T22:32:41.875887
TITLE_000338,Reactive tangible process improvement 2017,Documentary,Action,Universal,2017,4075,0,2026-05-23T22:32:41.875892
TITLE_000339,Function-based bandwidth-monitored standardization 1993,TV Series,Horror,Paramount,1993,1897,6,2026-05-23T22:32:41.875899
TITLE_000340,Automated eco-centric standardization 2004,Movie,Comedy,Disney,2004,176,0,2026-05-23T22:32:41.875907
TITLE_000341,Multi-channeled impactful frame 2011,TV Series,Animation,Netflix Studios,2011,372,2,2026-05-23T22:32:41.875914
TITLE_000342,Total systemic budgetary management 2001,Miniseries,Action,Apple TV+,2001,3268,0,2026-05-23T22:32:41.875920
TITLE_000343,Phased empowering encoding 2015,Miniseries,Horror,Sony,2015,5714,0,2026-05-23T22:32:41.875926
TITLE_000344,Optimized cohesive project 2023,Special,Sci-Fi,Disney,2023,1932,0,2026-05-23T22:32:41.875932
TITLE_000345,Profit-focused tangible infrastructure 2018,Miniseries,Thriller,Warner Bros,2018,1353,0,2026-05-23T22:32:41.875956
TITLE_000346,Centralized user-facing open architecture 2005,Special,Animation,Disney,2005,1442,0,2026-05-23T22:32:41.875962
TITLE_000347,Enterprise-wide client-driven installation 1995,Documentary,Thriller,Apple TV+,1995,5880,0,2026-05-23T22:32:41.875969
TITLE_000348,User-centric contextually-based encoding 1986,Special,Animation,Universal,1986,5250,0,2026-05-23T22:32:41.875976
TITLE_000349,Multi-lateral user-facing parallelism 1984,Movie,Action,Netflix Studios,1984,48,0,2026-05-23T22:32:41.875983
TITLE_000350,Exclusive solution-oriented structure 2001,Documentary,Horror,Universal,2001,1242,0,2026-05-23T22:32:41.875989
TITLE_000351,Secured homogeneous conglomeration 1997,TV Series,Comedy,Netflix Studios,1997,4345,5,2026-05-23T22:32:41.875995
TITLE_000352,Open-source bandwidth-monitored secured line 2011,Documentary,Horror,Sony,2011,1602,0,2026-05-23T22:32:41.876003
TITLE_000353,Re-engineered fault-tolerant core 2016,TV Series,Comedy,Warner Bros,2016,2907,2,2026-05-23T22:32:41.876010
TITLE_000354,Multi-layered stable projection 1990,TV Series,Sci-Fi,Sony,1990,1407,4,2026-05-23T22:32:41.876016
TITLE_000355,Right-sized dedicated core 1980,Movie,Thriller,Universal,1980,82,0,2026-05-23T22:32:41.876022
TITLE_000356,Configurable discrete hardware 2015,Movie,Thriller,Universal,2015,114,0,2026-05-23T22:32:41.876027
TITLE_000357,Customizable responsive attitude 1986,TV Series,Sci-Fi,Disney,1986,3115,3,2026-05-23T22:32:41.876034
TITLE_000358,Operative reciprocal conglomeration 2012,Special,Horror,Sony,2012,2522,0,2026-05-23T22:32:41.876040
TITLE_000359,Persistent bi-directional parallelism 2015,Special,Drama,Universal,2015,5252,0,2026-05-23T22:32:41.876045
TITLE_000360,User-friendly contextually-based frame 2002,Movie,Drama,Disney,2002,60,0,2026-05-23T22:32:41.876050
TITLE_000361,Re-engineered content-based artificial intelligence 2001,Miniseries,Horror,Netflix Studios,2001,5029,0,2026-05-23T22:32:41.876057
TITLE_000362,Ergonomic 6thgeneration portal 1996,Special,Thriller,Paramount,1996,5951,0,2026-05-23T22:32:41.876062
TITLE_000363,Switchable multimedia emulation 1999,TV Series,Romance,Apple TV+,1999,3105,4,2026-05-23T22:32:41.876068
TITLE_000364,Customer-focused leadingedge pricing structure 2002,Special,Comedy,Sony,2002,3080,0,2026-05-23T22:32:41.876074
TITLE_000365,Quality-focused dedicated solution 1995,Special,Thriller,Netflix Studios,1995,3281,0,2026-05-23T22:32:41.876080
TITLE_000366,Business-focused bifurcated hierarchy 1982,Movie,Thriller,Disney,1982,114,0,2026-05-23T22:32:41.876085
TITLE_000367,Secured background superstructure 2018,TV Series,Drama,Netflix Studios,2018,1205,6,2026-05-23T22:32:41.876094
TITLE_000368,Optimized dedicated portal 2002,TV Series,Thriller,Netflix Studios,2002,898,4,2026-05-23T22:32:41.876100
TITLE_000369,Persevering cohesive info-mediaries 2016,TV Series,Thriller,Disney,2016,1485,7,2026-05-23T22:32:41.876107
TITLE_000370,Down-sized actuating archive 1981,Miniseries,Action,Warner Bros,1981,2828,0,2026-05-23T22:32:41.876112
TITLE_000371,Inverse clear-thinking functionalities 1985,TV Series,Action,Disney,1985,3804,4,2026-05-23T22:32:41.876120
TITLE_000372,Sharable optimizing alliance 1987,Special,Romance,Warner Bros,1987,1209,0,2026-05-23T22:32:41.876126
TITLE_000373,Customizable value-added access 1984,TV Series,Comedy,Apple TV+,1984,2797,4,2026-05-23T22:32:41.876132
TITLE_000374,Diverse zero-defect artificial intelligence 1980,Movie,Action,Disney,1980,165,0,2026-05-23T22:32:41.876138
TITLE_000375,Distributed impactful hardware 2009,TV Series,Sci-Fi,Paramount,2009,772,6,2026-05-23T22:32:41.876145
TITLE_000376,Optional static emulation 1996,Special,Romance,Disney,1996,2580,0,2026-05-23T22:32:41.876151
TITLE_000377,Devolved directional emulation 2009,TV Series,Thriller,Warner Bros,2009,611,6,2026-05-23T22:32:41.876158
TITLE_000378,Optional user-facing middleware 1989,Movie,Drama,Paramount,1989,173,0,2026-05-23T22:32:41.876166
TITLE_000379,Future-proofed local adapter 1990,Miniseries,Animation,Universal,1990,2025,0,2026-05-23T22:32:41.876172
TITLE_000380,Fundamental even-keeled focus group 2006,Miniseries,Sci-Fi,Netflix Studios,2006,835,0,2026-05-23T22:32:41.876178
TITLE_000381,Proactive radical collaboration 1985,TV Series,Thriller,Apple TV+,1985,3945,6,2026-05-23T22:32:41.876184
TITLE_000382,Pre-emptive content-based knowledgebase 2017,Special,Action,Sony,2017,1059,0,2026-05-23T22:32:41.876190
TITLE_000383,Centralized full-range process improvement 2000,Documentary,Drama,Sony,2000,2644,0,2026-05-23T22:32:41.876196
TITLE_000384,Progressive 5thgeneration middleware 2009,Miniseries,Action,Apple TV+,2009,3876,0,2026-05-23T22:32:41.876202
TITLE_000385,Cloned 6thgeneration artificial intelligence 1991,Miniseries,Thriller,Disney,1991,447,0,2026-05-23T22:32:41.876208
TITLE_000386,Progressive upward-trending Local Area Network 1985,Movie,Horror,Netflix Studios,1985,91,0,2026-05-23T22:32:41.876214
TITLE_000387,Balanced 3rdgeneration superstructure 2004,Miniseries,Comedy,Apple TV+,2004,3083,0,2026-05-23T22:32:41.876232
TITLE_000388,Extended grid-enabled collaboration 2009,TV Series,Thriller,Apple TV+,2009,5455,6,2026-05-23T22:32:41.876239
TITLE_000389,Advanced eco-centric ability 2014,Miniseries,Drama,Paramount,2014,4901,0,2026-05-23T22:32:41.876246
TITLE_000390,Visionary 5thgeneration secured line 1981,Documentary,Thriller,Universal,1981,5075,0,2026-05-23T22:32:41.876253
TITLE_000391,Fundamental tangible info-mediaries 2016,Movie,Romance,Sony,2016,47,0,2026-05-23T22:32:41.876259
TITLE_000392,Proactive context-sensitive monitoring 2024,TV Series,Sci-Fi,Universal,2024,4604,1,2026-05-23T22:32:41.876265
TITLE_000393,Seamless heuristic system engine 1998,Documentary,Thriller,Sony,1998,2759,0,2026-05-23T22:32:41.876271
TITLE_000394,Down-sized attitude-oriented data-warehouse 1996,Movie,Romance,Disney,1996,109,0,2026-05-23T22:32:41.876278
TITLE_000395,Mandatory dynamic Internet solution 1987,Documentary,Action,Paramount,1987,5072,0,2026-05-23T22:32:41.876284
TITLE_000396,Reduced full-range initiative 1989,Miniseries,Drama,Sony,1989,5762,0,2026-05-23T22:32:41.876291
TITLE_000397,Intuitive tertiary flexibility 1995,Special,Drama,Disney,1995,3465,0,2026-05-23T22:32:41.876297
TITLE_000398,Future-proofed neutral protocol 2002,Documentary,Horror,Universal,2002,4737,0,2026-05-23T22:32:41.876303
TITLE_000399,Streamlined national synergy 1989,Documentary,Thriller,Disney,1989,3058,0,2026-05-23T22:32:41.876309
TITLE_000400,Integrated client-server moderator 2021,Special,Action,Disney,2021,5315,0,2026-05-23T22:32:41.876317
TITLE_000401,Phased exuding interface 2011,TV Series,Animation,Disney,2011,3961,5,2026-05-23T22:32:41.876324
TITLE_000402,Reverse-engineered actuating task-force 1983,Miniseries,Thriller,Apple TV+,1983,4144,0,2026-05-23T22:32:41.876329
TITLE_000403,Multi-layered systemic success 1988,Documentary,Comedy,Universal,1988,553,0,2026-05-23T22:32:41.876337
TITLE_000404,Proactive regional extranet 2010,Miniseries,Romance,Warner Bros,2010,1545,0,2026-05-23T22:32:41.876343
TITLE_000405,Operative 24hour portal 2014,Movie,Action,Universal,2014,62,0,2026-05-23T22:32:41.876349
TITLE_000406,Progressive client-server toolset 2025,TV Series,Thriller,Netflix Studios,2025,5421,7,2026-05-23T22:32:41.876358
TITLE_000407,Up-sized user-facing capability 1994,Miniseries,Animation,Apple TV+,1994,3482,0,2026-05-23T22:32:41.876364
TITLE_000408,Triple-buffered 24/7 strategy 2003,TV Series,Comedy,Sony,2003,4003,2,2026-05-23T22:32:41.876370
TITLE_000409,Fully-configurable mobile Internet solution 2010,Documentary,Action,Warner Bros,2010,762,0,2026-05-23T22:32:41.876377
TITLE_000410,Fundamental coherent knowledge user 2002,TV Series,Action,Disney,2002,4452,8,2026-05-23T22:32:41.876383
TITLE_000411,Customizable needs-based architecture 1980,Special,Action,Warner Bros,1980,648,0,2026-05-23T22:32:41.876390
TITLE_000412,Fully-configurable optimizing toolset 1989,TV Series,Sci-Fi,Universal,1989,3282,6,2026-05-23T22:32:41.876395
TITLE_000413,Implemented intermediate structure 2007,TV Series,Sci-Fi,Paramount,2007,2234,6,2026-05-23T22:32:41.876401
TITLE_000414,Operative mobile structure 2021,Movie,Animation,Disney,2021,84,0,2026-05-23T22:32:41.876408
TITLE_000415,Decentralized systematic protocol 2001,Documentary,Comedy,Warner Bros,2001,4992,0,2026-05-23T22:32:41.876414
TITLE_000416,Customizable 3rdgeneration policy 2016,Documentary,Romance,Universal,2016,5410,0,2026-05-23T22:32:41.876420
TITLE_000417,Public-key holistic capacity 1998,Movie,Comedy,Disney,1998,126,0,2026-05-23T22:32:41.876426
TITLE_000418,Profit-focused heuristic infrastructure 2009,Movie,Comedy,Universal,2009,148,0,2026-05-23T22:32:41.876432
TITLE_000419,Grass-roots needs-based implementation 2016,TV Series,Drama,Netflix Studios,2016,2825,6,2026-05-23T22:32:41.876438
TITLE_000420,Customer-focused optimizing emulation 1998,TV Series,Drama,Disney,1998,3924,5,2026-05-23T22:32:41.876444
TITLE_000421,Fully-configurable holistic circuit 2005,Movie,Drama,Sony,2005,114,0,2026-05-23T22:32:41.876450
TITLE_000422,Synergized real-time website 1993,Miniseries,Horror,Universal,1993,5283,0,2026-05-23T22:32:41.876455
TITLE_000423,Reactive grid-enabled analyzer 2009,Miniseries,Sci-Fi,Sony,2009,5794,0,2026-05-23T22:32:41.876461
TITLE_000424,Persistent transitional neural-net 2012,Special,Horror,Warner Bros,2012,2295,0,2026-05-23T22:32:41.876467
TITLE_000425,Enhanced bi-directional architecture 1995,Miniseries,Comedy,Sony,1995,565,0,2026-05-23T22:32:41.876473
TITLE_000426,Enhanced national installation 2013,Miniseries,Romance,Sony,2013,3392,0,2026-05-23T22:32:41.876481
TITLE_000427,Customizable leadingedge data-warehouse 1997,TV Series,Horror,Universal,1997,5027,4,2026-05-23T22:32:41.876489
TITLE_000428,Self-enabling multi-state moderator 2014,Movie,Action,Disney,2014,69,0,2026-05-23T22:32:41.876496
TITLE_000429,Configurable dynamic knowledgebase 2011,Movie,Comedy,Apple TV+,2011,133,0,2026-05-23T22:32:41.876502
TITLE_000430,Adaptive user-facing matrices 1998,Movie,Romance,Sony,1998,89,0,2026-05-23T22:32:41.876509
TITLE_000431,Sharable national array 2021,Documentary,Action,Warner Bros,2021,3956,0,2026-05-23T22:32:41.876514
TITLE_000432,Cross-group empowering Local Area Network 2024,Documentary,Animation,Sony,2024,840,0,2026-05-23T22:32:41.876520
TITLE_000433,Customer-focused full-range superstructure 1984,Special,Action,Universal,1984,3494,0,2026-05-23T22:32:41.876526
TITLE_000434,Face-to-face dedicated database 2024,Special,Animation,Netflix Studios,2024,4173,0,2026-05-23T22:32:41.876533
TITLE_000435,Profit-focused 3rdgeneration instruction set 2012,Documentary,Animation,Apple TV+,2012,4762,0,2026-05-23T22:32:41.876540
TITLE_000436,Ergonomic tertiary synergy 2021,Special,Thriller,Universal,2021,4162,0,2026-05-23T22:32:41.876547
TITLE_000437,Programmable contextually-based database 1987,Miniseries,Horror,Paramount,1987,4579,0,2026-05-23T22:32:41.876553
TITLE_000438,Universal static emulation 1981,Miniseries,Comedy,Paramount,1981,3399,0,2026-05-23T22:32:41.876559
TITLE_000439,Up-sized high-level parallelism 2013,Special,Comedy,Sony,2013,4520,0,2026-05-23T22:32:41.876564
TITLE_000440,Versatile web-enabled process improvement 2024,Movie,Romance,Warner Bros,2024,146,0,2026-05-23T22:32:41.876570
TITLE_000441,Object-based 6thgeneration Graphical User Interface 2020,Movie,Sci-Fi,Sony,2020,178,0,2026-05-23T22:32:41.876576
TITLE_000442,Grass-roots demand-driven productivity 1995,Documentary,Sci-Fi,Sony,1995,1648,0,2026-05-23T22:32:41.876581
TITLE_000443,Balanced real-time groupware 1985,Special,Romance,Disney,1985,4424,0,2026-05-23T22:32:41.876588
TITLE_000444,Seamless high-level pricing structure 1983,Movie,Horror,Universal,1983,170,0,2026-05-23T22:32:41.876594
TITLE_000445,Horizontal needs-based service-desk 2025,Miniseries,Animation,Netflix Studios,2025,1377,0,2026-05-23T22:32:41.876602
TITLE_000446,Extended explicit conglomeration 1994,Documentary,Romance,Apple TV+,1994,489,0,2026-05-23T22:32:41.876608
TITLE_000447,Organic 24hour archive 2016,Miniseries,Horror,Disney,2016,3107,0,2026-05-23T22:32:41.876614
TITLE_000448,Open-source fault-tolerant budgetary management 1991,Miniseries,Comedy,Apple TV+,1991,3072,0,2026-05-23T22:32:41.876619
TITLE_000449,Re-contextualized next generation leverage 1988,Special,Romance,Apple TV+,1988,3655,0,2026-05-23T22:32:41.876626
TITLE_000450,Switchable web-enabled hierarchy 1991,Miniseries,Drama,Universal,1991,4587,0,2026-05-23T22:32:41.876632
TITLE_000451,Operative neutral productivity 2017,Special,Thriller,Universal,2017,625,0,2026-05-23T22:32:41.876638
TITLE_000452,Total mission-critical workforce 2000,Miniseries,Drama,Paramount,2000,2743,0,2026-05-23T22:32:41.876644
TITLE_000453,Optimized logistical project 1982,Movie,Sci-Fi,Apple TV+,1982,157,0,2026-05-23T22:32:41.876650
TITLE_000454,Digitized coherent projection 2023,Movie,Romance,Disney,2023,87,0,2026-05-23T22:32:41.876656
TITLE_000455,Triple-buffered upward-trending structure 2022,Miniseries,Action,Warner Bros,2022,4412,0,2026-05-23T22:32:41.876663
TITLE_000456,Assimilated foreground pricing structure 1986,Movie,Drama,Sony,1986,56,0,2026-05-23T22:32:41.876669
TITLE_000457,Diverse motivating function 2015,Movie,Action,Sony,2015,127,0,2026-05-23T22:32:41.876675
TITLE_000458,Programmable user-facing customer loyalty 2024,Special,Drama,Paramount,2024,2508,0,2026-05-23T22:32:41.876681
TITLE_000459,Synchronized needs-based moderator 1991,Miniseries,Action,Apple TV+,1991,3989,0,2026-05-23T22:32:41.876687
TITLE_000460,Upgradable fault-tolerant circuit 2022,Miniseries,Sci-Fi,Sony,2022,5143,0,2026-05-23T22:32:41.876693
TITLE_000461,Face-to-face zero tolerance firmware 2013,TV Series,Thriller,Universal,2013,5129,1,2026-05-23T22:32:41.876699
TITLE_000462,Total local database 2023,Special,Comedy,Disney,2023,2382,0,2026-05-23T22:32:41.876707
TITLE_000463,Seamless logistical utilization 2001,Miniseries,Horror,Universal,2001,2245,0,2026-05-23T22:32:41.876713
TITLE_000464,Progressive object-oriented help-desk 1980,Documentary,Romance,Apple TV+,1980,4438,0,2026-05-23T22:32:41.876719
TITLE_000465,De-engineered methodical protocol 2021,Documentary,Romance,Warner Bros,2021,328,0,2026-05-23T22:32:41.876726
TITLE_000466,Public-key high-level matrices 1985,TV Series,Action,Sony,1985,1302,1,2026-05-23T22:32:41.876731
TITLE_000467,Ergonomic global encryption 2002,Special,Animation,Sony,2002,1666,0,2026-05-23T22:32:41.876739
TITLE_000468,Business-focused heuristic flexibility 2009,Miniseries,Horror,Paramount,2009,677,0,2026-05-23T22:32:41.876747
TITLE_000469,Profound neutral solution 2004,TV Series,Romance,Apple TV+,2004,2368,1,2026-05-23T22:32:41.876754
TITLE_000470,Sharable exuding product 1984,Special,Action,Apple TV+,1984,796,0,2026-05-23T22:32:41.876761
TITLE_000471,Public-key optimal infrastructure 1988,TV Series,Animation,Sony,1988,2828,6,2026-05-23T22:32:41.876768
TITLE_000472,Streamlined radical parallelism 2021,TV Series,Horror,Sony,2021,1279,8,2026-05-23T22:32:41.876774
TITLE_000473,Stand-alone value-added service-desk 1995,Miniseries,Action,Paramount,1995,3589,0,2026-05-23T22:32:41.876781
TITLE_000474,Customizable demand-driven methodology 2018,Special,Horror,Apple TV+,2018,2769,0,2026-05-23T22:32:41.876787
TITLE_000475,Object-based disintermediate benchmark 1981,TV Series,Comedy,Warner Bros,1981,3144,7,2026-05-23T22:32:41.876794
TITLE_000476,Versatile attitude-oriented access 1980,TV Series,Comedy,Disney,1980,5897,6,2026-05-23T22:32:41.876800
TITLE_000477,Versatile impactful portal 1984,Documentary,Sci-Fi,Disney,1984,5701,0,2026-05-23T22:32:41.876806
TITLE_000478,Ameliorated asynchronous pricing structure 2004,Miniseries,Thriller,Warner Bros,2004,546,0,2026-05-23T22:32:41.876812
TITLE_000479,Distributed coherent intranet 1996,Special,Drama,Paramount,1996,728,0,2026-05-23T22:32:41.876818
TITLE_000480,Sharable foreground product 2020,Documentary,Animation,Universal,2020,2847,0,2026-05-23T22:32:41.876824
TITLE_000481,Configurable client-driven system engine 1998,Movie,Animation,Warner Bros,1998,148,0,2026-05-23T22:32:41.876832
TITLE_000482,Enterprise-wide bi-directional artificial intelligence 2000,Documentary,Action,Disney,2000,5099,0,2026-05-23T22:32:41.876839
TITLE_000483,Managed intangible process improvement 2022,TV Series,Animation,Paramount,2022,1107,8,2026-05-23T22:32:41.876846
TITLE_000484,Seamless grid-enabled extranet 1996,Documentary,Drama,Universal,1996,5631,0,2026-05-23T22:32:41.876854
TITLE_000485,Sharable neutral throughput 2013,Miniseries,Action,Apple TV+,2013,2634,0,2026-05-23T22:32:41.876861
TITLE_000486,Extended asymmetric toolset 2000,Documentary,Animation,Paramount,2000,388,0,2026-05-23T22:32:41.876867
TITLE_000487,Balanced local utilization 2000,TV Series,Action,Apple TV+,2000,5643,5,2026-05-23T22:32:41.876874
TITLE_000488,Reduced cohesive matrices 1992,Special,Sci-Fi,Disney,1992,4606,0,2026-05-23T22:32:41.876880
TITLE_000489,Managed 3rdgeneration collaboration 2005,Documentary,Horror,Warner Bros,2005,1015,0,2026-05-23T22:32:41.876887
TITLE_000490,Advanced bottom-line paradigm 1998,Documentary,Romance,Warner Bros,1998,4582,0,2026-05-23T22:32:41.876896
TITLE_000491,Assimilated mission-critical conglomeration 1988,TV Series,Comedy,Warner Bros,1988,4958,8,2026-05-23T22:32:41.876902
TITLE_000492,Right-sized global artificial intelligence 2018,Special,Drama,Disney,2018,400,0,2026-05-23T22:32:41.876910
TITLE_000493,Expanded static Local Area Network 2017,TV Series,Drama,Paramount,2017,4497,5,2026-05-23T22:32:41.876917
TITLE_000494,Seamless zero-defect product 2008,Documentary,Action,Apple TV+,2008,2992,0,2026-05-23T22:32:41.876923
TITLE_000495,Optional responsive knowledgebase 1985,Movie,Sci-Fi,Paramount,1985,50,0,2026-05-23T22:32:41.876929
TITLE_000496,Polarized optimal project 2012,Special,Animation,Paramount,2012,5378,0,2026-05-23T22:32:41.876935
TITLE_000497,Future-proofed mobile moratorium 2017,Miniseries,Comedy,Sony,2017,323,0,2026-05-23T22:32:41.876941
TITLE_000498,Expanded secondary archive 1983,Special,Romance,Warner Bros,1983,496,0,2026-05-23T22:32:41.876949
TITLE_000499,Centralized context-sensitive framework 1997,Miniseries,Romance,Sony,1997,558,0,2026-05-23T22:32:41.876956
TITLE_000500,Quality-focused global infrastructure 1986,TV Series,Horror,Warner Bros,1986,5193,8,2026-05-23T22:32:41.876962
TITLE_000501,Secured multi-tasking contingency 2004,Special,Animation,Paramount,2004,3106,0,2026-05-23T22:32:41.876969
TITLE_000502,Assimilated regional help-desk 2020,TV Series,Thriller,Apple TV+,2020,804,1,2026-05-23T22:32:41.876975
TITLE_000503,Total executive website 1985,Special,Action,Warner Bros,1985,1719,0,2026-05-23T22:32:41.876982
TITLE_000504,Networked national database 2017,Documentary,Thriller,Warner Bros,2017,1142,0,2026-05-23T22:32:41.876989
TITLE_000505,Organized hybrid forecast 2024,Miniseries,Thriller,Apple TV+,2024,1875,0,2026-05-23T22:32:41.876996
TITLE_000506,Mandatory 4thgeneration pricing structure 2020,Movie,Animation,Sony,2020,130,0,2026-05-23T22:32:41.877003
TITLE_000507,Organic modular instruction set 2001,Documentary,Action,Warner Bros,2001,1337,0,2026-05-23T22:32:41.877009
TITLE_000508,Monitored bandwidth-monitored access 1987,Miniseries,Action,Netflix Studios,1987,1466,0,2026-05-23T22:32:41.877015
TITLE_000509,Advanced systematic algorithm 2022,TV Series,Drama,Warner Bros,2022,1436,4,2026-05-23T22:32:41.877022
TITLE_000510,Virtual contextually-based forecast 2005,TV Series,Thriller,Disney,2005,838,3,2026-05-23T22:32:41.877028
TITLE_000511,Synergized scalable protocol 1988,TV Series,Romance,Paramount,1988,1150,1,2026-05-23T22:32:41.877034
TITLE_000512,Stand-alone multimedia neural-net 2006,Movie,Comedy,Paramount,2006,100,0,2026-05-23T22:32:41.877041
TITLE_000513,Front-line motivating matrix 2012,Miniseries,Romance,Disney,2012,734,0,2026-05-23T22:32:41.877047
TITLE_000514,Sharable executive open architecture 1999,Documentary,Drama,Universal,1999,4647,0,2026-05-23T22:32:41.877054
TITLE_000515,Synergized bottom-line productivity 2003,TV Series,Thriller,Universal,2003,2830,4,2026-05-23T22:32:41.877060
TITLE_000516,Open-architected empowering capacity 1997,Special,Romance,Paramount,1997,4015,0,2026-05-23T22:32:41.877066
TITLE_000517,Persevering 24/7 definition 2015,TV Series,Action,Apple TV+,2015,3219,7,2026-05-23T22:32:41.877072
TITLE_000518,Upgradable systemic architecture 2013,Special,Drama,Disney,2013,2835,0,2026-05-23T22:32:41.877079
TITLE_000519,Horizontal grid-enabled extranet 1992,Special,Animation,Netflix Studios,1992,420,0,2026-05-23T22:32:41.877085
TITLE_000520,Public-key global initiative 2020,Documentary,Horror,Disney,2020,5774,0,2026-05-23T22:32:41.877092
TITLE_000521,Managed reciprocal access 1983,Miniseries,Action,Paramount,1983,4664,0,2026-05-23T22:32:41.877098
TITLE_000522,Compatible 6thgeneration functionalities 1987,Miniseries,Horror,Sony,1987,5063,0,2026-05-23T22:32:41.877104
TITLE_000523,Automated maximized application 2003,Movie,Action,Apple TV+,2003,111,0,2026-05-23T22:32:41.877112
TITLE_000524,Enhanced real-time synergy 2000,Miniseries,Action,Universal,2000,2207,0,2026-05-23T22:32:41.877119
TITLE_000525,User-friendly full-range Graphic Interface 1997,Miniseries,Animation,Warner Bros,1997,1635,0,2026-05-23T22:32:41.877126
TITLE_000526,Innovative object-oriented moratorium 2004,Miniseries,Comedy,Paramount,2004,4945,0,2026-05-23T22:32:41.877132
TITLE_000527,Managed holistic collaboration 1987,TV Series,Drama,Warner Bros,1987,3890,2,2026-05-23T22:32:41.877139
TITLE_000528,Sharable 24hour implementation 2019,Movie,Animation,Universal,2019,95,0,2026-05-23T22:32:41.877146
TITLE_000529,Synergistic upward-trending Local Area Network 2007,Miniseries,Animation,Netflix Studios,2007,1603,0,2026-05-23T22:32:41.877153
TITLE_000530,Digitized mobile website 2000,Special,Action,Netflix Studios,2000,1333,0,2026-05-23T22:32:41.877159
TITLE_000531,Multi-layered mission-critical knowledge user 2004,TV Series,Action,Apple TV+,2004,2063,8,2026-05-23T22:32:41.877167
TITLE_000532,Secured client-driven initiative 2021,TV Series,Comedy,Universal,2021,356,3,2026-05-23T22:32:41.877174
TITLE_000533,Function-based dynamic implementation 2006,Special,Thriller,Warner Bros,2006,3506,0,2026-05-23T22:32:41.877182
TITLE_000534,Visionary zero-defect installation 2015,TV Series,Horror,Netflix Studios,2015,3023,7,2026-05-23T22:32:41.877190
TITLE_000535,Re-engineered exuding capability 1996,Special,Animation,Sony,1996,3624,0,2026-05-23T22:32:41.877198
TITLE_000536,Intuitive clear-thinking neural-net 2008,Miniseries,Thriller,Universal,2008,5740,0,2026-05-23T22:32:41.877205
TITLE_000537,Cloned 6thgeneration parallelism 2021,TV Series,Horror,Netflix Studios,2021,3253,5,2026-05-23T22:32:41.877211
TITLE_000538,Fundamental web-enabled leverage 1997,Movie,Romance,Apple TV+,1997,95,0,2026-05-23T22:32:41.877248
TITLE_000539,Right-sized user-facing access 2016,Miniseries,Comedy,Universal,2016,2688,0,2026-05-23T22:32:41.877257
TITLE_000540,Reduced motivating software 2004,Miniseries,Comedy,Netflix Studios,2004,2754,0,2026-05-23T22:32:41.877264
TITLE_000541,Robust well-modulated parallelism 2017,Miniseries,Thriller,Warner Bros,2017,2636,0,2026-05-23T22:32:41.877271
TITLE_000542,Grass-roots multimedia encryption 2021,Special,Thriller,Netflix Studios,2021,1982,0,2026-05-23T22:32:41.877277
TITLE_000543,Digitized 3rdgeneration implementation 2010,TV Series,Action,Sony,2010,2145,5,2026-05-23T22:32:41.877286
TITLE_000544,Automated web-enabled attitude 2011,Special,Thriller,Paramount,2011,3152,0,2026-05-23T22:32:41.877292
TITLE_000545,Multi-lateral context-sensitive capacity 1991,Documentary,Romance,Netflix Studios,1991,1947,0,2026-05-23T22:32:41.877299
TITLE_000546,Inverse actuating productivity 2008,Movie,Horror,Universal,2008,100,0,2026-05-23T22:32:41.877305
TITLE_000547,Cloned bandwidth-monitored implementation 2009,Movie,Action,Paramount,2009,132,0,2026-05-23T22:32:41.877312
TITLE_000548,Advanced bifurcated leverage 1987,Special,Thriller,Disney,1987,3921,0,2026-05-23T22:32:41.877320
TITLE_000549,Versatile object-oriented firmware 1995,Special,Thriller,Universal,1995,5925,0,2026-05-23T22:32:41.877326
TITLE_000550,Triple-buffered systematic extranet 1981,TV Series,Drama,Netflix Studios,1981,1066,7,2026-05-23T22:32:41.877333
TITLE_000551,Horizontal static array 2008,Movie,Horror,Sony,2008,76,0,2026-05-23T22:32:41.877339
TITLE_000552,Robust asynchronous database 2004,Movie,Action,Warner Bros,2004,73,0,2026-05-23T22:32:41.877345
TITLE_000553,Seamless full-range leverage 2025,Documentary,Romance,Apple TV+,2025,4743,0,2026-05-23T22:32:41.877351
TITLE_000554,Multi-channeled 6thgeneration challenge 2013,Special,Animation,Netflix Studios,2013,956,0,2026-05-23T22:32:41.877357
TITLE_000555,Balanced empowering intranet 1994,Documentary,Sci-Fi,Warner Bros,1994,3756,0,2026-05-23T22:32:41.877363
TITLE_000556,Robust needs-based conglomeration 1993,Special,Romance,Netflix Studios,1993,2188,0,2026-05-23T22:32:41.877369
TITLE_000557,Organized motivating support 2003,Miniseries,Animation,Sony,2003,1128,0,2026-05-23T22:32:41.877374
TITLE_000558,Open-source demand-driven website 2017,Special,Romance,Sony,2017,936,0,2026-05-23T22:32:41.877381
TITLE_000559,Universal reciprocal solution 2014,Movie,Sci-Fi,Warner Bros,2014,161,0,2026-05-23T22:32:41.877387
TITLE_000560,Configurable incremental capability 2010,Special,Comedy,Sony,2010,1662,0,2026-05-23T22:32:41.877394
TITLE_000561,Advanced 24/7 adapter 1999,Documentary,Action,Disney,1999,5835,0,2026-05-23T22:32:41.877399
TITLE_000562,Versatile heuristic interface 1991,Special,Thriller,Paramount,1991,1986,0,2026-05-23T22:32:41.877407
TITLE_000563,Extended object-oriented portal 1985,TV Series,Sci-Fi,Sony,1985,4864,7,2026-05-23T22:32:41.877416
TITLE_000564,Object-based transitional policy 2008,Special,Comedy,Universal,2008,2988,0,2026-05-23T22:32:41.877422
TITLE_000565,Quality-focused real-time installation 1986,Special,Sci-Fi,Paramount,1986,3092,0,2026-05-23T22:32:41.877429
TITLE_000566,Multi-tiered directional functionalities 2016,Movie,Animation,Paramount,2016,96,0,2026-05-23T22:32:41.877435
TITLE_000567,Persevering impactful hub 1998,Documentary,Drama,Paramount,1998,5454,0,2026-05-23T22:32:41.877441
TITLE_000568,Self-enabling value-added algorithm 2010,Documentary,Action,Warner Bros,2010,1600,0,2026-05-23T22:32:41.877447
TITLE_000569,Upgradable incremental forecast 2004,Documentary,Drama,Sony,2004,2919,0,2026-05-23T22:32:41.877454
TITLE_000570,Front-line disintermediate definition 2001,Documentary,Sci-Fi,Apple TV+,2001,915,0,2026-05-23T22:32:41.877460
TITLE_000571,User-centric high-level process improvement 2016,Documentary,Sci-Fi,Disney,2016,1996,0,2026-05-23T22:32:41.877466
TITLE_000572,Synergistic tangible challenge 2019,Movie,Horror,Netflix Studios,2019,140,0,2026-05-23T22:32:41.877472
TITLE_000573,Programmable didactic framework 2020,TV Series,Animation,Netflix Studios,2020,1598,7,2026-05-23T22:32:41.877478
TITLE_000574,Universal well-modulated concept 1993,Special,Sci-Fi,Disney,1993,5122,0,2026-05-23T22:32:41.877486
TITLE_000575,Enhanced neutral Local Area Network 2015,Movie,Sci-Fi,Netflix Studios,2015,164,0,2026-05-23T22:32:41.877492
TITLE_000576,Seamless executive access 2013,Miniseries,Drama,Sony,2013,4655,0,2026-05-23T22:32:41.877499
TITLE_000577,Stand-alone 4thgeneration access 1995,TV Series,Drama,Disney,1995,321,8,2026-05-23T22:32:41.877505
TITLE_000578,Assimilated object-oriented moratorium 2012,Miniseries,Romance,Universal,2012,4413,0,2026-05-23T22:32:41.877511
TITLE_000579,Visionary neutral adapter 1988,Miniseries,Romance,Apple TV+,1988,3758,0,2026-05-23T22:32:41.877519
TITLE_000580,Multi-tiered well-modulated strategy 2022,Special,Animation,Universal,2022,4674,0,2026-05-23T22:32:41.877525
TITLE_000581,Assimilated static initiative 2023,Special,Animation,Sony,2023,2404,0,2026-05-23T22:32:41.877532
TITLE_000582,Centralized intermediate capability 1994,TV Series,Sci-Fi,Disney,1994,3473,8,2026-05-23T22:32:41.877540
TITLE_000583,Synergized object-oriented access 2004,Documentary,Thriller,Warner Bros,2004,1140,0,2026-05-23T22:32:41.877546
TITLE_000584,Extended asymmetric process improvement 2001,Documentary,Drama,Paramount,2001,4771,0,2026-05-23T22:32:41.877554
TITLE_000585,Ameliorated methodical complexity 1995,Special,Animation,Warner Bros,1995,1716,0,2026-05-23T22:32:41.877560
TITLE_000586,Persistent transitional algorithm 2018,Movie,Romance,Warner Bros,2018,160,0,2026-05-23T22:32:41.877566
TITLE_000587,Front-line high-level middleware 2010,Miniseries,Animation,Netflix Studios,2010,3547,0,2026-05-23T22:32:41.877572
TITLE_000588,Ergonomic analyzing benchmark 1991,TV Series,Animation,Universal,1991,1340,7,2026-05-23T22:32:41.877579
TITLE_000589,Face-to-face non-volatile algorithm 2005,Miniseries,Horror,Netflix Studios,2005,1427,0,2026-05-23T22:32:41.877585
TITLE_000590,Adaptive 3rdgeneration framework 1981,Miniseries,Horror,Sony,1981,309,0,2026-05-23T22:32:41.877591
TITLE_000591,Sharable empowering frame 1992,Special,Horror,Apple TV+,1992,5146,0,2026-05-23T22:32:41.877598
TITLE_000592,Inverse systematic array 2019,Special,Thriller,Disney,2019,4624,0,2026-05-23T22:32:41.877603
TITLE_000593,Multi-tiered leadingedge knowledge user 1988,Special,Sci-Fi,Apple TV+,1988,3910,0,2026-05-23T22:32:41.877609
TITLE_000594,Extended bifurcated info-mediaries 2025,Miniseries,Thriller,Disney,2025,3269,0,2026-05-23T22:32:41.877615
TITLE_000595,Streamlined 5thgeneration policy 2024,Miniseries,Animation,Netflix Studios,2024,2606,0,2026-05-23T22:32:41.877624
TITLE_000596,User-friendly upward-trending model 1983,TV Series,Action,Paramount,1983,1313,1,2026-05-23T22:32:41.877632
TITLE_000597,Team-oriented client-driven application 2021,Movie,Animation,Warner Bros,2021,164,0,2026-05-23T22:32:41.877639
TITLE_000598,Face-to-face 4thgeneration protocol 2013,Movie,Animation,Netflix Studios,2013,83,0,2026-05-23T22:32:41.877645
TITLE_000599,Realigned optimal matrices 2014,Special,Animation,Disney,2014,5444,0,2026-05-23T22:32:41.877653
TITLE_000600,Integrated multimedia protocol 1984,Miniseries,Drama,Sony,1984,3816,0,2026-05-23T22:32:41.877660
TITLE_000601,Enterprise-wide executive flexibility 1981,Documentary,Action,Universal,1981,1252,0,2026-05-23T22:32:41.877667
TITLE_000602,Optimized system-worthy help-desk 2020,Movie,Comedy,Universal,2020,69,0,2026-05-23T22:32:41.877673
TITLE_000603,Customizable real-time array 1997,TV Series,Thriller,Apple TV+,1997,1556,8,2026-05-23T22:32:41.877681
TITLE_000604,Ameliorated systemic website 2009,Special,Horror,Sony,2009,2438,0,2026-05-23T22:32:41.877686
TITLE_000605,Diverse content-based paradigm 2023,Miniseries,Action,Netflix Studios,2023,4307,0,2026-05-23T22:32:41.877693
TITLE_000606,Pre-emptive secondary alliance 1985,Miniseries,Action,Sony,1985,3473,0,2026-05-23T22:32:41.877700
TITLE_000607,Ameliorated contextually-based encryption 2017,Miniseries,Action,Disney,2017,1794,0,2026-05-23T22:32:41.877707
TITLE_000608,Extended multi-state success 2022,Documentary,Sci-Fi,Universal,2022,5237,0,2026-05-23T22:32:41.877713
TITLE_000609,Quality-focused heuristic product 2001,Movie,Comedy,Warner Bros,2001,151,0,2026-05-23T22:32:41.877718
TITLE_000610,Face-to-face modular groupware 2008,Special,Thriller,Warner Bros,2008,2823,0,2026-05-23T22:32:41.877724
TITLE_000611,Phased local synergy 2006,Special,Thriller,Sony,2006,2924,0,2026-05-23T22:32:41.877731
TITLE_000612,Exclusive didactic support 1993,Special,Comedy,Universal,1993,4610,0,2026-05-23T22:32:41.877737
TITLE_000613,Right-sized disintermediate portal 2015,Special,Romance,Disney,2015,1777,0,2026-05-23T22:32:41.877743
TITLE_000614,Public-key stable intranet 2021,Special,Horror,Sony,2021,441,0,2026-05-23T22:32:41.877749
TITLE_000615,De-engineered contextually-based circuit 1995,Documentary,Horror,Netflix Studios,1995,5701,0,2026-05-23T22:32:41.877755
TITLE_000616,Customizable user-facing system engine 2010,Movie,Comedy,Sony,2010,170,0,2026-05-23T22:32:41.877761
TITLE_000617,Persistent systematic success 1984,Movie,Horror,Disney,1984,86,0,2026-05-23T22:32:41.877767
TITLE_000618,Cross-platform grid-enabled protocol 1999,TV Series,Sci-Fi,Paramount,1999,4025,4,2026-05-23T22:32:41.877774
TITLE_000619,Innovative homogeneous matrices 2016,Special,Animation,Netflix Studios,2016,519,0,2026-05-23T22:32:41.877779
TITLE_000620,Right-sized high-level artificial intelligence 2014,Miniseries,Horror,Netflix Studios,2014,1888,0,2026-05-23T22:32:41.877786
TITLE_000621,Operative context-sensitive workforce 2007,Documentary,Animation,Sony,2007,518,0,2026-05-23T22:32:41.877795
TITLE_000622,Fundamental analyzing hardware 2016,Movie,Romance,Disney,2016,155,0,2026-05-23T22:32:41.877801
TITLE_000623,Multi-channeled content-based knowledgebase 2011,Miniseries,Action,Warner Bros,2011,1465,0,2026-05-23T22:32:41.877807
TITLE_000624,Organized background matrices 1985,Documentary,Sci-Fi,Universal,1985,1591,0,2026-05-23T22:32:41.877815
TITLE_000625,Expanded composite forecast 2012,TV Series,Animation,Sony,2012,4460,3,2026-05-23T22:32:41.877821
TITLE_000626,Universal 4thgeneration Local Area Network 2007,Special,Animation,Disney,2007,649,0,2026-05-23T22:32:41.877828
TITLE_000627,Balanced incremental access 1992,Movie,Sci-Fi,Disney,1992,93,0,2026-05-23T22:32:41.877835
TITLE_000628,Intuitive global open system 1992,Documentary,Drama,Netflix Studios,1992,1185,0,2026-05-23T22:32:41.877842
TITLE_000629,Advanced tangible extranet 1997,TV Series,Thriller,Netflix Studios,1997,3076,5,2026-05-23T22:32:41.877849
TITLE_000630,Fundamental logistical extranet 1989,Miniseries,Romance,Apple TV+,1989,3500,0,2026-05-23T22:32:41.877854
TITLE_000631,Extended empowering migration 2012,Movie,Drama,Paramount,2012,56,0,2026-05-23T22:32:41.877860
TITLE_000632,Customer-focused multimedia strategy 1990,Miniseries,Comedy,Disney,1990,4297,0,2026-05-23T22:32:41.877866
TITLE_000633,Ergonomic client-server utilization 2005,Movie,Animation,Netflix Studios,2005,98,0,2026-05-23T22:32:41.877872
TITLE_000634,Organized foreground intranet 2008,Movie,Animation,Disney,2008,69,0,2026-05-23T22:32:41.877878
TITLE_000635,Public-key directional framework 1991,Special,Drama,Warner Bros,1991,3464,0,2026-05-23T22:32:41.877884
TITLE_000636,Integrated national structure 1993,Miniseries,Drama,Apple TV+,1993,2281,0,2026-05-23T22:32:41.877890
TITLE_000637,Re-contextualized multi-state architecture 2010,Documentary,Comedy,Sony,2010,1267,0,2026-05-23T22:32:41.877899
TITLE_000638,Front-line reciprocal process improvement 1986,Miniseries,Animation,Apple TV+,1986,3640,0,2026-05-23T22:32:41.877905
TITLE_000639,Enterprise-wide systematic info-mediaries 1981,Documentary,Action,Warner Bros,1981,5129,0,2026-05-23T22:32:41.877912
TITLE_000640,Persevering mission-critical attitude 1983,TV Series,Drama,Warner Bros,1983,1840,6,2026-05-23T22:32:41.877919
TITLE_000641,Organic multi-tasking knowledgebase 2018,Movie,Thriller,Universal,2018,52,0,2026-05-23T22:32:41.877925
TITLE_000642,Upgradable 6thgeneration array 1982,Movie,Action,Universal,1982,71,0,2026-05-23T22:32:41.877931
TITLE_000643,Up-sized modular analyzer 2014,TV Series,Drama,Disney,2014,5161,7,2026-05-23T22:32:41.877938
TITLE_000644,Secured contextually-based capacity 1999,Movie,Drama,Apple TV+,1999,161,0,2026-05-23T22:32:41.877944
TITLE_000645,Customer-focused secondary flexibility 1996,TV Series,Sci-Fi,Paramount,1996,2150,5,2026-05-23T22:32:41.877950
TITLE_000646,Total fresh-thinking core 2003,TV Series,Sci-Fi,Disney,2003,1149,7,2026-05-23T22:32:41.877957
TITLE_000647,Self-enabling encompassing moratorium 1987,Miniseries,Horror,Universal,1987,2877,0,2026-05-23T22:32:41.877964
TITLE_000648,Multi-layered 24hour collaboration 1988,Special,Animation,Universal,1988,2098,0,2026-05-23T22:32:41.877970
TITLE_000649,Fundamental executive monitoring 1987,Documentary,Action,Sony,1987,4128,0,2026-05-23T22:32:41.877976
TITLE_000650,Down-sized 5thgeneration encryption 1981,Documentary,Animation,Disney,1981,1629,0,2026-05-23T22:32:41.877983
TITLE_000651,Expanded neutral forecast 2003,TV Series,Action,Warner Bros,2003,3483,4,2026-05-23T22:32:41.877990
TITLE_000652,Right-sized global concept 2010,Special,Animation,Universal,2010,4882,0,2026-05-23T22:32:41.877997
TITLE_000653,Centralized encompassing hierarchy 1994,Miniseries,Comedy,Warner Bros,1994,477,0,2026-05-23T22:32:41.878004
TITLE_000654,Devolved incremental productivity 2019,Movie,Comedy,Paramount,2019,179,0,2026-05-23T22:32:41.878011
TITLE_000655,Upgradable reciprocal policy 1990,TV Series,Horror,Apple TV+,1990,1896,1,2026-05-23T22:32:41.878018
TITLE_000656,Configurable logistical system engine 1996,Documentary,Thriller,Paramount,1996,992,0,2026-05-23T22:32:41.878025
TITLE_000657,Monitored uniform architecture 1990,Documentary,Comedy,Warner Bros,1990,854,0,2026-05-23T22:32:41.878033
TITLE_000658,Future-proofed logistical firmware 2007,TV Series,Comedy,Apple TV+,2007,3955,7,2026-05-23T22:32:41.878041
TITLE_000659,Cross-platform encompassing definition 2008,Documentary,Action,Paramount,2008,3585,0,2026-05-23T22:32:41.878049
TITLE_000660,Multi-layered responsive success 1984,Movie,Animation,Apple TV+,1984,73,0,2026-05-23T22:32:41.878057
TITLE_000661,Persistent multi-state challenge 2010,Movie,Horror,Sony,2010,81,0,2026-05-23T22:32:41.878064
TITLE_000662,Upgradable system-worthy artificial intelligence 1997,Miniseries,Animation,Disney,1997,5771,0,2026-05-23T22:32:41.878070
TITLE_000663,Realigned mobile challenge 1993,Movie,Romance,Apple TV+,1993,162,0,2026-05-23T22:32:41.878076
TITLE_000664,Cloned holistic standardization 1991,Movie,Sci-Fi,Apple TV+,1991,164,0,2026-05-23T22:32:41.878083
TITLE_000665,Ergonomic 4thgeneration orchestration 1988,Documentary,Romance,Disney,1988,3067,0,2026-05-23T22:32:41.878089
TITLE_000666,Reduced bi-directional hub 2005,Movie,Sci-Fi,Disney,2005,66,0,2026-05-23T22:32:41.878097
TITLE_000667,Re-engineered demand-driven access 2017,Special,Thriller,Disney,2017,5552,0,2026-05-23T22:32:41.878103
TITLE_000668,Grass-roots cohesive core 2021,Movie,Comedy,Paramount,2021,120,0,2026-05-23T22:32:41.878111
TITLE_000669,Ergonomic analyzing migration 2016,Special,Comedy,Netflix Studios,2016,1814,0,2026-05-23T22:32:41.878119
TITLE_000670,Total content-based model 2002,Special,Sci-Fi,Disney,2002,3322,0,2026-05-23T22:32:41.878126
TITLE_000671,Switchable optimal utilization 2005,Miniseries,Action,Paramount,2005,1807,0,2026-05-23T22:32:41.878133
TITLE_000672,Polarized foreground Internet solution 1996,Movie,Comedy,Disney,1996,53,0,2026-05-23T22:32:41.878140
TITLE_000673,Sharable eco-centric firmware 1988,Special,Action,Universal,1988,3737,0,2026-05-23T22:32:41.878147
TITLE_000674,Progressive client-driven model 1990,Special,Sci-Fi,Paramount,1990,4496,0,2026-05-23T22:32:41.878153
TITLE_000675,Synchronized didactic focus group 1982,Documentary,Horror,Apple TV+,1982,2793,0,2026-05-23T22:32:41.878160
TITLE_000676,Decentralized non-volatile secured line 1984,Special,Comedy,Universal,1984,4600,0,2026-05-23T22:32:41.878167
TITLE_000677,Automated 24/7 flexibility 1989,TV Series,Action,Disney,1989,3439,3,2026-05-23T22:32:41.878173
TITLE_000678,Vision-oriented empowering capacity 2017,Documentary,Sci-Fi,Apple TV+,2017,4116,0,2026-05-23T22:32:41.878180
TITLE_000679,Pre-emptive dynamic concept 2021,Miniseries,Drama,Apple TV+,2021,5637,0,2026-05-23T22:32:41.878189
TITLE_000680,Fundamental responsive database 2008,Special,Thriller,Apple TV+,2008,638,0,2026-05-23T22:32:41.878196
TITLE_000681,Virtual needs-based capability 2012,TV Series,Action,Disney,2012,3279,5,2026-05-23T22:32:41.878203
TITLE_000682,Open-source background hub 1988,TV Series,Sci-Fi,Warner Bros,1988,3112,4,2026-05-23T22:32:41.878209
TITLE_000683,Integrated clear-thinking emulation 1993,Special,Comedy,Sony,1993,1944,0,2026-05-23T22:32:41.878215
TITLE_000684,Distributed zero-defect project 1997,Special,Thriller,Warner Bros,1997,2144,0,2026-05-23T22:32:41.878222
TITLE_000685,Visionary transitional encryption 1980,Special,Animation,Netflix Studios,1980,4895,0,2026-05-23T22:32:41.878228
TITLE_000686,Multi-layered real-time alliance 2021,TV Series,Romance,Warner Bros,2021,5389,2,2026-05-23T22:32:41.878234
TITLE_000687,Public-key real-time productivity 2016,Special,Sci-Fi,Sony,2016,934,0,2026-05-23T22:32:41.878240
TITLE_000688,Business-focused asynchronous ability 1992,Special,Thriller,Universal,1992,617,0,2026-05-23T22:32:41.878247
TITLE_000689,Ameliorated value-added help-desk 1998,Special,Animation,Apple TV+,1998,4111,0,2026-05-23T22:32:41.878256
TITLE_000690,Business-focused discrete conglomeration 1998,Documentary,Thriller,Sony,1998,2993,0,2026-05-23T22:32:41.878264
TITLE_000691,Re-engineered impactful challenge 2020,TV Series,Romance,Universal,2020,2225,5,2026-05-23T22:32:41.878270
TITLE_000692,Grass-roots optimizing website 2017,Movie,Animation,Universal,2017,110,0,2026-05-23T22:32:41.878278
TITLE_000693,Phased mission-critical installation 2022,Movie,Animation,Sony,2022,170,0,2026-05-23T22:32:41.878284
TITLE_000694,Organized fresh-thinking hardware 2011,Documentary,Action,Warner Bros,2011,1817,0,2026-05-23T22:32:41.878290
TITLE_000695,Enterprise-wide homogeneous knowledgebase 2000,Miniseries,Comedy,Apple TV+,2000,942,0,2026-05-23T22:32:41.878297
TITLE_000696,Cloned zero tolerance system engine 2000,Documentary,Animation,Warner Bros,2000,2745,0,2026-05-23T22:32:41.878303
TITLE_000697,Stand-alone disintermediate forecast 2012,TV Series,Drama,Disney,2012,4288,6,2026-05-23T22:32:41.878309
TITLE_000698,Fundamental stable moderator 1980,Miniseries,Action,Disney,1980,5389,0,2026-05-23T22:32:41.878317
TITLE_000699,Synchronized 3rdgeneration groupware 2016,Documentary,Thriller,Disney,2016,4547,0,2026-05-23T22:32:41.878324
TITLE_000700,Profound fault-tolerant artificial intelligence 1981,Movie,Horror,Universal,1981,71,0,2026-05-23T22:32:41.878329
TITLE_000701,Profit-focused intermediate ability 1986,Movie,Thriller,Disney,1986,74,0,2026-05-23T22:32:41.878335
TITLE_000702,Devolved eco-centric functionalities 1986,Miniseries,Drama,Netflix Studios,1986,673,0,2026-05-23T22:32:41.878341
TITLE_000703,Expanded holistic model 2007,Miniseries,Romance,Sony,2007,1345,0,2026-05-23T22:32:41.878348
TITLE_000704,Multi-layered zero-defect Graphical User Interface 2014,Special,Animation,Disney,2014,1288,0,2026-05-23T22:32:41.878354
TITLE_000705,Advanced upward-trending service-desk 1988,Miniseries,Drama,Sony,1988,2660,0,2026-05-23T22:32:41.878360
TITLE_000706,Fundamental optimizing paradigm 2020,Special,Animation,Paramount,2020,2373,0,2026-05-23T22:32:41.878367
TITLE_000707,Optional didactic open architecture 1980,Miniseries,Horror,Apple TV+,1980,4662,0,2026-05-23T22:32:41.878372
TITLE_000708,Assimilated zero administration throughput 1996,Movie,Thriller,Warner Bros,1996,92,0,2026-05-23T22:32:41.878379
TITLE_000709,Managed interactive throughput 2002,Documentary,Sci-Fi,Netflix Studios,2002,4876,0,2026-05-23T22:32:41.878397
TITLE_000710,Cross-group national product 1986,Documentary,Thriller,Warner Bros,1986,5956,0,2026-05-23T22:32:41.878407
TITLE_000711,Proactive optimizing strategy 2012,Special,Thriller,Disney,2012,1555,0,2026-05-23T22:32:41.878415
TITLE_000712,Universal cohesive attitude 1981,Documentary,Thriller,Universal,1981,5723,0,2026-05-23T22:32:41.878420
TITLE_000713,Mandatory fault-tolerant collaboration 2008,Movie,Horror,Disney,2008,162,0,2026-05-23T22:32:41.878428
TITLE_000714,Optimized 4thgeneration support 1990,Documentary,Comedy,Warner Bros,1990,2133,0,2026-05-23T22:32:41.878435
TITLE_000715,User-centric optimal instruction set 1988,Miniseries,Thriller,Universal,1988,4575,0,2026-05-23T22:32:41.878442
TITLE_000716,Cloned demand-driven flexibility 2002,Miniseries,Horror,Netflix Studios,2002,5352,0,2026-05-23T22:32:41.878448
TITLE_000717,Adaptive transitional extranet 2023,TV Series,Thriller,Paramount,2023,1847,2,2026-05-23T22:32:41.878456
TITLE_000718,Open-source 24/7 parallelism 2009,Documentary,Animation,Warner Bros,2009,5816,0,2026-05-23T22:32:41.878463
TITLE_000719,Configurable upward-trending core 2024,Documentary,Horror,Sony,2024,5780,0,2026-05-23T22:32:41.878469
TITLE_000720,Innovative coherent framework 2017,Miniseries,Animation,Paramount,2017,1786,0,2026-05-23T22:32:41.878475
TITLE_000721,Progressive background archive 2012,Documentary,Thriller,Disney,2012,2421,0,2026-05-23T22:32:41.878481
TITLE_000722,Triple-buffered didactic moratorium 1982,TV Series,Horror,Sony,1982,902,1,2026-05-23T22:32:41.878490
TITLE_000723,Adaptive national middleware 1997,Movie,Thriller,Paramount,1997,106,0,2026-05-23T22:32:41.878498
TITLE_000724,Secured dedicated structure 1980,TV Series,Action,Universal,1980,852,4,2026-05-23T22:32:41.878504
TITLE_000725,Re-engineered context-sensitive capability 2003,Special,Drama,Disney,2003,3337,0,2026-05-23T22:32:41.878511
TITLE_000726,Automated 4thgeneration model 1991,TV Series,Sci-Fi,Universal,1991,5620,6,2026-05-23T22:32:41.878518
TITLE_000727,Synergistic needs-based workforce 1999,Miniseries,Animation,Universal,1999,1431,0,2026-05-23T22:32:41.878524
TITLE_000728,Customizable fault-tolerant groupware 1984,Movie,Sci-Fi,Disney,1984,46,0,2026-05-23T22:32:41.878530
TITLE_000729,Right-sized exuding solution 2003,Documentary,Animation,Universal,2003,1060,0,2026-05-23T22:32:41.878536
TITLE_000730,Profit-focused actuating portal 1995,TV Series,Horror,Disney,1995,689,5,2026-05-23T22:32:41.878543
TITLE_000731,Automated analyzing customer loyalty 1987,Documentary,Horror,Disney,1987,5016,0,2026-05-23T22:32:41.878550
TITLE_000732,Inverse object-oriented moratorium 2009,Special,Comedy,Disney,2009,5510,0,2026-05-23T22:32:41.878557
TITLE_000733,Integrated encompassing application 1980,Documentary,Action,Paramount,1980,5761,0,2026-05-23T22:32:41.878563
TITLE_000734,Fully-configurable tangible projection 1997,TV Series,Horror,Universal,1997,1597,5,2026-05-23T22:32:41.878571
TITLE_000735,Secured real-time functionalities 2009,Special,Romance,Sony,2009,5307,0,2026-05-23T22:32:41.878578
TITLE_000736,Monitored upward-trending hub 2011,Movie,Sci-Fi,Disney,2011,168,0,2026-05-23T22:32:41.878585
TITLE_000737,Enhanced 24/7 concept 2006,Special,Drama,Universal,2006,4962,0,2026-05-23T22:32:41.878592
TITLE_000738,Virtual transitional software 1981,TV Series,Horror,Warner Bros,1981,4909,2,2026-05-23T22:32:41.878604
TITLE_000739,Grass-roots background synergy 2017,TV Series,Horror,Disney,2017,4093,2,2026-05-23T22:32:41.878611
TITLE_000740,Persevering directional circuit 2009,Documentary,Drama,Disney,2009,1001,0,2026-05-23T22:32:41.878619
TITLE_000741,Self-enabling 3rdgeneration array 2016,Special,Animation,Universal,2016,1617,0,2026-05-23T22:32:41.878626
TITLE_000742,Self-enabling bifurcated instruction set 2002,Documentary,Animation,Warner Bros,2002,3648,0,2026-05-23T22:32:41.878633
TITLE_000743,Centralized actuating frame 2012,Documentary,Comedy,Paramount,2012,744,0,2026-05-23T22:32:41.878639
TITLE_000744,Cross-platform content-based success 1981,TV Series,Thriller,Paramount,1981,3579,7,2026-05-23T22:32:41.878647
TITLE_000745,Compatible 5thgeneration migration 2008,TV Series,Sci-Fi,Universal,2008,5351,4,2026-05-23T22:32:41.878655
TITLE_000746,Universal mobile leverage 2020,Movie,Thriller,Universal,2020,115,0,2026-05-23T22:32:41.878661
TITLE_000747,Programmable holistic archive 2008,Documentary,Sci-Fi,Paramount,2008,5889,0,2026-05-23T22:32:41.878668
TITLE_000748,Horizontal hybrid challenge 2002,TV Series,Action,Apple TV+,2002,4239,7,2026-05-23T22:32:41.878675
TITLE_000749,Customer-focused asymmetric core 2004,Special,Animation,Sony,2004,5205,0,2026-05-23T22:32:41.878681
TITLE_000750,Integrated local toolset 1983,Special,Drama,Netflix Studios,1983,2929,0,2026-05-23T22:32:41.878688
TITLE_000751,Digitized leadingedge matrix 2025,Documentary,Sci-Fi,Universal,2025,5140,0,2026-05-23T22:32:41.878694
TITLE_000752,De-engineered demand-driven methodology 1998,TV Series,Horror,Disney,1998,880,7,2026-05-23T22:32:41.878701
TITLE_000753,Balanced encompassing extranet 1994,Miniseries,Thriller,Paramount,1994,2577,0,2026-05-23T22:32:41.878707
TITLE_000754,Enterprise-wide analyzing emulation 2008,TV Series,Sci-Fi,Warner Bros,2008,2611,1,2026-05-23T22:32:41.878714
TITLE_000755,Face-to-face solution-oriented parallelism 2001,Miniseries,Action,Warner Bros,2001,604,0,2026-05-23T22:32:41.878721
TITLE_000756,Multi-lateral radical functionalities 2011,Documentary,Thriller,Universal,2011,3135,0,2026-05-23T22:32:41.878728
TITLE_000757,Implemented asymmetric strategy 1987,Miniseries,Drama,Warner Bros,1987,4702,0,2026-05-23T22:32:41.878735
TITLE_000758,Multi-channeled bifurcated forecast 1983,Movie,Comedy,Sony,1983,144,0,2026-05-23T22:32:41.878742
TITLE_000759,Business-focused fresh-thinking benchmark 1985,Documentary,Comedy,Universal,1985,4541,0,2026-05-23T22:32:41.878749
TITLE_000760,Function-based optimizing moderator 2002,Documentary,Animation,Disney,2002,5603,0,2026-05-23T22:32:41.878756
TITLE_000761,Inverse full-range toolset 2019,Miniseries,Action,Sony,2019,370,0,2026-05-23T22:32:41.878764
TITLE_000762,Robust needs-based projection 2019,TV Series,Horror,Universal,2019,518,7,2026-05-23T22:32:41.878771
TITLE_000763,Automated value-added forecast 2012,Movie,Horror,Warner Bros,2012,58,0,2026-05-23T22:32:41.878779
TITLE_000764,Public-key national time-frame 1991,TV Series,Comedy,Disney,1991,2595,3,2026-05-23T22:32:41.878786
TITLE_000765,Synergized disintermediate initiative 2002,Special,Animation,Paramount,2002,2900,0,2026-05-23T22:32:41.878792
TITLE_000766,Sharable disintermediate attitude 2023,TV Series,Animation,Netflix Studios,2023,1347,8,2026-05-23T22:32:41.878800
TITLE_000767,Optimized coherent alliance 2020,Movie,Drama,Netflix Studios,2020,166,0,2026-05-23T22:32:41.878807
TITLE_000768,Exclusive transitional throughput 2011,Movie,Action,Disney,2011,96,0,2026-05-23T22:32:41.878814
TITLE_000769,Face-to-face non-volatile projection 2011,Miniseries,Romance,Netflix Studios,2011,5208,0,2026-05-23T22:32:41.878821
TITLE_000770,Ergonomic cohesive encryption 2017,Movie,Sci-Fi,Universal,2017,156,0,2026-05-23T22:32:41.878827
TITLE_000771,Exclusive dynamic alliance 2001,TV Series,Thriller,Disney,2001,1378,3,2026-05-23T22:32:41.878834
TITLE_000772,Seamless intangible matrix 2023,Documentary,Horror,Sony,2023,5046,0,2026-05-23T22:32:41.878840
TITLE_000773,Stand-alone object-oriented frame 1986,Miniseries,Thriller,Netflix Studios,1986,1739,0,2026-05-23T22:32:41.878846
TITLE_000774,Up-sized foreground functionalities 1981,Movie,Sci-Fi,Netflix Studios,1981,106,0,2026-05-23T22:32:41.878853
TITLE_000775,Streamlined exuding flexibility 1988,Movie,Sci-Fi,Apple TV+,1988,180,0,2026-05-23T22:32:41.878860
TITLE_000776,Cross-group mobile methodology 1983,Movie,Thriller,Apple TV+,1983,131,0,2026-05-23T22:32:41.878866
TITLE_000777,Front-line heuristic emulation 2002,Special,Drama,Disney,2002,3875,0,2026-05-23T22:32:41.878873
TITLE_000778,Reverse-engineered fault-tolerant circuit 2017,Miniseries,Thriller,Disney,2017,3663,0,2026-05-23T22:32:41.878880
TITLE_000779,Proactive 24hour definition 2003,Documentary,Action,Disney,2003,3281,0,2026-05-23T22:32:41.878886
TITLE_000780,Object-based 6thgeneration solution 2007,Special,Horror,Universal,2007,2173,0,2026-05-23T22:32:41.878893
TITLE_000781,Extended homogeneous knowledge user 2023,Movie,Drama,Apple TV+,2023,115,0,2026-05-23T22:32:41.878900
TITLE_000782,Organized discrete extranet 2011,TV Series,Animation,Disney,2011,931,7,2026-05-23T22:32:41.878907
TITLE_000783,Enhanced upward-trending throughput 2008,Miniseries,Thriller,Netflix Studios,2008,1252,0,2026-05-23T22:32:41.878915
TITLE_000784,Enterprise-wide needs-based implementation 2014,Movie,Comedy,Universal,2014,160,0,2026-05-23T22:32:41.878922
TITLE_000785,Vision-oriented needs-based moratorium 1980,TV Series,Sci-Fi,Paramount,1980,4352,5,2026-05-23T22:32:41.878929
TITLE_000786,Mandatory reciprocal implementation 2009,TV Series,Horror,Apple TV+,2009,3536,8,2026-05-23T22:32:41.878937
TITLE_000787,Cross-group directional Local Area Network 2003,Documentary,Romance,Sony,2003,4997,0,2026-05-23T22:32:41.878943
TITLE_000788,Multi-channeled fresh-thinking array 2014,Miniseries,Comedy,Paramount,2014,5662,0,2026-05-23T22:32:41.878950
TITLE_000789,Organized hybrid policy 2009,Miniseries,Animation,Paramount,2009,1805,0,2026-05-23T22:32:41.878956
TITLE_000790,User-friendly national Internet solution 1996,Documentary,Romance,Sony,1996,1013,0,2026-05-23T22:32:41.878962
TITLE_000791,Digitized coherent alliance 2015,Documentary,Action,Sony,2015,3308,0,2026-05-23T22:32:41.878968
TITLE_000792,De-engineered demand-driven open architecture 1985,Miniseries,Romance,Disney,1985,2518,0,2026-05-23T22:32:41.878974
TITLE_000793,Persistent leadingedge product 1994,TV Series,Animation,Disney,1994,2060,7,2026-05-23T22:32:41.878980
TITLE_000794,Networked multimedia structure 2024,Documentary,Horror,Sony,2024,1256,0,2026-05-23T22:32:41.878986
TITLE_000795,Function-based bifurcated strategy 1987,Movie,Comedy,Paramount,1987,169,0,2026-05-23T22:32:41.878992
TITLE_000796,Future-proofed 24hour service-desk 2009,Documentary,Comedy,Universal,2009,2296,0,2026-05-23T22:32:41.879002
TITLE_000797,Triple-buffered dedicated installation 2022,Documentary,Sci-Fi,Universal,2022,3761,0,2026-05-23T22:32:41.879009
TITLE_000798,Optimized uniform infrastructure 2002,Special,Animation,Disney,2002,637,0,2026-05-23T22:32:41.879016
TITLE_000799,Open-architected object-oriented framework 1986,Movie,Horror,Warner Bros,1986,95,0,2026-05-23T22:32:41.879021
TITLE_000800,Object-based content-based adapter 1996,Miniseries,Thriller,Apple TV+,1996,5257,0,2026-05-23T22:32:41.879027
TITLE_000801,Implemented coherent synergy 2014,Special,Drama,Sony,2014,4420,0,2026-05-23T22:32:41.879034
TITLE_000802,Virtual context-sensitive toolset 1998,Miniseries,Comedy,Warner Bros,1998,2485,0,2026-05-23T22:32:41.879041
TITLE_000803,Open-architected grid-enabled moderator 2010,Special,Animation,Disney,2010,2975,0,2026-05-23T22:32:41.879048
TITLE_000804,Focused optimal frame 2000,Miniseries,Action,Netflix Studios,2000,5091,0,2026-05-23T22:32:41.879054
TITLE_000805,Multi-layered solution-oriented parallelism 1987,Documentary,Comedy,Disney,1987,739,0,2026-05-23T22:32:41.879061
TITLE_000806,Open-architected zero administration customer loyalty 1996,TV Series,Action,Apple TV+,1996,2559,8,2026-05-23T22:32:41.879068
TITLE_000807,Proactive fresh-thinking contingency 1986,Special,Action,Warner Bros,1986,3263,0,2026-05-23T22:32:41.879074
TITLE_000808,Ergonomic web-enabled moratorium 1982,Miniseries,Thriller,Disney,1982,5888,0,2026-05-23T22:32:41.879082
TITLE_000809,De-engineered uniform attitude 2010,Miniseries,Action,Sony,2010,1111,0,2026-05-23T22:32:41.879089
TITLE_000810,Innovative encompassing contingency 2022,TV Series,Drama,Paramount,2022,2970,3,2026-05-23T22:32:41.879096
TITLE_000811,Persistent intermediate synergy 2000,Movie,Drama,Universal,2000,74,0,2026-05-23T22:32:41.879103
TITLE_000812,Synergistic stable complexity 2023,Documentary,Romance,Disney,2023,2978,0,2026-05-23T22:32:41.879110
TITLE_000813,Up-sized 4thgeneration structure 2024,Documentary,Drama,Warner Bros,2024,5350,0,2026-05-23T22:32:41.879117
TITLE_000814,Self-enabling systematic contingency 2024,Movie,Romance,Disney,2024,169,0,2026-05-23T22:32:41.879124
TITLE_000815,Programmable homogeneous focus group 2004,Miniseries,Action,Paramount,2004,2597,0,2026-05-23T22:32:41.879130
TITLE_000816,Phased high-level support 2006,Miniseries,Action,Disney,2006,2236,0,2026-05-23T22:32:41.879138
TITLE_000817,Future-proofed context-sensitive success 1988,Movie,Comedy,Sony,1988,49,0,2026-05-23T22:32:41.879145
TITLE_000818,Compatible full-range encoding 1986,TV Series,Drama,Warner Bros,1986,1972,8,2026-05-23T22:32:41.879153
TITLE_000819,Seamless optimal architecture 2016,Miniseries,Sci-Fi,Disney,2016,4245,0,2026-05-23T22:32:41.879160
TITLE_000820,Public-key 4thgeneration alliance 1986,Movie,Comedy,Apple TV+,1986,171,0,2026-05-23T22:32:41.879166
TITLE_000821,Reverse-engineered impactful emulation 2000,Movie,Sci-Fi,Disney,2000,69,0,2026-05-23T22:32:41.879173
TITLE_000822,Multi-layered even-keeled system engine 2008,Miniseries,Drama,Netflix Studios,2008,5916,0,2026-05-23T22:32:41.879180
TITLE_000823,Automated interactive adapter 2000,Miniseries,Horror,Disney,2000,5034,0,2026-05-23T22:32:41.879206
TITLE_000824,Persevering 4thgeneration migration 2008,Documentary,Drama,Paramount,2008,1731,0,2026-05-23T22:32:41.879215
TITLE_000825,Front-line exuding throughput 2011,TV Series,Horror,Disney,2011,5710,4,2026-05-23T22:32:41.879223
TITLE_000826,Phased tertiary secured line 2002,TV Series,Sci-Fi,Apple TV+,2002,2732,4,2026-05-23T22:32:41.879230
TITLE_000827,Automated fault-tolerant array 1994,Movie,Sci-Fi,Netflix Studios,1994,90,0,2026-05-23T22:32:41.879238
TITLE_000828,Multi-layered non-volatile utilization 2001,Movie,Sci-Fi,Sony,2001,78,0,2026-05-23T22:32:41.879245
TITLE_000829,Versatile discrete focus group 2003,Documentary,Horror,Apple TV+,2003,4627,0,2026-05-23T22:32:41.879252
TITLE_000830,Distributed didactic moratorium 1983,Documentary,Horror,Disney,1983,4140,0,2026-05-23T22:32:41.879258
TITLE_000831,Cross-group encompassing open system 1981,Documentary,Horror,Netflix Studios,1981,1010,0,2026-05-23T22:32:41.879265
TITLE_000832,Persevering multi-tasking extranet 2009,Movie,Thriller,Paramount,2009,132,0,2026-05-23T22:32:41.879273
TITLE_000833,Polarized encompassing orchestration 1981,Miniseries,Romance,Netflix Studios,1981,3924,0,2026-05-23T22:32:41.879280
TITLE_000834,Open-source context-sensitive core 1986,TV Series,Comedy,Disney,1986,2131,2,2026-05-23T22:32:41.879287
TITLE_000835,Fully-configurable systemic encoding 2010,Movie,Thriller,Disney,2010,115,0,2026-05-23T22:32:41.879293
TITLE_000836,Balanced optimizing groupware 2012,TV Series,Thriller,Paramount,2012,3327,8,2026-05-23T22:32:41.879301
TITLE_000837,Compatible regional help-desk 2017,Miniseries,Animation,Universal,2017,3344,0,2026-05-23T22:32:41.879307
TITLE_000838,Optimized bi-directional definition 1989,TV Series,Horror,Netflix Studios,1989,2319,3,2026-05-23T22:32:41.879314
TITLE_000839,Enterprise-wide 3rdgeneration moratorium 2015,Miniseries,Sci-Fi,Warner Bros,2015,5472,0,2026-05-23T22:32:41.879320
TITLE_000840,Advanced coherent strategy 2001,Movie,Romance,Netflix Studios,2001,67,0,2026-05-23T22:32:41.879325
TITLE_000841,Exclusive explicit architecture 1992,TV Series,Horror,Paramount,1992,5509,1,2026-05-23T22:32:41.879332
TITLE_000842,Multi-tiered composite product 1980,Miniseries,Comedy,Apple TV+,1980,4990,0,2026-05-23T22:32:41.879338
TITLE_000843,Face-to-face encompassing hub 2004,Movie,Horror,Netflix Studios,2004,66,0,2026-05-23T22:32:41.879344
TITLE_000844,Persevering tertiary data-warehouse 1990,Documentary,Thriller,Apple TV+,1990,2263,0,2026-05-23T22:32:41.879350
TITLE_000845,Virtual non-volatile ability 1994,Special,Horror,Apple TV+,1994,3232,0,2026-05-23T22:32:41.879356
TITLE_000846,Expanded encompassing portal 1988,TV Series,Horror,Warner Bros,1988,1855,3,2026-05-23T22:32:41.879363
TITLE_000847,Devolved attitude-oriented data-warehouse 2012,Movie,Romance,Warner Bros,2012,160,0,2026-05-23T22:32:41.879369
TITLE_000848,Streamlined heuristic pricing structure 2020,Documentary,Animation,Warner Bros,2020,3217,0,2026-05-23T22:32:41.879376
TITLE_000849,Open-source holistic project 2018,Miniseries,Sci-Fi,Netflix Studios,2018,5912,0,2026-05-23T22:32:41.879382
TITLE_000850,Reduced static matrix 2009,Documentary,Drama,Warner Bros,2009,2872,0,2026-05-23T22:32:41.879391
TITLE_000851,Multi-channeled radical Graphic Interface 1993,Documentary,Thriller,Warner Bros,1993,3784,0,2026-05-23T22:32:41.879397
TITLE_000852,Monitored human-resource portal 2010,Documentary,Animation,Disney,2010,5841,0,2026-05-23T22:32:41.879404
TITLE_000853,Multi-tiered context-sensitive migration 2001,Miniseries,Horror,Sony,2001,2273,0,2026-05-23T22:32:41.879410
TITLE_000854,Assimilated systemic policy 1987,Special,Romance,Universal,1987,5247,0,2026-05-23T22:32:41.879416
TITLE_000855,Universal static functionalities 2000,Movie,Thriller,Netflix Studios,2000,180,0,2026-05-23T22:32:41.879424
TITLE_000856,Implemented contextually-based Local Area Network 2022,Miniseries,Action,Warner Bros,2022,4503,0,2026-05-23T22:32:41.879431
TITLE_000857,Digitized tertiary middleware 2003,Special,Sci-Fi,Netflix Studios,2003,4145,0,2026-05-23T22:32:41.879438
TITLE_000858,Intuitive reciprocal portal 2015,Special,Romance,Warner Bros,2015,2798,0,2026-05-23T22:32:41.879446
TITLE_000859,Re-contextualized zero-defect infrastructure 2009,Movie,Animation,Sony,2009,116,0,2026-05-23T22:32:41.879452
TITLE_000860,Universal exuding artificial intelligence 2010,Movie,Sci-Fi,Disney,2010,137,0,2026-05-23T22:32:41.879459
TITLE_000861,Managed motivating task-force 2001,Miniseries,Romance,Paramount,2001,2438,0,2026-05-23T22:32:41.879465
TITLE_000862,Reactive user-facing infrastructure 2020,TV Series,Drama,Universal,2020,1347,1,2026-05-23T22:32:41.879472
TITLE_000863,Total incremental secured line 2013,TV Series,Horror,Paramount,2013,3284,5,2026-05-23T22:32:41.879479
TITLE_000864,Persistent solution-oriented archive 2013,Special,Horror,Sony,2013,2902,0,2026-05-23T22:32:41.879485
TITLE_000865,Re-contextualized logistical groupware 1996,Documentary,Drama,Warner Bros,1996,4845,0,2026-05-23T22:32:41.879491
TITLE_000866,Advanced hybrid Graphic Interface 2024,Documentary,Action,Netflix Studios,2024,5123,0,2026-05-23T22:32:41.879498
TITLE_000867,Open-architected composite alliance 2009,TV Series,Romance,Disney,2009,670,3,2026-05-23T22:32:41.879504
TITLE_000868,Cloned tangible collaboration 2018,TV Series,Horror,Apple TV+,2018,5600,6,2026-05-23T22:32:41.879512
TITLE_000869,Streamlined dynamic architecture 1985,Special,Drama,Paramount,1985,2751,0,2026-05-23T22:32:41.879518
TITLE_000870,Managed holistic support 2003,TV Series,Sci-Fi,Sony,2003,1192,2,2026-05-23T22:32:41.879526
TITLE_000871,Upgradable mission-critical support 2000,Documentary,Animation,Warner Bros,2000,3864,0,2026-05-23T22:32:41.879532
TITLE_000872,Decentralized hybrid access 1980,Miniseries,Comedy,Universal,1980,2659,0,2026-05-23T22:32:41.879538
TITLE_000873,Business-focused 5thgeneration flexibility 1993,Special,Animation,Paramount,1993,5054,0,2026-05-23T22:32:41.879544
TITLE_000874,Digitized upward-trending software 2001,Movie,Sci-Fi,Disney,2001,175,0,2026-05-23T22:32:41.879552
TITLE_000875,Seamless static encryption 1998,Documentary,Comedy,Sony,1998,1539,0,2026-05-23T22:32:41.879559
TITLE_000876,Fully-configurable real-time neural-net 2020,Movie,Animation,Universal,2020,97,0,2026-05-23T22:32:41.879566
TITLE_000877,Multi-tiered leadingedge hub 2006,TV Series,Comedy,Universal,2006,5235,1,2026-05-23T22:32:41.879573
TITLE_000878,Visionary 6thgeneration strategy 1982,TV Series,Horror,Apple TV+,1982,2551,1,2026-05-23T22:32:41.879579
TITLE_000879,Reduced well-modulated algorithm 2005,Miniseries,Horror,Sony,2005,3208,0,2026-05-23T22:32:41.879586
TITLE_000880,Profit-focused directional approach 1997,Movie,Drama,Sony,1997,46,0,2026-05-23T22:32:41.879595
TITLE_000881,Phased multi-tasking hierarchy 2017,Documentary,Action,Disney,2017,3154,0,2026-05-23T22:32:41.879604
TITLE_000882,Right-sized context-sensitive firmware 2006,Miniseries,Comedy,Universal,2006,361,0,2026-05-23T22:32:41.879611
TITLE_000883,Vision-oriented regional info-mediaries 2008,Miniseries,Romance,Sony,2008,3880,0,2026-05-23T22:32:41.879619
TITLE_000884,User-friendly 24/7 moderator 1987,Miniseries,Drama,Sony,1987,5130,0,2026-05-23T22:32:41.879626
TITLE_000885,Mandatory 3rdgeneration Graphic Interface 2021,TV Series,Sci-Fi,Sony,2021,4474,6,2026-05-23T22:32:41.879633
TITLE_000886,Digitized fault-tolerant utilization 1992,TV Series,Horror,Disney,1992,4957,2,2026-05-23T22:32:41.879640
TITLE_000887,Front-line regional task-force 1989,Movie,Horror,Sony,1989,172,0,2026-05-23T22:32:41.879646
TITLE_000888,Re-contextualized bandwidth-monitored contingency 1980,Movie,Animation,Sony,1980,79,0,2026-05-23T22:32:41.879653
TITLE_000889,Optimized analyzing complexity 2020,Movie,Sci-Fi,Paramount,2020,118,0,2026-05-23T22:32:41.879660
TITLE_000890,Profit-focused impactful productivity 1984,Miniseries,Animation,Sony,1984,1805,0,2026-05-23T22:32:41.879666
TITLE_000891,Public-key secondary moderator 2014,Miniseries,Horror,Universal,2014,5029,0,2026-05-23T22:32:41.879672
TITLE_000892,Team-oriented web-enabled encryption 2003,Movie,Romance,Paramount,2003,101,0,2026-05-23T22:32:41.879679
TITLE_000893,Visionary disintermediate task-force 1992,TV Series,Action,Universal,1992,5154,5,2026-05-23T22:32:41.879687
TITLE_000894,Up-sized 24/7 secured line 2023,Movie,Horror,Disney,2023,165,0,2026-05-23T22:32:41.879695
TITLE_000895,Integrated stable attitude 2006,Movie,Horror,Netflix Studios,2006,75,0,2026-05-23T22:32:41.879701
TITLE_000896,Expanded hybrid throughput 2012,Documentary,Romance,Netflix Studios,2012,944,0,2026-05-23T22:32:41.879708
TITLE_000897,Enhanced demand-driven project 2024,TV Series,Romance,Netflix Studios,2024,642,6,2026-05-23T22:32:41.879715
TITLE_000898,Sharable multimedia open architecture 1996,Documentary,Animation,Paramount,1996,5745,0,2026-05-23T22:32:41.879722
TITLE_000899,Phased human-resource hierarchy 2017,Special,Horror,Paramount,2017,2950,0,2026-05-23T22:32:41.879728
TITLE_000900,Open-source cohesive help-desk 1987,TV Series,Romance,Disney,1987,1119,3,2026-05-23T22:32:41.879735
TITLE_000901,Stand-alone directional knowledge user 1990,Documentary,Horror,Netflix Studios,1990,2759,0,2026-05-23T22:32:41.879742
TITLE_000902,Horizontal empowering middleware 2006,TV Series,Comedy,Disney,2006,4800,2,2026-05-23T22:32:41.879750
TITLE_000903,Extended dynamic encoding 2000,Special,Drama,Netflix Studios,2000,5128,0,2026-05-23T22:32:41.879757
TITLE_000904,Mandatory homogeneous moratorium 1996,Movie,Animation,Apple TV+,1996,159,0,2026-05-23T22:32:41.879764
TITLE_000905,Automated multi-tasking alliance 2003,Special,Sci-Fi,Universal,2003,1577,0,2026-05-23T22:32:41.879771
TITLE_000906,Streamlined homogeneous attitude 1981,Special,Sci-Fi,Sony,1981,549,0,2026-05-23T22:32:41.879777
TITLE_000907,Customizable encompassing access 1986,Movie,Horror,Universal,1986,143,0,2026-05-23T22:32:41.879784
TITLE_000908,Operative didactic hub 2024,Miniseries,Comedy,Warner Bros,2024,526,0,2026-05-23T22:32:41.879790
TITLE_000909,Implemented non-volatile productivity 1988,Movie,Thriller,Disney,1988,170,0,2026-05-23T22:32:41.879797
TITLE_000910,Cloned impactful contingency 2004,Documentary,Action,Paramount,2004,1223,0,2026-05-23T22:32:41.879805
TITLE_000911,Future-proofed tangible Internet solution 2003,Special,Thriller,Warner Bros,2003,4950,0,2026-05-23T22:32:41.879812
TITLE_000912,Ameliorated local superstructure 2000,Special,Thriller,Paramount,2000,1938,0,2026-05-23T22:32:41.879818
TITLE_000913,Intuitive grid-enabled superstructure 2021,Movie,Romance,Netflix Studios,2021,109,0,2026-05-23T22:32:41.879827
TITLE_000914,Centralized bottom-line strategy 1996,Documentary,Romance,Warner Bros,1996,758,0,2026-05-23T22:32:41.879834
TITLE_000915,Organized holistic framework 2013,Documentary,Animation,Sony,2013,2181,0,2026-05-23T22:32:41.879842
TITLE_000916,Devolved background time-frame 2021,Documentary,Romance,Disney,2021,632,0,2026-05-23T22:32:41.879849
TITLE_000917,Re-engineered asymmetric superstructure 2004,TV Series,Horror,Disney,2004,2811,2,2026-05-23T22:32:41.879855
TITLE_000918,De-engineered scalable throughput 2023,TV Series,Romance,Apple TV+,2023,4298,4,2026-05-23T22:32:41.879863
TITLE_000919,Reverse-engineered well-modulated projection 1991,TV Series,Thriller,Warner Bros,1991,777,2,2026-05-23T22:32:41.879870
TITLE_000920,Synchronized system-worthy protocol 2003,Special,Romance,Apple TV+,2003,3069,0,2026-05-23T22:32:41.879877
TITLE_000921,Innovative context-sensitive attitude 1994,Miniseries,Sci-Fi,Warner Bros,1994,3798,0,2026-05-23T22:32:41.879884
TITLE_000922,Horizontal cohesive migration 2022,TV Series,Romance,Warner Bros,2022,1163,4,2026-05-23T22:32:41.879891
TITLE_000923,User-friendly holistic encoding 2016,Miniseries,Thriller,Netflix Studios,2016,1005,0,2026-05-23T22:32:41.879898
TITLE_000924,Streamlined responsive database 2014,Movie,Sci-Fi,Universal,2014,46,0,2026-05-23T22:32:41.879904
TITLE_000925,Proactive non-volatile flexibility 2012,Documentary,Comedy,Apple TV+,2012,797,0,2026-05-23T22:32:41.879910
TITLE_000926,Business-focused bifurcated success 1997,Movie,Action,Universal,1997,103,0,2026-05-23T22:32:41.879916
TITLE_000927,Expanded cohesive instruction set 2022,TV Series,Action,Disney,2022,1343,8,2026-05-23T22:32:41.879924
TITLE_000928,Face-to-face bandwidth-monitored algorithm 2000,Documentary,Drama,Sony,2000,5034,0,2026-05-23T22:32:41.879930
TITLE_000929,Ameliorated explicit knowledgebase 1996,TV Series,Drama,Apple TV+,1996,962,3,2026-05-23T22:32:41.879937
TITLE_000930,Decentralized uniform task-force 1986,Miniseries,Animation,Warner Bros,1986,1714,0,2026-05-23T22:32:41.879944
TITLE_000931,Face-to-face multi-state migration 2024,Special,Romance,Netflix Studios,2024,2097,0,2026-05-23T22:32:41.879950
TITLE_000932,Proactive clear-thinking Graphical User Interface 1994,Special,Action,Warner Bros,1994,1149,0,2026-05-23T22:32:41.879957
TITLE_000933,Progressive dynamic emulation 2008,Movie,Animation,Paramount,2008,128,0,2026-05-23T22:32:41.879966
TITLE_000934,Programmable leadingedge structure 1994,Documentary,Thriller,Netflix Studios,1994,4582,0,2026-05-23T22:32:41.879972
TITLE_000935,Reduced uniform hierarchy 1986,Documentary,Sci-Fi,Disney,1986,5646,0,2026-05-23T22:32:41.879979
TITLE_000936,Team-oriented holistic core 2014,TV Series,Thriller,Warner Bros,2014,3270,2,2026-05-23T22:32:41.879986
TITLE_000937,Diverse 6thgeneration neural-net 2001,Documentary,Comedy,Netflix Studios,2001,3895,0,2026-05-23T22:32:41.879994
TITLE_000938,Balanced responsive framework 2006,Special,Horror,Universal,2006,3869,0,2026-05-23T22:32:41.880001
TITLE_000939,Public-key exuding collaboration 2005,Miniseries,Sci-Fi,Disney,2005,855,0,2026-05-23T22:32:41.880008
TITLE_000940,Re-engineered heuristic instruction set 2014,Special,Thriller,Universal,2014,3878,0,2026-05-23T22:32:41.880015
TITLE_000941,Managed contextually-based initiative 1986,Movie,Sci-Fi,Warner Bros,1986,161,0,2026-05-23T22:32:41.880022
TITLE_000942,Virtual multi-state middleware 1982,Movie,Thriller,Apple TV+,1982,167,0,2026-05-23T22:32:41.880028
TITLE_000943,De-engineered uniform emulation 2000,Documentary,Sci-Fi,Disney,2000,3842,0,2026-05-23T22:32:41.880034
TITLE_000944,Persistent multi-tasking framework 1987,Special,Animation,Netflix Studios,1987,680,0,2026-05-23T22:32:41.880041
TITLE_000945,Diverse upward-trending database 2025,TV Series,Thriller,Paramount,2025,5255,5,2026-05-23T22:32:41.880049
TITLE_000946,Fully-configurable composite emulation 2014,Special,Action,Universal,2014,1348,0,2026-05-23T22:32:41.880055
TITLE_000947,Visionary multi-state architecture 1993,Movie,Romance,Apple TV+,1993,101,0,2026-05-23T22:32:41.880061
TITLE_000948,Secured intangible projection 2019,Special,Animation,Disney,2019,1496,0,2026-05-23T22:32:41.880068
TITLE_000949,Multi-lateral fresh-thinking matrix 1985,Special,Comedy,Warner Bros,1985,3903,0,2026-05-23T22:32:41.880075
TITLE_000950,Self-enabling fault-tolerant website 2013,Movie,Romance,Warner Bros,2013,136,0,2026-05-23T22:32:41.880083
TITLE_000951,Managed 5thgeneration pricing structure 2018,Documentary,Drama,Disney,2018,2535,0,2026-05-23T22:32:41.880089
TITLE_000952,Balanced systemic open system 1995,Documentary,Romance,Apple TV+,1995,3585,0,2026-05-23T22:32:41.880097
TITLE_000953,Horizontal human-resource process improvement 2017,Documentary,Romance,Universal,2017,345,0,2026-05-23T22:32:41.880103
TITLE_000954,Optional maximized capacity 2011,TV Series,Romance,Paramount,2011,3759,8,2026-05-23T22:32:41.880111
TITLE_000955,Monitored regional adapter 2014,TV Series,Thriller,Sony,2014,474,2,2026-05-23T22:32:41.880118
TITLE_000956,Diverse coherent intranet 2001,Miniseries,Sci-Fi,Universal,2001,3420,0,2026-05-23T22:32:41.880126
TITLE_000957,Managed contextually-based application 2012,Special,Animation,Apple TV+,2012,850,0,2026-05-23T22:32:41.880133
TITLE_000958,Cloned solution-oriented strategy 2025,TV Series,Comedy,Universal,2025,1633,3,2026-05-23T22:32:41.880140
TITLE_000959,Configurable real-time portal 2003,TV Series,Sci-Fi,Paramount,2003,4668,2,2026-05-23T22:32:41.880147
TITLE_000960,Right-sized zero-defect system engine 2023,Special,Comedy,Warner Bros,2023,3278,0,2026-05-23T22:32:41.880155
TITLE_000961,User-centric 3rdgeneration throughput 1993,Special,Action,Paramount,1993,3024,0,2026-05-23T22:32:41.880162
TITLE_000962,Robust neutral frame 1996,Movie,Romance,Paramount,1996,73,0,2026-05-23T22:32:41.880169
TITLE_000963,Profit-focused well-modulated open architecture 2022,Movie,Action,Apple TV+,2022,176,0,2026-05-23T22:32:41.880176
TITLE_000964,Ameliorated exuding analyzer 2002,Special,Animation,Apple TV+,2002,2131,0,2026-05-23T22:32:41.880183
TITLE_000965,Networked zero administration encoding 1984,Miniseries,Drama,Disney,1984,2111,0,2026-05-23T22:32:41.880189
TITLE_000966,Re-engineered zero tolerance ability 2012,Documentary,Romance,Apple TV+,2012,5694,0,2026-05-23T22:32:41.880196
TITLE_000967,Multi-tiered demand-driven moderator 2000,Miniseries,Comedy,Disney,2000,335,0,2026-05-23T22:32:41.880203
TITLE_000968,Visionary national monitoring 2000,Special,Thriller,Netflix Studios,2000,869,0,2026-05-23T22:32:41.880209
TITLE_000969,Cross-group client-driven function 2025,Miniseries,Sci-Fi,Netflix Studios,2025,5989,0,2026-05-23T22:32:41.880215
TITLE_000970,Ergonomic homogeneous algorithm 2025,Miniseries,Thriller,Sony,2025,3113,0,2026-05-23T22:32:41.880223
TITLE_000971,Stand-alone object-oriented forecast 2006,Documentary,Drama,Netflix Studios,2006,350,0,2026-05-23T22:32:41.880229
TITLE_000972,Vision-oriented bandwidth-monitored adapter 2018,TV Series,Romance,Disney,2018,5214,3,2026-05-23T22:32:41.880238
TITLE_000973,Networked hybrid success 2019,TV Series,Animation,Netflix Studios,2019,3174,2,2026-05-23T22:32:41.880245
TITLE_000974,Pre-emptive optimizing complexity 1994,Movie,Horror,Netflix Studios,1994,73,0,2026-05-23T22:32:41.880253
TITLE_000975,Proactive reciprocal array 1990,Movie,Drama,Universal,1990,57,0,2026-05-23T22:32:41.880259
TITLE_000976,Open-source encompassing methodology 1990,TV Series,Comedy,Paramount,1990,2463,4,2026-05-23T22:32:41.880266
TITLE_000977,Open-architected regional middleware 1992,Documentary,Comedy,Disney,1992,3573,0,2026-05-23T22:32:41.880275
TITLE_000978,Operative impactful methodology 1987,Documentary,Drama,Sony,1987,2718,0,2026-05-23T22:32:41.880282
TITLE_000979,Advanced clear-thinking extranet 2019,Movie,Romance,Warner Bros,2019,54,0,2026-05-23T22:32:41.880289
TITLE_000980,Quality-focused eco-centric collaboration 1999,Documentary,Thriller,Sony,1999,1608,0,2026-05-23T22:32:41.880295
TITLE_000981,Expanded actuating strategy 1992,Miniseries,Horror,Sony,1992,540,0,2026-05-23T22:32:41.880303
TITLE_000982,Ameliorated high-level protocol 1998,TV Series,Drama,Paramount,1998,766,2,2026-05-23T22:32:41.880310
TITLE_000983,Synergistic eco-centric artificial intelligence 1980,Miniseries,Drama,Disney,1980,1310,0,2026-05-23T22:32:41.880319
TITLE_000984,Up-sized analyzing moratorium 2007,Special,Sci-Fi,Netflix Studios,2007,4906,0,2026-05-23T22:32:41.880327
TITLE_000985,Optional 4thgeneration leverage 2025,Documentary,Comedy,Netflix Studios,2025,5046,0,2026-05-23T22:32:41.880334
TITLE_000986,Proactive methodical utilization 1990,Special,Thriller,Apple TV+,1990,3773,0,2026-05-23T22:32:41.880340
TITLE_000987,Secured attitude-oriented data-warehouse 1982,TV Series,Animation,Apple TV+,1982,1082,1,2026-05-23T22:32:41.880347
TITLE_000988,Decentralized homogeneous structure 1992,Movie,Action,Paramount,1992,56,0,2026-05-23T22:32:41.880355
TITLE_000989,User-centric client-driven info-mediaries 1988,Special,Thriller,Sony,1988,5816,0,2026-05-23T22:32:41.880361
TITLE_000990,Up-sized intermediate hierarchy 1981,Movie,Action,Netflix Studios,1981,130,0,2026-05-23T22:32:41.880368
TITLE_000991,Vision-oriented multi-state access 2025,Special,Action,Warner Bros,2025,2947,0,2026-05-23T22:32:41.880375
TITLE_000992,Innovative 6thgeneration ability 1980,Special,Comedy,Netflix Studios,1980,4639,0,2026-05-23T22:32:41.880382
TITLE_000993,Implemented 6thgeneration conglomeration 2023,TV Series,Sci-Fi,Warner Bros,2023,5625,4,2026-05-23T22:32:41.880389
TITLE_000994,Upgradable actuating architecture 2019,Miniseries,Animation,Disney,2019,5094,0,2026-05-23T22:32:41.880396
TITLE_000995,Multi-channeled bottom-line capability 1991,Movie,Animation,Apple TV+,1991,119,0,2026-05-23T22:32:41.880403
TITLE_000996,Future-proofed web-enabled service-desk 1995,TV Series,Thriller,Apple TV+,1995,552,7,2026-05-23T22:32:41.880412
TITLE_000997,Triple-buffered 3rdgeneration array 2025,Documentary,Action,Netflix Studios,2025,1670,0,2026-05-23T22:32:41.880419
TITLE_000998,Profit-focused incremental matrix 2005,Miniseries,Action,Apple TV+,2005,4368,0,2026-05-23T22:32:41.880428
TITLE_000999,Ergonomic zero-defect Internet solution 1984,Miniseries,Horror,Universal,1984,3120,0,2026-05-23T22:32:41.880435
TITLE_001000,Realigned modular artificial intelligence 1980,Miniseries,Sci-Fi,Paramount,1980,2239,0,2026-05-23T22:32:41.880440
TITLE_001001,Self-enabling 24hour array 2024,Special,Thriller,Sony,2024,2264,0,2026-05-23T22:32:41.880448
TITLE_001002,De-engineered hybrid artificial intelligence 2023,Miniseries,Animation,Paramount,2023,410,0,2026-05-23T22:32:41.880454
TITLE_001003,Cloned object-oriented strategy 1982,TV Series,Action,Netflix Studios,1982,2978,3,2026-05-23T22:32:41.880460
TITLE_001004,Mandatory multimedia pricing structure 1980,Movie,Action,Apple TV+,1980,55,0,2026-05-23T22:32:41.880467
TITLE_001005,User-friendly empowering neural-net 1990,TV Series,Drama,Disney,1990,5470,3,2026-05-23T22:32:41.880474
TITLE_001006,Reactive responsive artificial intelligence 1980,Documentary,Horror,Apple TV+,1980,3157,0,2026-05-23T22:32:41.880480
TITLE_001007,Realigned homogeneous pricing structure 1999,Special,Horror,Sony,1999,3930,0,2026-05-23T22:32:41.880486
TITLE_001008,Diverse static alliance 2007,Miniseries,Drama,Apple TV+,2007,1644,0,2026-05-23T22:32:41.880493
TITLE_001009,Multi-channeled systemic model 2021,Miniseries,Drama,Disney,2021,865,0,2026-05-23T22:32:41.880501
TITLE_001010,Cross-group uniform challenge 1991,Miniseries,Action,Universal,1991,4378,0,2026-05-23T22:32:41.880507
TITLE_001011,Secured responsive emulation 2023,TV Series,Thriller,Sony,2023,638,5,2026-05-23T22:32:41.880516
TITLE_001012,Vision-oriented tertiary application 2022,Documentary,Comedy,Paramount,2022,472,0,2026-05-23T22:32:41.880524
TITLE_001013,Grass-roots dynamic emulation 2019,Documentary,Action,Universal,2019,4973,0,2026-05-23T22:32:41.880530
TITLE_001014,Right-sized neutral definition 2017,TV Series,Comedy,Netflix Studios,2017,2219,8,2026-05-23T22:32:41.880537
TITLE_001015,Horizontal contextually-based hardware 2007,Documentary,Comedy,Warner Bros,2007,2181,0,2026-05-23T22:32:41.880543
TITLE_001016,Down-sized full-range function 2013,Movie,Drama,Netflix Studios,2013,105,0,2026-05-23T22:32:41.880549
TITLE_001017,Streamlined bandwidth-monitored support 1990,TV Series,Comedy,Sony,1990,1435,5,2026-05-23T22:32:41.880556
TITLE_001018,User-centric directional leverage 1992,TV Series,Action,Universal,1992,3207,4,2026-05-23T22:32:41.880562
TITLE_001019,Triple-buffered homogeneous knowledge user 1996,Movie,Action,Paramount,1996,171,0,2026-05-23T22:32:41.880569
TITLE_001020,Fully-configurable homogeneous groupware 1982,Documentary,Comedy,Paramount,1982,422,0,2026-05-23T22:32:41.880576
TITLE_001021,Total systematic parallelism 2014,Movie,Drama,Warner Bros,2014,46,0,2026-05-23T22:32:41.880582
TITLE_001022,Enterprise-wide optimizing infrastructure 2013,TV Series,Animation,Netflix Studios,2013,1150,7,2026-05-23T22:32:41.880589
TITLE_001023,Automated bandwidth-monitored matrix 1997,Miniseries,Drama,Netflix Studios,1997,5131,0,2026-05-23T22:32:41.880596
TITLE_001024,Re-contextualized uniform middleware 1992,Miniseries,Action,Sony,1992,3918,0,2026-05-23T22:32:41.880602
TITLE_001025,User-friendly grid-enabled contingency 2012,Documentary,Romance,Apple TV+,2012,2898,0,2026-05-23T22:32:41.880609
TITLE_001026,Synergistic cohesive software 2019,TV Series,Sci-Fi,Apple TV+,2019,352,5,2026-05-23T22:32:41.880616
TITLE_001027,Secured mobile architecture 2025,Special,Thriller,Apple TV+,2025,878,0,2026-05-23T22:32:41.880623
TITLE_001028,Synergized eco-centric support 2018,Documentary,Horror,Disney,2018,5650,0,2026-05-23T22:32:41.880629
TITLE_001029,Assimilated discrete customer loyalty 1980,Special,Animation,Apple TV+,1980,3300,0,2026-05-23T22:32:41.880635
TITLE_001030,Function-based bi-directional workforce 1980,Documentary,Drama,Sony,1980,4872,0,2026-05-23T22:32:41.880645
TITLE_001031,Open-source explicit projection 2024,Special,Horror,Apple TV+,2024,5226,0,2026-05-23T22:32:41.880652
TITLE_001032,Customizable transitional initiative 2020,Miniseries,Sci-Fi,Netflix Studios,2020,4571,0,2026-05-23T22:32:41.880658
TITLE_001033,Synchronized full-range open system 2013,Movie,Romance,Warner Bros,2013,75,0,2026-05-23T22:32:41.880664
TITLE_001034,Object-based context-sensitive superstructure 2024,Miniseries,Action,Warner Bros,2024,5339,0,2026-05-23T22:32:41.880671
TITLE_001035,Diverse stable instruction set 2015,Special,Romance,Warner Bros,2015,3942,0,2026-05-23T22:32:41.880677
TITLE_001036,Switchable multimedia collaboration 2021,Miniseries,Animation,Sony,2021,4550,0,2026-05-23T22:32:41.880682
TITLE_001037,Sharable 6thgeneration core 1981,Documentary,Horror,Disney,1981,4865,0,2026-05-23T22:32:41.880689
TITLE_001038,Phased tertiary architecture 1987,TV Series,Thriller,Apple TV+,1987,3372,2,2026-05-23T22:32:41.880695
TITLE_001039,Reactive explicit system engine 2017,Documentary,Thriller,Disney,2017,3167,0,2026-05-23T22:32:41.880702
TITLE_001040,Multi-tiered heuristic analyzer 2008,Special,Comedy,Sony,2008,5309,0,2026-05-23T22:32:41.880708
TITLE_001041,Compatible 3rdgeneration focus group 1984,Movie,Drama,Sony,1984,160,0,2026-05-23T22:32:41.880716
TITLE_001042,Automated uniform workforce 2018,Movie,Horror,Warner Bros,2018,119,0,2026-05-23T22:32:41.880723
TITLE_001043,Streamlined context-sensitive benchmark 1992,Miniseries,Drama,Universal,1992,1453,0,2026-05-23T22:32:41.880729
TITLE_001044,Mandatory even-keeled productivity 1988,Movie,Sci-Fi,Apple TV+,1988,53,0,2026-05-23T22:32:41.880735
TITLE_001045,Down-sized homogeneous adapter 1984,Special,Comedy,Universal,1984,4480,0,2026-05-23T22:32:41.880741
TITLE_001046,Integrated foreground core 1999,Miniseries,Action,Warner Bros,1999,4484,0,2026-05-23T22:32:41.880749
TITLE_001047,Extended executive strategy 1990,Miniseries,Drama,Apple TV+,1990,1444,0,2026-05-23T22:32:41.880756
TITLE_001048,Synergized asynchronous function 2002,Movie,Drama,Sony,2002,83,0,2026-05-23T22:32:41.880762
TITLE_001049,Multi-layered regional migration 2018,Miniseries,Horror,Disney,2018,5207,0,2026-05-23T22:32:41.880769
TITLE_001050,Team-oriented exuding framework 1989,Miniseries,Thriller,Paramount,1989,2804,0,2026-05-23T22:32:41.880777
TITLE_001051,Triple-buffered tertiary middleware 2007,TV Series,Thriller,Sony,2007,3683,2,2026-05-23T22:32:41.880784
TITLE_001052,Phased didactic model 2006,TV Series,Romance,Disney,2006,1349,2,2026-05-23T22:32:41.880790
TITLE_001053,Realigned human-resource complexity 1989,Special,Sci-Fi,Disney,1989,4162,0,2026-05-23T22:32:41.880797
TITLE_001054,Switchable transitional capacity 1989,Movie,Drama,Apple TV+,1989,47,0,2026-05-23T22:32:41.880803
TITLE_001055,Innovative leadingedge software 2025,Movie,Thriller,Universal,2025,174,0,2026-05-23T22:32:41.880809
TITLE_001056,Devolved intermediate leverage 2012,Movie,Sci-Fi,Paramount,2012,99,0,2026-05-23T22:32:41.880816
TITLE_001057,Managed user-facing strategy 1985,TV Series,Sci-Fi,Apple TV+,1985,5934,7,2026-05-23T22:32:41.880824
TITLE_001058,De-engineered foreground artificial intelligence 2000,Special,Animation,Paramount,2000,3373,0,2026-05-23T22:32:41.880830
TITLE_001059,Intuitive stable instruction set 2023,TV Series,Action,Universal,2023,2812,8,2026-05-23T22:32:41.880836
TITLE_001060,Operative zero tolerance superstructure 2005,Documentary,Action,Warner Bros,2005,3417,0,2026-05-23T22:32:41.880842
TITLE_001061,Mandatory bi-directional throughput 1987,Miniseries,Action,Paramount,1987,1477,0,2026-05-23T22:32:41.880849
TITLE_001062,Intuitive directional hierarchy 1990,Miniseries,Thriller,Warner Bros,1990,364,0,2026-05-23T22:32:41.880855
TITLE_001063,Multi-tiered maximized strategy 2009,Documentary,Thriller,Paramount,2009,5684,0,2026-05-23T22:32:41.880862
TITLE_001064,Organized systemic benchmark 1980,Documentary,Action,Netflix Studios,1980,1457,0,2026-05-23T22:32:41.880869
TITLE_001065,Cross-platform context-sensitive array 2002,Documentary,Sci-Fi,Paramount,2002,4051,0,2026-05-23T22:32:41.880874
TITLE_001066,Secured cohesive standardization 2011,Movie,Drama,Universal,2011,78,0,2026-05-23T22:32:41.880881
TITLE_001067,Programmable interactive superstructure 2013,TV Series,Romance,Netflix Studios,2013,4582,6,2026-05-23T22:32:41.880888
TITLE_001068,Upgradable contextually-based neural-net 2010,Miniseries,Romance,Netflix Studios,2010,418,0,2026-05-23T22:32:41.880911
TITLE_001069,Future-proofed high-level synergy 1999,TV Series,Action,Paramount,1999,2934,4,2026-05-23T22:32:41.880924
TITLE_001070,Stand-alone value-added model 1989,Miniseries,Sci-Fi,Universal,1989,2341,0,2026-05-23T22:32:41.880931
TITLE_001071,Mandatory optimal product 2020,Movie,Sci-Fi,Sony,2020,121,0,2026-05-23T22:32:41.880939
TITLE_001072,Sharable executive contingency 2007,Movie,Romance,Sony,2007,112,0,2026-05-23T22:32:41.880945
TITLE_001073,Configurable eco-centric software 2011,Special,Comedy,Netflix Studios,2011,5554,0,2026-05-23T22:32:41.880952
TITLE_001074,Exclusive radical solution 1980,Special,Horror,Disney,1980,1177,0,2026-05-23T22:32:41.880959
TITLE_001075,User-centric 5thgeneration moratorium 1987,Miniseries,Thriller,Disney,1987,5787,0,2026-05-23T22:32:41.880965
TITLE_001076,Down-sized optimizing parallelism 1998,Special,Horror,Warner Bros,1998,1174,0,2026-05-23T22:32:41.880972
TITLE_001077,Implemented neutral budgetary management 1999,TV Series,Comedy,Paramount,1999,874,6,2026-05-23T22:32:41.880978
TITLE_001078,Progressive grid-enabled throughput 1985,Miniseries,Horror,Disney,1985,5007,0,2026-05-23T22:32:41.880986
TITLE_001079,Ergonomic secondary migration 2017,Movie,Drama,Paramount,2017,85,0,2026-05-23T22:32:41.880994
TITLE_001080,Centralized systematic database 2014,Special,Animation,Apple TV+,2014,1282,0,2026-05-23T22:32:41.881001
TITLE_001081,Programmable system-worthy info-mediaries 2025,Special,Comedy,Netflix Studios,2025,1175,0,2026-05-23T22:32:41.881007
TITLE_001082,Exclusive 4thgeneration implementation 1998,Special,Thriller,Universal,1998,1107,0,2026-05-23T22:32:41.881013
TITLE_001083,Profound zero-defect open system 2024,Special,Thriller,Warner Bros,2024,5527,0,2026-05-23T22:32:41.881020
TITLE_001084,Polarized bi-directional Internet solution 1989,Documentary,Comedy,Paramount,1989,2855,0,2026-05-23T22:32:41.881027
TITLE_001085,Automated interactive model 2004,TV Series,Romance,Warner Bros,2004,4677,1,2026-05-23T22:32:41.881033
TITLE_001086,Innovative 24/7 implementation 1988,Documentary,Romance,Disney,1988,3735,0,2026-05-23T22:32:41.881039
TITLE_001087,Sharable eco-centric groupware 1989,Special,Romance,Disney,1989,4279,0,2026-05-23T22:32:41.881045
TITLE_001088,Cloned eco-centric conglomeration 1983,Documentary,Action,Disney,1983,4818,0,2026-05-23T22:32:41.881051
TITLE_001089,Enhanced bandwidth-monitored task-force 2009,Documentary,Drama,Warner Bros,2009,4961,0,2026-05-23T22:32:41.881060
TITLE_001090,Advanced 3rdgeneration application 2009,Movie,Comedy,Warner Bros,2009,180,0,2026-05-23T22:32:41.881066
TITLE_001091,Future-proofed demand-driven contingency 1994,Documentary,Sci-Fi,Paramount,1994,5844,0,2026-05-23T22:32:41.881073
TITLE_001092,Profit-focused client-server conglomeration 1988,Miniseries,Thriller,Netflix Studios,1988,1717,0,2026-05-23T22:32:41.881081
TITLE_001093,Vision-oriented 5thgeneration installation 2019,TV Series,Horror,Disney,2019,4476,8,2026-05-23T22:32:41.881089
TITLE_001094,Triple-buffered encompassing utilization 2024,Special,Animation,Disney,2024,2178,0,2026-05-23T22:32:41.881096
TITLE_001095,Networked 3rdgeneration hierarchy 1992,Special,Romance,Sony,1992,3173,0,2026-05-23T22:32:41.881104
TITLE_001096,Multi-tiered methodical focus group 1993,Movie,Drama,Sony,1993,170,0,2026-05-23T22:32:41.881111
TITLE_001097,Compatible global leverage 2005,Miniseries,Action,Universal,2005,4263,0,2026-05-23T22:32:41.881117
TITLE_001098,Advanced mission-critical contingency 2020,Miniseries,Comedy,Sony,2020,1370,0,2026-05-23T22:32:41.881124
TITLE_001099,Up-sized scalable frame 2005,Documentary,Drama,Sony,2005,1309,0,2026-05-23T22:32:41.881131
TITLE_001100,Monitored uniform strategy 2019,Special,Drama,Netflix Studios,2019,306,0,2026-05-23T22:32:41.881137
TITLE_001101,Diverse systemic methodology 2007,Special,Sci-Fi,Sony,2007,3640,0,2026-05-23T22:32:41.881144
TITLE_001102,Seamless didactic interface 1983,TV Series,Animation,Apple TV+,1983,1658,2,2026-05-23T22:32:41.881151
TITLE_001103,Digitized 3rdgeneration superstructure 1989,Special,Romance,Sony,1989,621,0,2026-05-23T22:32:41.881158
TITLE_001104,Front-line optimal groupware 1991,Movie,Thriller,Warner Bros,1991,152,0,2026-05-23T22:32:41.881166
TITLE_001105,Decentralized 24hour algorithm 2018,Special,Horror,Sony,2018,5005,0,2026-05-23T22:32:41.881176
TITLE_001106,Organic multimedia synergy 2017,TV Series,Comedy,Apple TV+,2017,3002,8,2026-05-23T22:32:41.881182
TITLE_001107,Virtual global database 2019,Documentary,Drama,Paramount,2019,600,0,2026-05-23T22:32:41.881189
TITLE_001108,Mandatory bi-directional structure 2009,Documentary,Thriller,Disney,2009,5233,0,2026-05-23T22:32:41.881196
TITLE_001109,Quality-focused disintermediate collaboration 2012,Movie,Comedy,Warner Bros,2012,87,0,2026-05-23T22:32:41.881203
TITLE_001110,Reduced modular emulation 2020,TV Series,Comedy,Paramount,2020,5585,5,2026-05-23T22:32:41.881210
TITLE_001111,Stand-alone value-added strategy 1998,Movie,Action,Netflix Studios,1998,81,0,2026-05-23T22:32:41.881217
TITLE_001112,Future-proofed modular capability 1999,Special,Horror,Universal,1999,2516,0,2026-05-23T22:32:41.881223
TITLE_001113,Function-based fresh-thinking migration 2022,Miniseries,Thriller,Sony,2022,4361,0,2026-05-23T22:32:41.881230
TITLE_001114,Networked dedicated methodology 2007,Special,Romance,Apple TV+,2007,4525,0,2026-05-23T22:32:41.881236
TITLE_001115,Face-to-face uniform monitoring 2011,Documentary,Sci-Fi,Netflix Studios,2011,3456,0,2026-05-23T22:32:41.881243
TITLE_001116,Front-line explicit knowledge user 2022,Special,Drama,Netflix Studios,2022,3342,0,2026-05-23T22:32:41.881250
TITLE_001117,Synchronized systematic adapter 1996,Special,Comedy,Universal,1996,585,0,2026-05-23T22:32:41.881257
TITLE_001118,Virtual mobile complexity 1983,Movie,Thriller,Netflix Studios,1983,93,0,2026-05-23T22:32:41.881263
TITLE_001119,Pre-emptive bifurcated interface 2018,Special,Drama,Apple TV+,2018,722,0,2026-05-23T22:32:41.881270
TITLE_001120,Distributed mission-critical extranet 2012,Special,Drama,Warner Bros,2012,1208,0,2026-05-23T22:32:41.881276
TITLE_001121,Profound optimizing application 2008,TV Series,Comedy,Sony,2008,4032,1,2026-05-23T22:32:41.881284
TITLE_001122,Intuitive impactful Internet solution 2017,Miniseries,Comedy,Paramount,2017,400,0,2026-05-23T22:32:41.881290
TITLE_001123,Enterprise-wide disintermediate array 1990,Movie,Sci-Fi,Sony,1990,125,0,2026-05-23T22:32:41.881296
TITLE_001124,Visionary empowering functionalities 2004,Miniseries,Sci-Fi,Warner Bros,2004,4916,0,2026-05-23T22:32:41.881303
TITLE_001125,Automated dedicated secured line 1996,Miniseries,Sci-Fi,Sony,1996,4476,0,2026-05-23T22:32:41.881309
TITLE_001126,Open-architected regional Internet solution 2015,Documentary,Drama,Paramount,2015,1554,0,2026-05-23T22:32:41.881316
TITLE_001127,Cloned client-driven matrices 2017,Special,Sci-Fi,Warner Bros,2017,3110,0,2026-05-23T22:32:41.881322
TITLE_001128,Down-sized zero tolerance time-frame 1996,Miniseries,Thriller,Apple TV+,1996,892,0,2026-05-23T22:32:41.881330
TITLE_001129,Managed high-level emulation 1986,TV Series,Sci-Fi,Netflix Studios,1986,1805,7,2026-05-23T22:32:41.881336
TITLE_001130,Devolved composite success 2008,TV Series,Comedy,Paramount,2008,5161,1,2026-05-23T22:32:41.881342
TITLE_001131,Re-engineered directional service-desk 1983,Documentary,Thriller,Universal,1983,5886,0,2026-05-23T22:32:41.881351
TITLE_001132,Integrated object-oriented projection 2022,Special,Action,Warner Bros,2022,3345,0,2026-05-23T22:32:41.881358
TITLE_001133,Devolved exuding knowledgebase 2005,TV Series,Sci-Fi,Universal,2005,3982,4,2026-05-23T22:32:41.881365
TITLE_001134,Up-sized explicit service-desk 1994,Movie,Action,Netflix Studios,1994,60,0,2026-05-23T22:32:41.881371
TITLE_001135,Face-to-face client-driven implementation 1996,Documentary,Horror,Netflix Studios,1996,4370,0,2026-05-23T22:32:41.881380
TITLE_001136,Right-sized disintermediate complexity 2017,TV Series,Sci-Fi,Warner Bros,2017,2299,6,2026-05-23T22:32:41.881388
TITLE_001137,Implemented asynchronous success 2005,Documentary,Romance,Paramount,2005,2383,0,2026-05-23T22:32:41.881396
TITLE_001138,Reverse-engineered methodical success 2014,Special,Drama,Disney,2014,4356,0,2026-05-23T22:32:41.881403
TITLE_001139,Sharable system-worthy monitoring 2001,Documentary,Action,Universal,2001,406,0,2026-05-23T22:32:41.881410
TITLE_001140,Centralized well-modulated orchestration 2015,Special,Sci-Fi,Paramount,2015,5967,0,2026-05-23T22:32:41.881416
TITLE_001141,Adaptive mission-critical service-desk 1984,Documentary,Animation,Universal,1984,3716,0,2026-05-23T22:32:41.881423
TITLE_001142,Exclusive contextually-based software 1986,Movie,Romance,Paramount,1986,157,0,2026-05-23T22:32:41.881430
TITLE_001143,Enterprise-wide solution-oriented support 2012,Documentary,Sci-Fi,Warner Bros,2012,1629,0,2026-05-23T22:32:41.881437
TITLE_001144,Multi-layered web-enabled open system 2013,TV Series,Romance,Netflix Studios,2013,535,6,2026-05-23T22:32:41.881443
TITLE_001145,Ergonomic systemic synergy 2014,Movie,Action,Universal,2014,70,0,2026-05-23T22:32:41.881449
TITLE_001146,Fundamental bottom-line system engine 2023,Miniseries,Drama,Sony,2023,5065,0,2026-05-23T22:32:41.881456
TITLE_001147,Ameliorated modular functionalities 1990,Special,Thriller,Sony,1990,5322,0,2026-05-23T22:32:41.881464
TITLE_001148,Diverse impactful conglomeration 2012,Special,Romance,Universal,2012,1766,0,2026-05-23T22:32:41.881471
TITLE_001149,Self-enabling demand-driven core 2021,Documentary,Horror,Warner Bros,2021,4620,0,2026-05-23T22:32:41.881478
TITLE_001150,Fully-configurable client-server ability 1987,Miniseries,Sci-Fi,Paramount,1987,519,0,2026-05-23T22:32:41.881485
TITLE_001151,Cross-platform motivating support 1983,TV Series,Action,Disney,1983,5171,3,2026-05-23T22:32:41.881491
TITLE_001152,Optimized executive alliance 1994,Movie,Thriller,Netflix Studios,1994,84,0,2026-05-23T22:32:41.881498
TITLE_001153,Operative next generation analyzer 1999,Documentary,Thriller,Universal,1999,2057,0,2026-05-23T22:32:41.881505
TITLE_001154,Open-source bottom-line installation 1993,Documentary,Animation,Netflix Studios,1993,3208,0,2026-05-23T22:32:41.881512
TITLE_001155,Public-key reciprocal groupware 2011,Documentary,Sci-Fi,Disney,2011,3034,0,2026-05-23T22:32:41.881519
TITLE_001156,Function-based asymmetric moderator 2005,Documentary,Comedy,Apple TV+,2005,1528,0,2026-05-23T22:32:41.881527
TITLE_001157,Enterprise-wide cohesive open system 1983,Special,Horror,Paramount,1983,5245,0,2026-05-23T22:32:41.881533
TITLE_001158,Pre-emptive intermediate leverage 2002,Documentary,Thriller,Universal,2002,4034,0,2026-05-23T22:32:41.881540
TITLE_001159,User-centric multimedia definition 1990,Miniseries,Comedy,Sony,1990,3905,0,2026-05-23T22:32:41.881547
TITLE_001160,Streamlined executive standardization 1986,Movie,Drama,Disney,1986,134,0,2026-05-23T22:32:41.881554
TITLE_001161,Total real-time approach 2017,Miniseries,Drama,Apple TV+,2017,5060,0,2026-05-23T22:32:41.881561
TITLE_001162,Ameliorated systematic parallelism 2005,Special,Sci-Fi,Paramount,2005,1015,0,2026-05-23T22:32:41.881567
TITLE_001163,Adaptive fresh-thinking capability 1993,TV Series,Action,Universal,1993,560,4,2026-05-23T22:32:41.881574
TITLE_001164,Seamless grid-enabled data-warehouse 2011,Documentary,Drama,Paramount,2011,2145,0,2026-05-23T22:32:41.881582
TITLE_001165,Inverse solution-oriented conglomeration 1995,TV Series,Romance,Netflix Studios,1995,2690,2,2026-05-23T22:32:41.881589
TITLE_001166,Total solution-oriented alliance 2022,Documentary,Drama,Disney,2022,5660,0,2026-05-23T22:32:41.881597
TITLE_001167,Vision-oriented contextually-based middleware 1995,Movie,Romance,Netflix Studios,1995,64,0,2026-05-23T22:32:41.881605
TITLE_001168,Digitized dynamic open system 1982,Miniseries,Comedy,Disney,1982,2733,0,2026-05-23T22:32:41.881614
TITLE_001169,Compatible actuating open architecture 2009,Special,Thriller,Apple TV+,2009,1492,0,2026-05-23T22:32:41.881621
TITLE_001170,Vision-oriented coherent policy 1989,Special,Thriller,Warner Bros,1989,4896,0,2026-05-23T22:32:41.881628
TITLE_001171,Self-enabling regional implementation 2008,Documentary,Animation,Warner Bros,2008,3212,0,2026-05-23T22:32:41.881636
TITLE_001172,Mandatory optimal database 2016,TV Series,Romance,Paramount,2016,2187,6,2026-05-23T22:32:41.881643
TITLE_001173,Quality-focused interactive instruction set 2022,Miniseries,Action,Warner Bros,2022,3406,0,2026-05-23T22:32:41.881650
TITLE_001174,Horizontal client-driven focus group 2018,Miniseries,Action,Disney,2018,1887,0,2026-05-23T22:32:41.881656
TITLE_001175,Grass-roots fresh-thinking application 2014,Movie,Action,Netflix Studios,2014,62,0,2026-05-23T22:32:41.881662
TITLE_001176,Centralized stable conglomeration 1985,Movie,Horror,Universal,1985,49,0,2026-05-23T22:32:41.881669
TITLE_001177,Upgradable object-oriented benchmark 2014,Movie,Animation,Netflix Studios,2014,132,0,2026-05-23T22:32:41.881675
TITLE_001178,Business-focused asymmetric standardization 2004,Movie,Animation,Disney,2004,134,0,2026-05-23T22:32:41.881682
TITLE_001179,Multi-lateral radical challenge 1987,TV Series,Comedy,Disney,1987,565,6,2026-05-23T22:32:41.881689
TITLE_001180,Quality-focused holistic hub 1997,Movie,Comedy,Universal,1997,91,0,2026-05-23T22:32:41.881697
TITLE_001181,Vision-oriented mission-critical migration 2015,Special,Drama,Paramount,2015,1966,0,2026-05-23T22:32:41.881704
TITLE_001182,Re-contextualized multi-tasking neural-net 1986,TV Series,Sci-Fi,Warner Bros,1986,4258,6,2026-05-23T22:32:41.881712
TITLE_001183,Versatile coherent time-frame 2011,Movie,Action,Sony,2011,115,0,2026-05-23T22:32:41.881720
TITLE_001184,Ergonomic asynchronous initiative 1984,Special,Thriller,Universal,1984,310,0,2026-05-23T22:32:41.881727
TITLE_001185,Vision-oriented intangible benchmark 2009,TV Series,Horror,Universal,2009,1593,2,2026-05-23T22:32:41.881734
TITLE_001186,Re-contextualized responsive initiative 2000,Special,Action,Apple TV+,2000,1743,0,2026-05-23T22:32:41.881745
TITLE_001187,Devolved radical policy 2005,TV Series,Horror,Paramount,2005,4371,2,2026-05-23T22:32:41.881751
TITLE_001188,Total dynamic core 2013,Miniseries,Sci-Fi,Warner Bros,2013,488,0,2026-05-23T22:32:41.881759
TITLE_001189,Secured explicit matrices 2004,Miniseries,Comedy,Disney,2004,5701,0,2026-05-23T22:32:41.881766
TITLE_001190,Cross-platform full-range complexity 2013,Movie,Action,Paramount,2013,143,0,2026-05-23T22:32:41.881773
TITLE_001191,Operative local extranet 2006,TV Series,Romance,Warner Bros,2006,1829,5,2026-05-23T22:32:41.881781
TITLE_001192,Optional composite collaboration 2021,Miniseries,Action,Apple TV+,2021,2220,0,2026-05-23T22:32:41.881787
TITLE_001193,Synchronized 3rdgeneration capacity 2018,Documentary,Thriller,Netflix Studios,2018,4748,0,2026-05-23T22:32:41.881794
TITLE_001194,Quality-focused high-level infrastructure 2000,TV Series,Sci-Fi,Apple TV+,2000,3309,8,2026-05-23T22:32:41.881800
TITLE_001195,Multi-layered fault-tolerant paradigm 2001,Special,Drama,Apple TV+,2001,3205,0,2026-05-23T22:32:41.881807
TITLE_001196,Seamless client-server installation 2005,TV Series,Comedy,Disney,2005,5610,8,2026-05-23T22:32:41.881814
TITLE_001197,Centralized non-volatile approach 1989,Special,Comedy,Netflix Studios,1989,783,0,2026-05-23T22:32:41.881821
TITLE_001198,De-engineered real-time utilization 2016,Special,Comedy,Apple TV+,2016,2836,0,2026-05-23T22:32:41.881828
TITLE_001199,Centralized value-added methodology 2002,TV Series,Sci-Fi,Sony,2002,872,1,2026-05-23T22:32:41.881834
TITLE_001200,Advanced stable Local Area Network 2003,Movie,Drama,Disney,2003,77,0,2026-05-23T22:32:41.881843
TITLE_001201,Multi-layered bi-directional infrastructure 2024,Documentary,Action,Apple TV+,2024,2464,0,2026-05-23T22:32:41.881851
TITLE_001202,Organized even-keeled challenge 1985,Miniseries,Thriller,Disney,1985,870,0,2026-05-23T22:32:41.881858
TITLE_001203,Multi-lateral methodical data-warehouse 1988,TV Series,Sci-Fi,Netflix Studios,1988,3477,7,2026-05-23T22:32:41.881865
TITLE_001204,Organic homogeneous contingency 1993,Movie,Action,Paramount,1993,163,0,2026-05-23T22:32:41.881872
TITLE_001205,Triple-buffered reciprocal protocol 2009,Documentary,Comedy,Apple TV+,2009,2884,0,2026-05-23T22:32:41.881879
TITLE_001206,Adaptive interactive approach 1998,TV Series,Horror,Warner Bros,1998,4847,5,2026-05-23T22:32:41.881888
TITLE_001207,Innovative interactive Graphic Interface 2000,Documentary,Comedy,Disney,2000,4318,0,2026-05-23T22:32:41.881895
TITLE_001208,Quality-focused bottom-line toolset 1992,Documentary,Thriller,Paramount,1992,1414,0,2026-05-23T22:32:41.881902
TITLE_001209,Multi-layered optimizing adapter 2006,Documentary,Animation,Apple TV+,2006,446,0,2026-05-23T22:32:41.881908
TITLE_001210,Profit-focused neutral frame 2007,Special,Romance,Disney,2007,1994,0,2026-05-23T22:32:41.881915
TITLE_001211,Inverse zero-defect framework 2003,TV Series,Comedy,Sony,2003,5987,6,2026-05-23T22:32:41.881922
TITLE_001212,Digitized discrete complexity 1981,TV Series,Sci-Fi,Paramount,1981,1623,4,2026-05-23T22:32:41.881929
TITLE_001213,Optional logistical complexity 2017,Movie,Action,Warner Bros,2017,152,0,2026-05-23T22:32:41.881936
TITLE_001214,Persistent eco-centric access 1988,Special,Comedy,Disney,1988,2268,0,2026-05-23T22:32:41.881943
TITLE_001215,Synergized asymmetric hierarchy 2014,Movie,Animation,Apple TV+,2014,58,0,2026-05-23T22:32:41.881950
TITLE_001216,Inverse client-server Graphic Interface 2012,Movie,Thriller,Disney,2012,72,0,2026-05-23T22:32:41.881957
TITLE_001217,Profound systematic archive 1988,Movie,Sci-Fi,Netflix Studios,1988,71,0,2026-05-23T22:32:41.881964
TITLE_001218,Synergized responsive flexibility 1982,Movie,Drama,Sony,1982,45,0,2026-05-23T22:32:41.881972
TITLE_001219,Public-key dynamic array 2011,Documentary,Sci-Fi,Sony,2011,799,0,2026-05-23T22:32:41.881979
TITLE_001220,Devolved contextually-based support 2022,Movie,Action,Netflix Studios,2022,101,0,2026-05-23T22:32:41.881986
TITLE_001221,Cloned intangible concept 1985,Special,Thriller,Paramount,1985,3032,0,2026-05-23T22:32:41.881993
TITLE_001222,Stand-alone dynamic capability 1986,TV Series,Romance,Paramount,1986,3352,7,2026-05-23T22:32:41.882000
TITLE_001223,Stand-alone asymmetric complexity 2000,Movie,Action,Apple TV+,2000,133,0,2026-05-23T22:32:41.882007
TITLE_001224,Mandatory zero-defect toolset 2008,Special,Sci-Fi,Universal,2008,3885,0,2026-05-23T22:32:41.882014
TITLE_001225,Balanced well-modulated circuit 1989,TV Series,Sci-Fi,Sony,1989,5478,8,2026-05-23T22:32:41.882023
TITLE_001226,Open-source actuating migration 2006,TV Series,Thriller,Warner Bros,2006,3815,2,2026-05-23T22:32:41.882030
TITLE_001227,Phased secondary website 2016,Special,Horror,Disney,2016,4966,0,2026-05-23T22:32:41.882037
TITLE_001228,Multi-tiered responsive core 2013,Special,Animation,Disney,2013,5263,0,2026-05-23T22:32:41.882046
TITLE_001229,Face-to-face asymmetric product 1987,Movie,Drama,Sony,1987,122,0,2026-05-23T22:32:41.882053
TITLE_001230,Advanced full-range circuit 1995,TV Series,Sci-Fi,Universal,1995,1609,6,2026-05-23T22:32:41.882060
TITLE_001231,Robust 6thgeneration artificial intelligence 2003,Special,Action,Netflix Studios,2003,4147,0,2026-05-23T22:32:41.882067
TITLE_001232,Cross-group holistic adapter 1988,Documentary,Romance,Warner Bros,1988,4492,0,2026-05-23T22:32:41.882077
TITLE_001233,Phased multimedia model 2003,Documentary,Romance,Apple TV+,2003,712,0,2026-05-23T22:32:41.882085
TITLE_001234,Monitored eco-centric conglomeration 1999,Miniseries,Thriller,Disney,1999,934,0,2026-05-23T22:32:41.882092
TITLE_001235,Ergonomic transitional methodology 1985,Special,Romance,Netflix Studios,1985,1795,0,2026-05-23T22:32:41.882099
TITLE_001236,Integrated systemic array 2011,Movie,Sci-Fi,Disney,2011,107,0,2026-05-23T22:32:41.882107
TITLE_001237,Intuitive dynamic functionalities 2012,Miniseries,Comedy,Paramount,2012,2432,0,2026-05-23T22:32:41.882114
TITLE_001238,Open-source systematic hierarchy 2000,Documentary,Drama,Universal,2000,1169,0,2026-05-23T22:32:41.882122
TITLE_001239,Ameliorated global hardware 2006,Movie,Sci-Fi,Apple TV+,2006,153,0,2026-05-23T22:32:41.882129
TITLE_001240,Mandatory uniform approach 2002,Special,Horror,Disney,2002,3107,0,2026-05-23T22:32:41.882136
TITLE_001241,Robust intangible access 1987,Special,Sci-Fi,Apple TV+,1987,2710,0,2026-05-23T22:32:41.882143
TITLE_001242,Face-to-face modular hierarchy 1992,Movie,Sci-Fi,Sony,1992,75,0,2026-05-23T22:32:41.882149
TITLE_001243,Seamless content-based superstructure 1986,Documentary,Action,Netflix Studios,1986,5256,0,2026-05-23T22:32:41.882156
TITLE_001244,Seamless secondary hub 2023,Documentary,Drama,Universal,2023,4947,0,2026-05-23T22:32:41.882162
TITLE_001245,Synergized context-sensitive throughput 2009,Documentary,Comedy,Warner Bros,2009,994,0,2026-05-23T22:32:41.882170
TITLE_001246,Managed executive Graphical User Interface 2009,Documentary,Thriller,Sony,2009,5145,0,2026-05-23T22:32:41.882177
TITLE_001247,Pre-emptive disintermediate strategy 1989,TV Series,Sci-Fi,Netflix Studios,1989,2537,5,2026-05-23T22:32:41.882184
TITLE_001248,Focused actuating open architecture 1983,Special,Romance,Netflix Studios,1983,799,0,2026-05-23T22:32:41.882191
TITLE_001249,Down-sized interactive encoding 1991,Special,Drama,Disney,1991,2375,0,2026-05-23T22:32:41.882198
TITLE_001250,Future-proofed uniform task-force 1983,Documentary,Comedy,Netflix Studios,1983,5064,0,2026-05-23T22:32:41.882205
TITLE_001251,Front-line methodical parallelism 2005,Special,Drama,Apple TV+,2005,1253,0,2026-05-23T22:32:41.882212
TITLE_001252,Virtual 4thgeneration methodology 2013,Special,Action,Apple TV+,2013,2756,0,2026-05-23T22:32:41.882219
TITLE_001253,Universal executive definition 2025,Special,Comedy,Disney,2025,5015,0,2026-05-23T22:32:41.882226
TITLE_001254,Distributed empowering emulation 2008,Special,Comedy,Universal,2008,4376,0,2026-05-23T22:32:41.882232
TITLE_001255,Ameliorated zero administration productivity 1987,Miniseries,Horror,Paramount,1987,5525,0,2026-05-23T22:32:41.882238
TITLE_001256,Switchable multi-tasking hierarchy 2015,Documentary,Action,Sony,2015,3315,0,2026-05-23T22:32:41.882246
TITLE_001257,Realigned tangible capacity 2019,Miniseries,Action,Netflix Studios,2019,2824,0,2026-05-23T22:32:41.882253
TITLE_001258,Exclusive upward-trending ability 1994,Special,Comedy,Apple TV+,1994,4402,0,2026-05-23T22:32:41.882260
TITLE_001259,Extended 5thgeneration conglomeration 2019,Special,Action,Paramount,2019,1045,0,2026-05-23T22:32:41.882266
TITLE_001260,Front-line 3rdgeneration throughput 1983,TV Series,Action,Warner Bros,1983,3168,1,2026-05-23T22:32:41.882274
TITLE_001261,Polarized well-modulated frame 2020,Movie,Comedy,Netflix Studios,2020,88,0,2026-05-23T22:32:41.882280
TITLE_001262,Open-architected solution-oriented application 1987,Special,Comedy,Universal,1987,3776,0,2026-05-23T22:32:41.882287
TITLE_001263,Persevering reciprocal methodology 2012,Documentary,Thriller,Paramount,2012,4494,0,2026-05-23T22:32:41.882294
TITLE_001264,Expanded coherent moratorium 2019,Documentary,Action,Disney,2019,4868,0,2026-05-23T22:32:41.882303
TITLE_001265,Cross-platform scalable project 2011,Miniseries,Thriller,Paramount,2011,5560,0,2026-05-23T22:32:41.882312
TITLE_001266,De-engineered maximized capability 2020,Miniseries,Animation,Universal,2020,560,0,2026-05-23T22:32:41.882319
TITLE_001267,Cloned radical neural-net 1988,TV Series,Drama,Apple TV+,1988,1421,5,2026-05-23T22:32:41.882326
TITLE_001268,Sharable context-sensitive ability 1984,Special,Drama,Paramount,1984,1602,0,2026-05-23T22:32:41.882333
TITLE_001269,Progressive disintermediate open architecture 1983,Documentary,Animation,Paramount,1983,5173,0,2026-05-23T22:32:41.882339
TITLE_001270,Profit-focused zero-defect leverage 2025,TV Series,Comedy,Sony,2025,2911,8,2026-05-23T22:32:41.882346
TITLE_001271,Balanced modular benchmark 1993,Special,Animation,Warner Bros,1993,3231,0,2026-05-23T22:32:41.882354
TITLE_001272,Realigned human-resource hub 1997,Movie,Sci-Fi,Universal,1997,54,0,2026-05-23T22:32:41.882361
TITLE_001273,Robust cohesive methodology 2019,Miniseries,Comedy,Warner Bros,2019,664,0,2026-05-23T22:32:41.882368
TITLE_001274,Robust mission-critical knowledge user 1996,Movie,Romance,Netflix Studios,1996,60,0,2026-05-23T22:32:41.882375
TITLE_001275,Sharable cohesive adapter 2001,Documentary,Romance,Sony,2001,1153,0,2026-05-23T22:32:41.882382
TITLE_001276,Integrated empowering core 1994,Documentary,Comedy,Netflix Studios,1994,5888,0,2026-05-23T22:32:41.882388
TITLE_001277,Centralized holistic firmware 1983,Miniseries,Sci-Fi,Netflix Studios,1983,1852,0,2026-05-23T22:32:41.882394
TITLE_001278,Compatible 3rdgeneration database 2010,Documentary,Action,Paramount,2010,793,0,2026-05-23T22:32:41.882401
TITLE_001279,Front-line non-volatile project 1996,Documentary,Sci-Fi,Paramount,1996,4680,0,2026-05-23T22:32:41.882407
TITLE_001280,User-friendly motivating hub 2019,Miniseries,Animation,Disney,2019,4491,0,2026-05-23T22:32:41.882415
TITLE_001281,Vision-oriented foreground open architecture 1982,Miniseries,Action,Apple TV+,1982,5495,0,2026-05-23T22:32:41.882421
TITLE_001282,Focused discrete software 1998,Movie,Sci-Fi,Warner Bros,1998,57,0,2026-05-23T22:32:41.882428
TITLE_001283,Multi-lateral static knowledge user 2000,Documentary,Sci-Fi,Paramount,2000,5476,0,2026-05-23T22:32:41.882435
TITLE_001284,Monitored bottom-line adapter 1984,Special,Thriller,Disney,1984,1711,0,2026-05-23T22:32:41.882442
TITLE_001285,Diverse tertiary matrices 2019,TV Series,Action,Netflix Studios,2019,3529,6,2026-05-23T22:32:41.882448
TITLE_001286,Pre-emptive motivating neural-net 1999,Movie,Sci-Fi,Disney,1999,60,0,2026-05-23T22:32:41.882456
TITLE_001287,Optimized radical success 1984,TV Series,Sci-Fi,Sony,1984,1035,5,2026-05-23T22:32:41.882463
TITLE_001288,Grass-roots web-enabled Internet solution 1983,Documentary,Comedy,Apple TV+,1983,3016,0,2026-05-23T22:32:41.882470
TITLE_001289,Reverse-engineered 4thgeneration data-warehouse 1998,Special,Horror,Disney,1998,2915,0,2026-05-23T22:32:41.882476
TITLE_001290,Integrated zero-defect software 2006,Special,Sci-Fi,Netflix Studios,2006,1723,0,2026-05-23T22:32:41.882483
TITLE_001291,Re-engineered contextually-based array 2001,Movie,Romance,Disney,2001,82,0,2026-05-23T22:32:41.882491
TITLE_001292,Pre-emptive upward-trending parallelism 2012,TV Series,Thriller,Disney,2012,2432,2,2026-05-23T22:32:41.882499
TITLE_001293,Reduced systematic infrastructure 2018,Miniseries,Drama,Disney,2018,1958,0,2026-05-23T22:32:41.882506
TITLE_001294,Open-architected impactful orchestration 2021,Special,Action,Netflix Studios,2021,3529,0,2026-05-23T22:32:41.882513
TITLE_001295,Re-engineered interactive projection 1986,TV Series,Romance,Disney,1986,1228,7,2026-05-23T22:32:41.882519
TITLE_001296,Progressive optimizing task-force 2018,Movie,Romance,Apple TV+,2018,140,0,2026-05-23T22:32:41.882527
TITLE_001297,Customer-focused 4thgeneration benchmark 2021,TV Series,Drama,Universal,2021,2151,7,2026-05-23T22:32:41.882534
TITLE_001298,Ameliorated responsive archive 1981,Documentary,Romance,Apple TV+,1981,5545,0,2026-05-23T22:32:41.882540
TITLE_001299,Centralized dedicated attitude 1987,Miniseries,Sci-Fi,Universal,1987,4607,0,2026-05-23T22:32:41.882547
TITLE_001300,Function-based asymmetric flexibility 2005,Documentary,Sci-Fi,Paramount,2005,3847,0,2026-05-23T22:32:41.882554
TITLE_001301,Proactive mission-critical migration 2022,Miniseries,Action,Disney,2022,5181,0,2026-05-23T22:32:41.882560
TITLE_001302,Triple-buffered maximized conglomeration 1987,Movie,Comedy,Netflix Studios,1987,71,0,2026-05-23T22:32:41.882567
TITLE_001303,Expanded zero-defect success 1989,TV Series,Sci-Fi,Disney,1989,4642,4,2026-05-23T22:32:41.882575
TITLE_001304,Right-sized explicit algorithm 2017,Documentary,Action,Netflix Studios,2017,3270,0,2026-05-23T22:32:41.882582
TITLE_001305,Adaptive background instruction set 2019,Movie,Action,Disney,2019,169,0,2026-05-23T22:32:41.882589
TITLE_001306,Team-oriented exuding migration 1984,Movie,Animation,Sony,1984,113,0,2026-05-23T22:32:41.882595
TITLE_001307,Customer-focused demand-driven initiative 1987,Special,Comedy,Universal,1987,4698,0,2026-05-23T22:32:41.882602
TITLE_001308,Fully-configurable clear-thinking forecast 1988,Special,Drama,Paramount,1988,2240,0,2026-05-23T22:32:41.882610
TITLE_001309,Open-architected client-driven policy 1987,Documentary,Comedy,Universal,1987,5576,0,2026-05-23T22:32:41.882617
TITLE_001310,Object-based exuding website 1995,TV Series,Sci-Fi,Sony,1995,924,1,2026-05-23T22:32:41.882624
TITLE_001311,Object-based 24hour interface 2018,Movie,Thriller,Disney,2018,75,0,2026-05-23T22:32:41.882630
TITLE_001312,Business-focused incremental analyzer 1993,Special,Drama,Universal,1993,2665,0,2026-05-23T22:32:41.882637
TITLE_001313,Adaptive next generation encoding 2008,Movie,Sci-Fi,Warner Bros,2008,85,0,2026-05-23T22:32:41.882643
TITLE_001314,User-friendly attitude-oriented benchmark 1988,Documentary,Romance,Disney,1988,3407,0,2026-05-23T22:32:41.882649
TITLE_001315,Stand-alone background Internet solution 2021,Movie,Drama,Sony,2021,175,0,2026-05-23T22:32:41.882656
TITLE_001316,Quality-focused interactive methodology 2004,Documentary,Drama,Universal,2004,4028,0,2026-05-23T22:32:41.882662
TITLE_001317,Advanced bifurcated open architecture 1994,Movie,Thriller,Paramount,1994,52,0,2026-05-23T22:32:41.882670
TITLE_001318,Public-key radical methodology 2021,Miniseries,Comedy,Paramount,2021,3278,0,2026-05-23T22:32:41.882676
TITLE_001319,Exclusive leadingedge moderator 2011,Documentary,Drama,Netflix Studios,2011,4728,0,2026-05-23T22:32:41.882683
TITLE_001320,Streamlined bifurcated Graphical User Interface 2017,Documentary,Horror,Paramount,2017,3480,0,2026-05-23T22:32:41.882689
TITLE_001321,Synergized reciprocal service-desk 1984,Miniseries,Action,Universal,1984,5445,0,2026-05-23T22:32:41.882696
TITLE_001322,Configurable hybrid Graphic Interface 2021,Special,Thriller,Sony,2021,4503,0,2026-05-23T22:32:41.882702
TITLE_001323,Synchronized tangible firmware 1980,Special,Drama,Sony,1980,3433,0,2026-05-23T22:32:41.882710
TITLE_001324,Persevering full-range approach 1988,Miniseries,Comedy,Paramount,1988,2433,0,2026-05-23T22:32:41.882717
TITLE_001325,Reduced leadingedge infrastructure 1986,Movie,Action,Paramount,1986,63,0,2026-05-23T22:32:41.882724
TITLE_001326,Down-sized maximized capability 2018,Documentary,Thriller,Disney,2018,5077,0,2026-05-23T22:32:41.882731
TITLE_001327,Customizable didactic Local Area Network 1980,Movie,Sci-Fi,Warner Bros,1980,49,0,2026-05-23T22:32:41.882738
TITLE_001328,Universal 5thgeneration success 2024,Miniseries,Comedy,Warner Bros,2024,4987,0,2026-05-23T22:32:41.882747
TITLE_001329,Visionary static frame 2000,Movie,Thriller,Disney,2000,113,0,2026-05-23T22:32:41.882754
TITLE_001330,Organic 6thgeneration adapter 2024,Special,Horror,Apple TV+,2024,871,0,2026-05-23T22:32:41.882761
TITLE_001331,Organized non-volatile migration 1987,Documentary,Action,Disney,1987,2091,0,2026-05-23T22:32:41.882768
TITLE_001332,Persevering real-time product 2006,Movie,Animation,Disney,2006,85,0,2026-05-23T22:32:41.882774
TITLE_001333,Down-sized client-server process improvement 1980,Movie,Sci-Fi,Warner Bros,1980,142,0,2026-05-23T22:32:41.882780
TITLE_001334,Seamless homogeneous moderator 1996,TV Series,Horror,Sony,1996,5740,8,2026-05-23T22:32:41.882786
TITLE_001335,Persistent global capability 2014,Miniseries,Drama,Paramount,2014,3011,0,2026-05-23T22:32:41.882792
TITLE_001336,Optional local instruction set 2010,Miniseries,Thriller,Paramount,2010,458,0,2026-05-23T22:32:41.882799
TITLE_001337,Fundamental multimedia budgetary management 2022,Miniseries,Horror,Paramount,2022,4056,0,2026-05-23T22:32:41.882807
TITLE_001338,Organic stable application 1998,Movie,Action,Universal,1998,96,0,2026-05-23T22:32:41.882815
TITLE_001339,Focused eco-centric archive 2019,Documentary,Romance,Disney,2019,5184,0,2026-05-23T22:32:41.882823
TITLE_001340,Streamlined coherent function 2021,TV Series,Animation,Paramount,2021,5149,3,2026-05-23T22:32:41.882830
TITLE_001341,Virtual executive hardware 2008,Documentary,Comedy,Warner Bros,2008,4075,0,2026-05-23T22:32:41.882837
TITLE_001342,Optional content-based contingency 2003,TV Series,Drama,Universal,2003,3325,4,2026-05-23T22:32:41.882844
TITLE_001343,Versatile user-facing encoding 1981,TV Series,Sci-Fi,Universal,1981,1558,5,2026-05-23T22:32:41.882874
TITLE_001344,Progressive local architecture 2017,Special,Comedy,Apple TV+,2017,2874,0,2026-05-23T22:32:41.882885
TITLE_001345,Progressive web-enabled groupware 1994,Special,Thriller,Paramount,1994,3923,0,2026-05-23T22:32:41.882893
TITLE_001346,Cross-platform fault-tolerant productivity 1998,Movie,Action,Disney,1998,177,0,2026-05-23T22:32:41.882901
TITLE_001347,Intuitive dynamic architecture 1985,Movie,Drama,Sony,1985,147,0,2026-05-23T22:32:41.882908
TITLE_001348,Business-focused non-volatile open architecture 2010,Movie,Drama,Apple TV+,2010,57,0,2026-05-23T22:32:41.882914
TITLE_001349,Optional optimizing open architecture 2023,Miniseries,Comedy,Paramount,2023,2833,0,2026-05-23T22:32:41.882921
TITLE_001350,Operative zero-defect functionalities 2023,Documentary,Action,Universal,2023,3260,0,2026-05-23T22:32:41.882927
TITLE_001351,Enterprise-wide empowering knowledgebase 2019,Movie,Romance,Universal,2019,105,0,2026-05-23T22:32:41.882934
TITLE_001352,Exclusive encompassing instruction set 1982,TV Series,Action,Sony,1982,2903,4,2026-05-23T22:32:41.882941
TITLE_001353,Assimilated national service-desk 2015,Movie,Drama,Universal,2015,92,0,2026-05-23T22:32:41.882948
TITLE_001354,Profit-focused systemic alliance 1984,Miniseries,Thriller,Sony,1984,3154,0,2026-05-23T22:32:41.882955
TITLE_001355,Adaptive multimedia focus group 2001,Miniseries,Thriller,Disney,2001,4645,0,2026-05-23T22:32:41.882961
TITLE_001356,Horizontal optimal pricing structure 2009,Movie,Romance,Netflix Studios,2009,75,0,2026-05-23T22:32:41.882968
TITLE_001357,Integrated systemic emulation 2007,Miniseries,Sci-Fi,Universal,2007,4228,0,2026-05-23T22:32:41.882975
TITLE_001358,User-centric asymmetric ability 1980,Special,Romance,Netflix Studios,1980,3114,0,2026-05-23T22:32:41.882982
TITLE_001359,Programmable solution-oriented synergy 1980,TV Series,Romance,Apple TV+,1980,3146,3,2026-05-23T22:32:41.882989
TITLE_001360,Visionary non-volatile Graphical User Interface 1982,Movie,Horror,Sony,1982,155,0,2026-05-23T22:32:41.882997
TITLE_001361,Profit-focused multi-tasking open architecture 1985,Miniseries,Romance,Warner Bros,1985,2111,0,2026-05-23T22:32:41.883004
TITLE_001362,Robust explicit software 1997,Special,Animation,Warner Bros,1997,5118,0,2026-05-23T22:32:41.883012
TITLE_001363,Profound incremental frame 2019,Special,Sci-Fi,Apple TV+,2019,5873,0,2026-05-23T22:32:41.883021
TITLE_001364,Optional national data-warehouse 2020,TV Series,Drama,Sony,2020,1511,3,2026-05-23T22:32:41.883029
TITLE_001365,Switchable encompassing intranet 2013,Movie,Action,Netflix Studios,2013,53,0,2026-05-23T22:32:41.883036
TITLE_001366,Managed high-level implementation 1997,Special,Romance,Paramount,1997,5635,0,2026-05-23T22:32:41.883043
TITLE_001367,Upgradable tangible emulation 1997,Documentary,Thriller,Disney,1997,1114,0,2026-05-23T22:32:41.883051
TITLE_001368,Extended actuating strategy 2019,Documentary,Action,Universal,2019,698,0,2026-05-23T22:32:41.883057
TITLE_001369,Persevering impactful collaboration 2002,Documentary,Thriller,Paramount,2002,3260,0,2026-05-23T22:32:41.883063
TITLE_001370,Monitored optimizing concept 1985,TV Series,Horror,Warner Bros,1985,2462,3,2026-05-23T22:32:41.883071
TITLE_001371,Integrated bandwidth-monitored capacity 2010,Special,Action,Sony,2010,3751,0,2026-05-23T22:32:41.883078
TITLE_001372,Organic upward-trending function 2001,Movie,Animation,Sony,2001,47,0,2026-05-23T22:32:41.883084
TITLE_001373,Synchronized directional open architecture 2000,Special,Action,Sony,2000,2682,0,2026-05-23T22:32:41.883091
TITLE_001374,Distributed secondary software 1991,Movie,Animation,Netflix Studios,1991,81,0,2026-05-23T22:32:41.883098
TITLE_001375,Universal empowering leverage 2009,Special,Thriller,Disney,2009,3359,0,2026-05-23T22:32:41.883105
TITLE_001376,Multi-lateral 3rdgeneration Internet solution 1991,Movie,Sci-Fi,Netflix Studios,1991,120,0,2026-05-23T22:32:41.883112
TITLE_001377,Persevering next generation interface 2000,TV Series,Drama,Sony,2000,4653,2,2026-05-23T22:32:41.883119
TITLE_001378,Seamless 24hour moderator 2006,TV Series,Drama,Warner Bros,2006,5946,1,2026-05-23T22:32:41.883126
TITLE_001379,Optimized local neural-net 1998,TV Series,Sci-Fi,Warner Bros,1998,5267,1,2026-05-23T22:32:41.883135
TITLE_001380,Right-sized optimal hub 1990,Miniseries,Horror,Universal,1990,4033,0,2026-05-23T22:32:41.883143
TITLE_001381,Ergonomic multi-state adapter 2012,Movie,Comedy,Warner Bros,2012,76,0,2026-05-23T22:32:41.883150
TITLE_001382,Balanced discrete customer loyalty 1992,Documentary,Sci-Fi,Apple TV+,1992,2839,0,2026-05-23T22:32:41.883158
TITLE_001383,Polarized intangible customer loyalty 2008,Movie,Horror,Netflix Studios,2008,154,0,2026-05-23T22:32:41.883165
TITLE_001384,Down-sized empowering support 2003,Miniseries,Comedy,Universal,2003,4166,0,2026-05-23T22:32:41.883172
TITLE_001385,Quality-focused homogeneous moratorium 1992,Movie,Romance,Apple TV+,1992,143,0,2026-05-23T22:32:41.883179
TITLE_001386,Team-oriented 3rdgeneration instruction set 2019,Documentary,Sci-Fi,Universal,2019,4769,0,2026-05-23T22:32:41.883185
TITLE_001387,Profit-focused analyzing encoding 2000,Miniseries,Romance,Netflix Studios,2000,695,0,2026-05-23T22:32:41.883192
TITLE_001388,Reactive impactful encryption 2004,Documentary,Horror,Apple TV+,2004,5797,0,2026-05-23T22:32:41.883199
TITLE_001389,Managed multimedia challenge 2000,Movie,Comedy,Disney,2000,168,0,2026-05-23T22:32:41.883206
TITLE_001390,Progressive coherent adapter 2020,Miniseries,Horror,Sony,2020,902,0,2026-05-23T22:32:41.883212
TITLE_001391,Innovative global success 2019,Miniseries,Sci-Fi,Disney,2019,4891,0,2026-05-23T22:32:41.883220
TITLE_001392,Sharable optimal attitude 1994,Movie,Drama,Paramount,1994,93,0,2026-05-23T22:32:41.883227
TITLE_001393,Extended national frame 1995,Miniseries,Romance,Warner Bros,1995,5233,0,2026-05-23T22:32:41.883235
TITLE_001394,Versatile executive application 2018,TV Series,Sci-Fi,Apple TV+,2018,2101,1,2026-05-23T22:32:41.883242
TITLE_001395,Polarized composite initiative 1997,Movie,Comedy,Apple TV+,1997,158,0,2026-05-23T22:32:41.883248
TITLE_001396,Optional systematic architecture 1981,Movie,Thriller,Sony,1981,165,0,2026-05-23T22:32:41.883256
TITLE_001397,Reactive regional emulation 1995,Special,Action,Sony,1995,5081,0,2026-05-23T22:32:41.883263
TITLE_001398,Up-sized background instruction set 2008,Miniseries,Romance,Paramount,2008,1449,0,2026-05-23T22:32:41.883270
TITLE_001399,Optional actuating standardization 2007,Miniseries,Thriller,Netflix Studios,2007,529,0,2026-05-23T22:32:41.883277
TITLE_001400,Centralized motivating application 2009,Special,Animation,Universal,2009,4463,0,2026-05-23T22:32:41.883283
TITLE_001401,Polarized didactic data-warehouse 2010,Documentary,Sci-Fi,Netflix Studios,2010,2967,0,2026-05-23T22:32:41.883291
TITLE_001402,De-engineered neutral artificial intelligence 2005,Movie,Sci-Fi,Paramount,2005,179,0,2026-05-23T22:32:41.883298
TITLE_001403,Universal context-sensitive leverage 2021,Movie,Romance,Apple TV+,2021,174,0,2026-05-23T22:32:41.883305
TITLE_001404,User-friendly discrete software 2008,Movie,Animation,Netflix Studios,2008,114,0,2026-05-23T22:32:41.883311
TITLE_001405,Future-proofed well-modulated time-frame 2017,Documentary,Sci-Fi,Netflix Studios,2017,2907,0,2026-05-23T22:32:41.883319
TITLE_001406,Front-line attitude-oriented extranet 1991,TV Series,Thriller,Universal,1991,854,1,2026-05-23T22:32:41.883326
TITLE_001407,Streamlined grid-enabled time-frame 1992,Miniseries,Drama,Warner Bros,1992,519,0,2026-05-23T22:32:41.883334
TITLE_001408,Profit-focused leadingedge moderator 2019,TV Series,Comedy,Disney,2019,3865,7,2026-05-23T22:32:41.883341
TITLE_001409,Triple-buffered dedicated database 2005,Movie,Drama,Sony,2005,59,0,2026-05-23T22:32:41.883351
TITLE_001410,Profound global Internet solution 2009,Special,Thriller,Warner Bros,2009,4205,0,2026-05-23T22:32:41.883358
TITLE_001411,Exclusive dedicated website 2004,Special,Comedy,Warner Bros,2004,4845,0,2026-05-23T22:32:41.883365
TITLE_001412,Configurable web-enabled archive 2007,Miniseries,Animation,Apple TV+,2007,4663,0,2026-05-23T22:32:41.883372
TITLE_001413,Re-contextualized client-server solution 2011,Movie,Animation,Warner Bros,2011,137,0,2026-05-23T22:32:41.883378
TITLE_001414,Innovative directional analyzer 2018,Documentary,Animation,Disney,2018,3687,0,2026-05-23T22:32:41.883384
TITLE_001415,Synergistic attitude-oriented interface 1998,TV Series,Comedy,Paramount,1998,410,3,2026-05-23T22:32:41.883391
TITLE_001416,Balanced transitional definition 2025,Documentary,Thriller,Sony,2025,4719,0,2026-05-23T22:32:41.883398
TITLE_001417,Cross-group bandwidth-monitored pricing structure 2003,Movie,Horror,Paramount,2003,103,0,2026-05-23T22:32:41.883405
TITLE_001418,Fundamental intermediate database 1987,Miniseries,Drama,Paramount,1987,4419,0,2026-05-23T22:32:41.883412
TITLE_001419,Re-engineered bandwidth-monitored architecture 2006,Miniseries,Comedy,Sony,2006,3434,0,2026-05-23T22:32:41.883419
TITLE_001420,Persevering static paradigm 2019,TV Series,Drama,Sony,2019,5388,3,2026-05-23T22:32:41.883427
TITLE_001421,Robust zero administration protocol 1996,Movie,Romance,Netflix Studios,1996,107,0,2026-05-23T22:32:41.883433
TITLE_001422,Fully-configurable context-sensitive pricing structure 2015,Documentary,Horror,Sony,2015,587,0,2026-05-23T22:32:41.883439
TITLE_001423,Advanced global protocol 1989,Documentary,Thriller,Universal,1989,5976,0,2026-05-23T22:32:41.883448
TITLE_001424,Business-focused mission-critical structure 1992,Documentary,Action,Disney,1992,2633,0,2026-05-23T22:32:41.883455
TITLE_001425,Focused interactive application 2001,TV Series,Comedy,Universal,2001,998,2,2026-05-23T22:32:41.883462
TITLE_001426,Cross-group motivating Graphic Interface 1995,Special,Drama,Apple TV+,1995,2107,0,2026-05-23T22:32:41.883469
TITLE_001427,Customer-focused systematic forecast 1987,Movie,Sci-Fi,Disney,1987,51,0,2026-05-23T22:32:41.883476
TITLE_001428,Secured object-oriented matrices 2013,Miniseries,Horror,Sony,2013,3638,0,2026-05-23T22:32:41.883482
TITLE_001429,Inverse value-added intranet 1985,Special,Action,Warner Bros,1985,4336,0,2026-05-23T22:32:41.883488
TITLE_001430,Automated mobile alliance 1984,Miniseries,Drama,Sony,1984,1697,0,2026-05-23T22:32:41.883495
TITLE_001431,Face-to-face tangible hub 1998,TV Series,Drama,Netflix Studios,1998,1010,8,2026-05-23T22:32:41.883501
TITLE_001432,Digitized multimedia encryption 1986,TV Series,Drama,Warner Bros,1986,5810,4,2026-05-23T22:32:41.883508
TITLE_001433,Integrated global toolset 1998,Special,Action,Netflix Studios,1998,4602,0,2026-05-23T22:32:41.883515
TITLE_001434,Adaptive dedicated implementation 1987,Special,Action,Netflix Studios,1987,349,0,2026-05-23T22:32:41.883522
TITLE_001435,Organic context-sensitive artificial intelligence 1982,Miniseries,Comedy,Netflix Studios,1982,4165,0,2026-05-23T22:32:41.883527
TITLE_001436,Function-based human-resource Local Area Network 2001,Movie,Animation,Netflix Studios,2001,141,0,2026-05-23T22:32:41.883534
TITLE_001437,User-centric homogeneous archive 1992,Movie,Thriller,Universal,1992,107,0,2026-05-23T22:32:41.883541
TITLE_001438,Managed encompassing productivity 1983,TV Series,Comedy,Disney,1983,3298,8,2026-05-23T22:32:41.883548
TITLE_001439,Reduced motivating moderator 2020,Movie,Action,Netflix Studios,2020,167,0,2026-05-23T22:32:41.883554
TITLE_001440,Managed human-resource solution 2016,Documentary,Romance,Apple TV+,2016,3163,0,2026-05-23T22:32:41.883562
TITLE_001441,Team-oriented dedicated model 1983,Special,Thriller,Paramount,1983,767,0,2026-05-23T22:32:41.883569
TITLE_001442,Vision-oriented responsive knowledge user 2011,Movie,Romance,Sony,2011,58,0,2026-05-23T22:32:41.883575
TITLE_001443,Programmable bifurcated info-mediaries 2006,Documentary,Horror,Apple TV+,2006,5017,0,2026-05-23T22:32:41.883582
TITLE_001444,Innovative didactic hardware 2022,Documentary,Drama,Netflix Studios,2022,4258,0,2026-05-23T22:32:41.883588
TITLE_001445,Total responsive budgetary management 1993,Special,Romance,Universal,1993,1696,0,2026-05-23T22:32:41.883594
TITLE_001446,Multi-lateral client-server task-force 1982,Miniseries,Romance,Paramount,1982,1234,0,2026-05-23T22:32:41.883600
TITLE_001447,Progressive regional utilization 1992,Movie,Horror,Paramount,1992,164,0,2026-05-23T22:32:41.883606
TITLE_001448,Profound coherent flexibility 1980,Miniseries,Drama,Warner Bros,1980,5765,0,2026-05-23T22:32:41.883612
TITLE_001449,Upgradable next generation throughput 2024,Documentary,Thriller,Warner Bros,2024,3470,0,2026-05-23T22:32:41.883622
TITLE_001450,Reactive asynchronous task-force 2024,TV Series,Action,Apple TV+,2024,5933,3,2026-05-23T22:32:41.883629
TITLE_001451,Robust upward-trending Graphical User Interface 2007,Documentary,Action,Netflix Studios,2007,719,0,2026-05-23T22:32:41.883636
TITLE_001452,Enhanced zero-defect moratorium 1995,Miniseries,Horror,Netflix Studios,1995,2270,0,2026-05-23T22:32:41.883642
TITLE_001453,Re-contextualized mobile moratorium 1987,Movie,Comedy,Warner Bros,1987,153,0,2026-05-23T22:32:41.883650
TITLE_001454,Reactive transitional encoding 2017,TV Series,Sci-Fi,Disney,2017,4970,7,2026-05-23T22:32:41.883657
TITLE_001455,User-centric multimedia utilization 1983,Movie,Sci-Fi,Warner Bros,1983,153,0,2026-05-23T22:32:41.883666
TITLE_001456,Expanded holistic contingency 2011,TV Series,Sci-Fi,Warner Bros,2011,4692,2,2026-05-23T22:32:41.883674
TITLE_001457,Networked empowering groupware 1982,Miniseries,Sci-Fi,Paramount,1982,5239,0,2026-05-23T22:32:41.883681
TITLE_001458,Robust composite forecast 2021,TV Series,Comedy,Universal,2021,2557,3,2026-05-23T22:32:41.883688
TITLE_001459,Distributed fresh-thinking throughput 1999,TV Series,Action,Sony,1999,1093,3,2026-05-23T22:32:41.883695
TITLE_001460,Quality-focused composite middleware 2022,Movie,Animation,Netflix Studios,2022,58,0,2026-05-23T22:32:41.883703
TITLE_001461,Progressive responsive middleware 1991,Documentary,Animation,Paramount,1991,3548,0,2026-05-23T22:32:41.883709
TITLE_001462,Proactive analyzing protocol 2013,Special,Action,Universal,2013,4218,0,2026-05-23T22:32:41.883715
TITLE_001463,Streamlined neutral knowledgebase 2010,Documentary,Sci-Fi,Netflix Studios,2010,5515,0,2026-05-23T22:32:41.883721
TITLE_001464,Customer-focused modular framework 2003,Miniseries,Thriller,Universal,2003,1503,0,2026-05-23T22:32:41.883728
TITLE_001465,Function-based fresh-thinking utilization 2020,Miniseries,Thriller,Sony,2020,4013,0,2026-05-23T22:32:41.883734
TITLE_001466,Open-architected intermediate Internet solution 2020,Special,Sci-Fi,Sony,2020,5688,0,2026-05-23T22:32:41.883741
TITLE_001467,Persevering exuding ability 1988,TV Series,Action,Netflix Studios,1988,518,5,2026-05-23T22:32:41.883748
TITLE_001468,Reduced static neural-net 2000,Movie,Sci-Fi,Sony,2000,82,0,2026-05-23T22:32:41.883754
TITLE_001469,Synergistic 24/7 adapter 2010,Special,Animation,Universal,2010,2563,0,2026-05-23T22:32:41.883760
TITLE_001470,Synergistic grid-enabled application 2018,Movie,Horror,Universal,2018,126,0,2026-05-23T22:32:41.883767
TITLE_001471,Balanced bottom-line encryption 2018,TV Series,Comedy,Apple TV+,2018,544,2,2026-05-23T22:32:41.883774
TITLE_001472,Phased zero tolerance database 2015,Special,Sci-Fi,Netflix Studios,2015,2191,0,2026-05-23T22:32:41.883781
TITLE_001473,Optimized context-sensitive parallelism 2004,Movie,Drama,Universal,2004,114,0,2026-05-23T22:32:41.883787
TITLE_001474,Horizontal grid-enabled capability 1986,Documentary,Action,Sony,1986,5064,0,2026-05-23T22:32:41.883793
TITLE_001475,Open-architected incremental archive 2011,Special,Sci-Fi,Disney,2011,2248,0,2026-05-23T22:32:41.883799
TITLE_001476,Inverse modular toolset 2025,Documentary,Drama,Universal,2025,2082,0,2026-05-23T22:32:41.883806
TITLE_001477,Team-oriented heuristic circuit 1986,Movie,Action,Disney,1986,120,0,2026-05-23T22:32:41.883812
TITLE_001478,Proactive context-sensitive knowledge user 1983,Miniseries,Action,Warner Bros,1983,2920,0,2026-05-23T22:32:41.883819
TITLE_001479,Progressive transitional forecast 1992,Documentary,Romance,Universal,1992,1896,0,2026-05-23T22:32:41.883828
TITLE_001480,Focused national contingency 1987,Miniseries,Sci-Fi,Paramount,1987,4923,0,2026-05-23T22:32:41.883836
TITLE_001481,Multi-lateral content-based open system 1999,Special,Sci-Fi,Netflix Studios,1999,2073,0,2026-05-23T22:32:41.883843
TITLE_001482,Focused dedicated circuit 2001,Documentary,Drama,Warner Bros,2001,3897,0,2026-05-23T22:32:41.883850
TITLE_001483,Monitored regional parallelism 2018,Special,Action,Universal,2018,4958,0,2026-05-23T22:32:41.883856
TITLE_001484,Face-to-face content-based Local Area Network 2006,Movie,Sci-Fi,Apple TV+,2006,180,0,2026-05-23T22:32:41.883863
TITLE_001485,Programmable intangible hierarchy 1995,Documentary,Drama,Apple TV+,1995,2831,0,2026-05-23T22:32:41.883870
TITLE_001486,Proactive exuding focus group 1991,Miniseries,Comedy,Netflix Studios,1991,691,0,2026-05-23T22:32:41.883877
TITLE_001487,Switchable impactful collaboration 2023,Movie,Romance,Universal,2023,101,0,2026-05-23T22:32:41.883886
TITLE_001488,Ameliorated optimal function 1992,Movie,Horror,Netflix Studios,1992,92,0,2026-05-23T22:32:41.883892
TITLE_001489,Public-key grid-enabled analyzer 1991,Miniseries,Drama,Sony,1991,1151,0,2026-05-23T22:32:41.883900
TITLE_001490,Seamless solution-oriented info-mediaries 1999,Special,Thriller,Paramount,1999,1276,0,2026-05-23T22:32:41.883907
TITLE_001491,Compatible cohesive workforce 1980,Documentary,Drama,Apple TV+,1980,1824,0,2026-05-23T22:32:41.883914
TITLE_001492,Polarized tangible challenge 2013,TV Series,Horror,Sony,2013,3085,5,2026-05-23T22:32:41.883921
TITLE_001493,Pre-emptive encompassing complexity 2001,Special,Horror,Sony,2001,2447,0,2026-05-23T22:32:41.883928
TITLE_001494,Reverse-engineered transitional implementation 2022,Miniseries,Thriller,Netflix Studios,2022,2766,0,2026-05-23T22:32:41.883935
TITLE_001495,Configurable disintermediate Graphic Interface 2018,Documentary,Horror,Netflix Studios,2018,555,0,2026-05-23T22:32:41.883942
TITLE_001496,Total regional portal 2021,Documentary,Drama,Paramount,2021,490,0,2026-05-23T22:32:41.883950
TITLE_001497,Virtual fresh-thinking software 2000,Documentary,Thriller,Apple TV+,2000,1374,0,2026-05-23T22:32:41.883956
TITLE_001498,Profound solution-oriented protocol 2024,Special,Action,Apple TV+,2024,5365,0,2026-05-23T22:32:41.883964
TITLE_001499,Team-oriented client-driven workforce 1995,TV Series,Action,Apple TV+,1995,2159,6,2026-05-23T22:32:41.883971
TITLE_001500,Reactive stable definition 2005,Movie,Sci-Fi,Warner Bros,2005,123,0,2026-05-23T22:32:41.883980
TITLE_001501,Re-contextualized incremental throughput 2008,Special,Horror,Sony,2008,1743,0,2026-05-23T22:32:41.883987
TITLE_001502,Public-key 24hour protocol 2016,Movie,Drama,Apple TV+,2016,73,0,2026-05-23T22:32:41.883993
TITLE_001503,Sharable coherent portal 2004,Movie,Thriller,Sony,2004,147,0,2026-05-23T22:32:41.884000
TITLE_001504,Persevering local open architecture 2017,Special,Action,Warner Bros,2017,1490,0,2026-05-23T22:32:41.884007
TITLE_001505,Multi-channeled asynchronous solution 2011,Miniseries,Action,Warner Bros,2011,3649,0,2026-05-23T22:32:41.884015
TITLE_001506,Persistent transitional definition 2001,Movie,Animation,Sony,2001,134,0,2026-05-23T22:32:41.884022
TITLE_001507,Assimilated 3rdgeneration matrices 1985,Documentary,Comedy,Netflix Studios,1985,4213,0,2026-05-23T22:32:41.884030
TITLE_001508,Open-source optimal encoding 1989,Documentary,Animation,Sony,1989,4864,0,2026-05-23T22:32:41.884037
TITLE_001509,Networked didactic standardization 1980,Movie,Thriller,Disney,1980,106,0,2026-05-23T22:32:41.884044
TITLE_001510,Polarized mobile algorithm 1997,Miniseries,Comedy,Netflix Studios,1997,1593,0,2026-05-23T22:32:41.884051
TITLE_001511,Multi-lateral executive strategy 1997,Miniseries,Horror,Universal,1997,4758,0,2026-05-23T22:32:41.884057
TITLE_001512,Exclusive encompassing leverage 2013,Special,Thriller,Sony,2013,1769,0,2026-05-23T22:32:41.884064
TITLE_001513,Total client-driven synergy 1993,Miniseries,Horror,Apple TV+,1993,4975,0,2026-05-23T22:32:41.884071
TITLE_001514,Fundamental contextually-based hub 2022,Documentary,Sci-Fi,Disney,2022,1987,0,2026-05-23T22:32:41.884078
TITLE_001515,Team-oriented holistic orchestration 1981,Miniseries,Drama,Apple TV+,1981,1865,0,2026-05-23T22:32:41.884084
TITLE_001516,Multi-lateral logistical secured line 2012,Movie,Thriller,Sony,2012,155,0,2026-05-23T22:32:41.884091
TITLE_001517,Persistent 24/7 task-force 2019,Documentary,Horror,Sony,2019,2986,0,2026-05-23T22:32:41.884097
TITLE_001518,Vision-oriented asynchronous Graphical User Interface 1999,TV Series,Thriller,Netflix Studios,1999,5468,8,2026-05-23T22:32:41.884105
TITLE_001519,Horizontal human-resource circuit 1980,Movie,Action,Sony,1980,63,0,2026-05-23T22:32:41.884114
TITLE_001520,Self-enabling static structure 2003,TV Series,Animation,Apple TV+,2003,2332,3,2026-05-23T22:32:41.884121
TITLE_001521,Sharable intangible capability 1991,TV Series,Drama,Sony,1991,2908,5,2026-05-23T22:32:41.884128
TITLE_001522,Future-proofed needs-based hardware 2022,Miniseries,Animation,Sony,2022,4121,0,2026-05-23T22:32:41.884134
TITLE_001523,Proactive impactful process improvement 1982,Miniseries,Sci-Fi,Netflix Studios,1982,565,0,2026-05-23T22:32:41.884141
TITLE_001524,Grass-roots bandwidth-monitored collaboration 1985,Special,Animation,Netflix Studios,1985,3513,0,2026-05-23T22:32:41.884147
TITLE_001525,Organic methodical intranet 1999,Movie,Animation,Apple TV+,1999,170,0,2026-05-23T22:32:41.884154
TITLE_001526,Implemented next generation approach 1995,Movie,Horror,Sony,1995,99,0,2026-05-23T22:32:41.884161
TITLE_001527,Quality-focused mobile focus group 2004,TV Series,Drama,Netflix Studios,2004,1253,6,2026-05-23T22:32:41.884167
TITLE_001528,Exclusive intermediate moratorium 2001,Miniseries,Action,Universal,2001,3936,0,2026-05-23T22:32:41.884175
TITLE_001529,Synchronized homogeneous time-frame 2006,Miniseries,Horror,Disney,2006,2471,0,2026-05-23T22:32:41.884182
TITLE_001530,Synergized discrete circuit 2014,TV Series,Romance,Disney,2014,2487,3,2026-05-23T22:32:41.884190
TITLE_001531,Re-engineered multi-state artificial intelligence 2008,Documentary,Sci-Fi,Sony,2008,713,0,2026-05-23T22:32:41.884196
TITLE_001532,Visionary human-resource parallelism 2007,Special,Romance,Netflix Studios,2007,4905,0,2026-05-23T22:32:41.884203
TITLE_001533,Expanded solution-oriented projection 2001,TV Series,Romance,Apple TV+,2001,2004,4,2026-05-23T22:32:41.884211
TITLE_001534,Open-architected solution-oriented frame 2021,TV Series,Action,Apple TV+,2021,4168,2,2026-05-23T22:32:41.884218
TITLE_001535,Reverse-engineered encompassing software 1995,TV Series,Comedy,Universal,1995,5553,6,2026-05-23T22:32:41.884224
TITLE_001536,Re-contextualized secondary complexity 1999,Documentary,Drama,Warner Bros,1999,4283,0,2026-05-23T22:32:41.884231
TITLE_001537,Quality-focused bi-directional leverage 2024,Movie,Drama,Netflix Studios,2024,139,0,2026-05-23T22:32:41.884239
TITLE_001538,Re-contextualized optimizing workforce 2014,Documentary,Romance,Universal,2014,4268,0,2026-05-23T22:32:41.884246
TITLE_001539,Profit-focused object-oriented system engine 2024,TV Series,Drama,Netflix Studios,2024,2407,8,2026-05-23T22:32:41.884253
TITLE_001540,Reduced attitude-oriented standardization 2019,Documentary,Comedy,Disney,2019,2112,0,2026-05-23T22:32:41.884261
TITLE_001541,Proactive executive instruction set 2000,Special,Comedy,Universal,2000,1055,0,2026-05-23T22:32:41.884268
TITLE_001542,Stand-alone client-server projection 1996,Special,Thriller,Netflix Studios,1996,2754,0,2026-05-23T22:32:41.884275
TITLE_001543,Triple-buffered web-enabled matrix 1980,TV Series,Horror,Paramount,1980,4983,6,2026-05-23T22:32:41.884282
TITLE_001544,Operative user-facing attitude 1987,Documentary,Action,Universal,1987,2196,0,2026-05-23T22:32:41.884288
TITLE_001545,Synergized neutral analyzer 2002,Documentary,Comedy,Apple TV+,2002,2953,0,2026-05-23T22:32:41.884294
TITLE_001546,Monitored asymmetric architecture 2018,Documentary,Animation,Disney,2018,5898,0,2026-05-23T22:32:41.884302
TITLE_001547,Cross-platform mobile time-frame 2009,Miniseries,Animation,Disney,2009,1945,0,2026-05-23T22:32:41.884309
TITLE_001548,Object-based upward-trending success 2005,TV Series,Romance,Paramount,2005,994,7,2026-05-23T22:32:41.884316
TITLE_001549,Universal bandwidth-monitored encoding 1987,Documentary,Drama,Disney,1987,3458,0,2026-05-23T22:32:41.884323
TITLE_001550,Seamless scalable Local Area Network 1998,Documentary,Drama,Warner Bros,1998,1565,0,2026-05-23T22:32:41.884331
TITLE_001551,Ameliorated regional alliance 1982,Movie,Romance,Paramount,1982,82,0,2026-05-23T22:32:41.884340
TITLE_001552,Inverse systemic focus group 2004,Special,Romance,Netflix Studios,2004,5274,0,2026-05-23T22:32:41.884347
TITLE_001553,Networked scalable frame 1996,Documentary,Romance,Universal,1996,2696,0,2026-05-23T22:32:41.884354
TITLE_001554,Reduced discrete leverage 2013,Movie,Horror,Apple TV+,2013,96,0,2026-05-23T22:32:41.884361
TITLE_001555,Monitored leadingedge success 2000,Special,Animation,Netflix Studios,2000,3555,0,2026-05-23T22:32:41.884367
TITLE_001556,Progressive radical functionalities 2015,Miniseries,Romance,Disney,2015,5624,0,2026-05-23T22:32:41.884375
TITLE_001557,Down-sized bifurcated focus group 2002,Movie,Action,Sony,2002,177,0,2026-05-23T22:32:41.884383
TITLE_001558,Stand-alone next generation ability 2007,Special,Drama,Universal,2007,5568,0,2026-05-23T22:32:41.884390
TITLE_001559,Reduced impactful knowledge user 2011,Movie,Sci-Fi,Apple TV+,2011,64,0,2026-05-23T22:32:41.884396
TITLE_001560,Decentralized upward-trending workforce 2006,TV Series,Action,Netflix Studios,2006,3421,3,2026-05-23T22:32:41.884405
TITLE_001561,Persistent non-volatile interface 1994,Documentary,Animation,Sony,1994,5346,0,2026-05-23T22:32:41.884412
TITLE_001562,Function-based impactful website 2017,Miniseries,Sci-Fi,Netflix Studios,2017,2869,0,2026-05-23T22:32:41.884419
TITLE_001563,Secured discrete migration 1983,Special,Horror,Disney,1983,3937,0,2026-05-23T22:32:41.884426
TITLE_001564,Cross-group hybrid benchmark 2023,Miniseries,Comedy,Universal,2023,453,0,2026-05-23T22:32:41.884433
TITLE_001565,Persistent scalable forecast 1983,Documentary,Horror,Apple TV+,1983,3603,0,2026-05-23T22:32:41.884440
TITLE_001566,Right-sized system-worthy migration 1991,Documentary,Action,Warner Bros,1991,1295,0,2026-05-23T22:32:41.884447
TITLE_001567,Multi-layered optimizing functionalities 2013,Miniseries,Drama,Warner Bros,2013,5442,0,2026-05-23T22:32:41.884453
TITLE_001568,Optional optimizing encryption 2016,Movie,Romance,Disney,2016,158,0,2026-05-23T22:32:41.884461
TITLE_001569,Assimilated methodical time-frame 1994,Movie,Sci-Fi,Universal,1994,74,0,2026-05-23T22:32:41.884467
TITLE_001570,Exclusive client-driven initiative 1980,Miniseries,Sci-Fi,Paramount,1980,5855,0,2026-05-23T22:32:41.884473
TITLE_001571,Virtual stable website 2020,Special,Animation,Apple TV+,2020,3675,0,2026-05-23T22:32:41.884480
TITLE_001572,User-centric motivating product 1993,Movie,Action,Universal,1993,76,0,2026-05-23T22:32:41.884486
TITLE_001573,Adaptive incremental solution 1991,Movie,Horror,Netflix Studios,1991,47,0,2026-05-23T22:32:41.884492
TITLE_001574,Face-to-face asymmetric throughput 2002,Movie,Horror,Paramount,2002,103,0,2026-05-23T22:32:41.884498
TITLE_001575,Mandatory zero administration analyzer 1981,Miniseries,Drama,Sony,1981,505,0,2026-05-23T22:32:41.884504
TITLE_001576,Upgradable zero administration help-desk 1992,TV Series,Romance,Warner Bros,1992,956,1,2026-05-23T22:32:41.884512
TITLE_001577,Pre-emptive context-sensitive migration 2017,Special,Romance,Netflix Studios,2017,3126,0,2026-05-23T22:32:41.884519
TITLE_001578,Networked static definition 1989,Miniseries,Thriller,Paramount,1989,1166,0,2026-05-23T22:32:41.884525
TITLE_001579,Face-to-face zero tolerance info-mediaries 2019,Movie,Thriller,Netflix Studios,2019,63,0,2026-05-23T22:32:41.884532
TITLE_001580,Fully-configurable object-oriented alliance 1995,Special,Animation,Universal,1995,1457,0,2026-05-23T22:32:41.884538
TITLE_001581,Synchronized composite projection 1986,Miniseries,Animation,Universal,1986,1655,0,2026-05-23T22:32:41.884544
TITLE_001582,Synergized non-volatile forecast 1984,TV Series,Thriller,Netflix Studios,1984,4313,5,2026-05-23T22:32:41.884552
TITLE_001583,Total leadingedge core 1998,Documentary,Comedy,Apple TV+,1998,1479,0,2026-05-23T22:32:41.884561
TITLE_001584,Ameliorated non-volatile leverage 1997,Special,Horror,Paramount,1997,5888,0,2026-05-23T22:32:41.884567
TITLE_001585,Reactive radical attitude 1986,TV Series,Sci-Fi,Sony,1986,348,1,2026-05-23T22:32:41.884574
TITLE_001586,Operative coherent standardization 2008,Miniseries,Animation,Paramount,2008,1666,0,2026-05-23T22:32:41.884581
TITLE_001587,Enterprise-wide multi-tasking database 1989,Special,Romance,Apple TV+,1989,4634,0,2026-05-23T22:32:41.884588
TITLE_001588,Mandatory bandwidth-monitored extranet 1987,Documentary,Horror,Netflix Studios,1987,852,0,2026-05-23T22:32:41.884595
TITLE_001589,Public-key didactic database 2019,Special,Sci-Fi,Apple TV+,2019,982,0,2026-05-23T22:32:41.884601
TITLE_001590,Streamlined fresh-thinking pricing structure 2019,Special,Action,Warner Bros,2019,2010,0,2026-05-23T22:32:41.884608
TITLE_001591,Multi-channeled intangible monitoring 2009,TV Series,Drama,Sony,2009,4941,6,2026-05-23T22:32:41.884615
TITLE_001592,Function-based static open architecture 2012,TV Series,Drama,Apple TV+,2012,3827,1,2026-05-23T22:32:41.884624
TITLE_001593,Expanded executive algorithm 2011,TV Series,Comedy,Apple TV+,2011,3049,8,2026-05-23T22:32:41.884632
TITLE_001594,Horizontal optimal infrastructure 2010,Movie,Drama,Universal,2010,65,0,2026-05-23T22:32:41.884638
TITLE_001595,Reactive multimedia support 2003,Movie,Thriller,Apple TV+,2003,85,0,2026-05-23T22:32:41.884645
TITLE_001596,Devolved bandwidth-monitored conglomeration 1985,Movie,Romance,Paramount,1985,107,0,2026-05-23T22:32:41.884653
TITLE_001597,User-friendly demand-driven array 1984,Special,Romance,Netflix Studios,1984,4407,0,2026-05-23T22:32:41.884660
TITLE_001598,Cross-platform scalable portal 2001,Miniseries,Action,Disney,2001,2439,0,2026-05-23T22:32:41.884667
TITLE_001599,Devolved global Internet solution 1999,Miniseries,Sci-Fi,Sony,1999,3586,0,2026-05-23T22:32:41.884674
TITLE_001600,Balanced stable benchmark 2016,Miniseries,Animation,Universal,2016,4785,0,2026-05-23T22:32:41.884681
TITLE_001601,Face-to-face context-sensitive parallelism 2024,Documentary,Sci-Fi,Netflix Studios,2024,4294,0,2026-05-23T22:32:41.884689
TITLE_001602,Cross-platform asymmetric initiative 2019,Documentary,Thriller,Universal,2019,741,0,2026-05-23T22:32:41.884696
TITLE_001603,Synchronized next generation Local Area Network 1982,Documentary,Romance,Universal,1982,3986,0,2026-05-23T22:32:41.884703
TITLE_001604,Cloned national implementation 2021,Special,Drama,Disney,2021,3242,0,2026-05-23T22:32:41.884711
TITLE_001605,Synchronized zero administration firmware 2009,Movie,Thriller,Netflix Studios,2009,151,0,2026-05-23T22:32:41.884719
TITLE_001606,Up-sized multi-state time-frame 2013,Documentary,Animation,Warner Bros,2013,3257,0,2026-05-23T22:32:41.884726
TITLE_001607,Horizontal intermediate solution 2021,Miniseries,Sci-Fi,Netflix Studios,2021,5725,0,2026-05-23T22:32:41.884735
TITLE_001608,Right-sized systemic collaboration 1994,Special,Thriller,Universal,1994,1927,0,2026-05-23T22:32:41.884743
TITLE_001609,Innovative disintermediate interface 1998,Special,Drama,Netflix Studios,1998,1770,0,2026-05-23T22:32:41.884750
TITLE_001610,Cloned tangible neural-net 2001,Documentary,Romance,Netflix Studios,2001,1918,0,2026-05-23T22:32:41.884757
TITLE_001611,Fundamental demand-driven application 1990,Miniseries,Drama,Apple TV+,1990,3315,0,2026-05-23T22:32:41.884764
TITLE_001612,Quality-focused bifurcated middleware 2000,Movie,Horror,Disney,2000,137,0,2026-05-23T22:32:41.884771
TITLE_001613,Exclusive non-volatile ability 1994,TV Series,Thriller,Paramount,1994,5287,4,2026-05-23T22:32:41.884777
TITLE_001614,Centralized neutral standardization 1981,Documentary,Horror,Disney,1981,5329,0,2026-05-23T22:32:41.884784
TITLE_001615,Stand-alone clear-thinking interface 1996,Movie,Drama,Disney,1996,118,0,2026-05-23T22:32:41.884793
TITLE_001616,Diverse multi-tasking instruction set 2022,Miniseries,Sci-Fi,Apple TV+,2022,1735,0,2026-05-23T22:32:41.884800
TITLE_001617,Assimilated executive orchestration 1985,Miniseries,Romance,Sony,1985,4634,0,2026-05-23T22:32:41.884807
TITLE_001618,Cross-group context-sensitive productivity 2024,Movie,Thriller,Universal,2024,96,0,2026-05-23T22:32:41.884814
TITLE_001619,Robust zero administration utilization 1990,Special,Sci-Fi,Netflix Studios,1990,1593,0,2026-05-23T22:32:41.884821
TITLE_001620,Vision-oriented content-based encryption 2020,TV Series,Romance,Warner Bros,2020,4553,4,2026-05-23T22:32:41.884843
TITLE_001621,Total optimizing access 1994,Movie,Comedy,Sony,1994,105,0,2026-05-23T22:32:41.884853
TITLE_001622,Down-sized local protocol 1983,Movie,Comedy,Apple TV+,1983,102,0,2026-05-23T22:32:41.884860
TITLE_001623,Secured 3rdgeneration flexibility 2018,TV Series,Comedy,Sony,2018,4368,7,2026-05-23T22:32:41.884868
TITLE_001624,Business-focused 5thgeneration monitoring 1987,TV Series,Drama,Apple TV+,1987,1713,8,2026-05-23T22:32:41.884874
TITLE_001625,Right-sized 4thgeneration solution 2018,Special,Thriller,Sony,2018,1059,0,2026-05-23T22:32:41.884882
TITLE_001626,Re-engineered bandwidth-monitored secured line 2005,TV Series,Romance,Apple TV+,2005,4609,2,2026-05-23T22:32:41.884890
TITLE_001627,Inverse dynamic knowledgebase 1991,Documentary,Horror,Paramount,1991,4846,0,2026-05-23T22:32:41.884896
TITLE_001628,Streamlined asynchronous frame 2007,Miniseries,Drama,Universal,2007,692,0,2026-05-23T22:32:41.884903
TITLE_001629,Future-proofed needs-based alliance 2024,Miniseries,Sci-Fi,Apple TV+,2024,2319,0,2026-05-23T22:32:41.884910
TITLE_001630,Re-contextualized global support 1984,Documentary,Animation,Sony,1984,2497,0,2026-05-23T22:32:41.884917
TITLE_001631,Managed 4thgeneration workforce 2018,Miniseries,Animation,Netflix Studios,2018,1252,0,2026-05-23T22:32:41.884925
TITLE_001632,Function-based logistical solution 1996,Movie,Comedy,Netflix Studios,1996,58,0,2026-05-23T22:32:41.884932
TITLE_001633,Extended incremental concept 1990,Miniseries,Drama,Netflix Studios,1990,1064,0,2026-05-23T22:32:41.884938
TITLE_001634,Synergistic zero administration matrix 2016,TV Series,Action,Universal,2016,3302,5,2026-05-23T22:32:41.884946
TITLE_001635,Customizable asynchronous monitoring 2016,Documentary,Sci-Fi,Paramount,2016,2682,0,2026-05-23T22:32:41.884955
TITLE_001636,Innovative responsive solution 1996,Miniseries,Horror,Apple TV+,1996,521,0,2026-05-23T22:32:41.884961
TITLE_001637,Business-focused 5thgeneration system engine 1982,Movie,Animation,Disney,1982,111,0,2026-05-23T22:32:41.884968
TITLE_001638,Integrated discrete extranet 2023,Special,Animation,Disney,2023,2348,0,2026-05-23T22:32:41.884976
TITLE_001639,Reduced scalable contingency 1993,Movie,Animation,Warner Bros,1993,76,0,2026-05-23T22:32:41.884983
TITLE_001640,Cloned clear-thinking alliance 1985,TV Series,Horror,Universal,1985,1622,6,2026-05-23T22:32:41.884990
TITLE_001641,Reduced local archive 2001,Special,Action,Warner Bros,2001,1604,0,2026-05-23T22:32:41.884997
TITLE_001642,Adaptive exuding Graphical User Interface 1997,TV Series,Thriller,Warner Bros,1997,3849,3,2026-05-23T22:32:41.885004
TITLE_001643,Enterprise-wide demand-driven attitude 2000,Documentary,Thriller,Netflix Studios,2000,647,0,2026-05-23T22:32:41.885011
TITLE_001644,Digitized stable groupware 2006,Miniseries,Thriller,Disney,2006,3283,0,2026-05-23T22:32:41.885018
TITLE_001645,Monitored contextually-based architecture 2024,Miniseries,Sci-Fi,Universal,2024,1891,0,2026-05-23T22:32:41.885024
TITLE_001646,Cloned real-time installation 2000,Movie,Thriller,Paramount,2000,135,0,2026-05-23T22:32:41.885035
TITLE_001647,Monitored real-time project 2025,Miniseries,Action,Sony,2025,5528,0,2026-05-23T22:32:41.885041
TITLE_001648,Cross-group optimizing intranet 1988,Miniseries,Action,Warner Bros,1988,788,0,2026-05-23T22:32:41.885048
TITLE_001649,Secured coherent neural-net 2024,TV Series,Action,Universal,2024,5929,6,2026-05-23T22:32:41.885054
TITLE_001650,Assimilated explicit hub 1984,Movie,Animation,Apple TV+,1984,119,0,2026-05-23T22:32:41.885061
TITLE_001651,Implemented 24/7 adapter 2017,TV Series,Drama,Netflix Studios,2017,4959,8,2026-05-23T22:32:41.885069
TITLE_001652,Organic national portal 2016,Documentary,Romance,Warner Bros,2016,466,0,2026-05-23T22:32:41.885076
TITLE_001653,Centralized content-based pricing structure 2008,Documentary,Thriller,Paramount,2008,3876,0,2026-05-23T22:32:41.885083
TITLE_001654,Intuitive tangible function 2019,TV Series,Sci-Fi,Netflix Studios,2019,1780,6,2026-05-23T22:32:41.885092
TITLE_001655,Optional even-keeled forecast 1980,Special,Animation,Sony,1980,5255,0,2026-05-23T22:32:41.885102
TITLE_001656,Streamlined clear-thinking orchestration 2017,Movie,Comedy,Apple TV+,2017,159,0,2026-05-23T22:32:41.885109
TITLE_001657,Automated 24/7 architecture 1986,Movie,Horror,Warner Bros,1986,158,0,2026-05-23T22:32:41.885116
TITLE_001658,Centralized context-sensitive strategy 1988,Special,Comedy,Warner Bros,1988,4733,0,2026-05-23T22:32:41.885122
TITLE_001659,Exclusive fault-tolerant capacity 2022,Miniseries,Comedy,Warner Bros,2022,2214,0,2026-05-23T22:32:41.885129
TITLE_001660,Synergistic web-enabled support 2023,Movie,Action,Warner Bros,2023,76,0,2026-05-23T22:32:41.885136
TITLE_001661,Expanded value-added policy 2005,Documentary,Action,Universal,2005,5227,0,2026-05-23T22:32:41.885142
TITLE_001662,Profound directional model 2003,Movie,Sci-Fi,Netflix Studios,2003,60,0,2026-05-23T22:32:41.885151
TITLE_001663,Profound secondary frame 2001,Miniseries,Drama,Sony,2001,5347,0,2026-05-23T22:32:41.885158
TITLE_001664,Cross-platform demand-driven workforce 1988,TV Series,Drama,Sony,1988,3621,3,2026-05-23T22:32:41.885165
TITLE_001665,Ergonomic transitional methodology 1985,Movie,Drama,Netflix Studios,1985,96,0,2026-05-23T22:32:41.885172
TITLE_001666,Synergized optimal throughput 1980,Special,Drama,Netflix Studios,1980,1167,0,2026-05-23T22:32:41.885178
TITLE_001667,Devolved homogeneous neural-net 1999,Miniseries,Horror,Disney,1999,4998,0,2026-05-23T22:32:41.885185
TITLE_001668,Ameliorated attitude-oriented Internet solution 1988,TV Series,Sci-Fi,Netflix Studios,1988,1197,6,2026-05-23T22:32:41.885192
TITLE_001669,Pre-emptive responsive strategy 2004,Movie,Horror,Disney,2004,49,0,2026-05-23T22:32:41.885198
TITLE_001670,Right-sized 24/7 encoding 2007,Miniseries,Action,Netflix Studios,2007,2811,0,2026-05-23T22:32:41.885205
TITLE_001671,Customer-focused real-time customer loyalty 2014,Movie,Horror,Disney,2014,80,0,2026-05-23T22:32:41.885212
TITLE_001672,Inverse object-oriented collaboration 1981,TV Series,Comedy,Apple TV+,1981,4325,1,2026-05-23T22:32:41.885221
TITLE_001673,Enterprise-wide eco-centric capability 1982,Documentary,Action,Disney,1982,680,0,2026-05-23T22:32:41.885228
TITLE_001674,Advanced 24/7 throughput 2004,Miniseries,Horror,Universal,2004,4218,0,2026-05-23T22:32:41.885237
TITLE_001675,Up-sized grid-enabled parallelism 2002,TV Series,Horror,Paramount,2002,5314,3,2026-05-23T22:32:41.885244
TITLE_001676,Up-sized optimizing collaboration 2025,Miniseries,Thriller,Netflix Studios,2025,3445,0,2026-05-23T22:32:41.885251
TITLE_001677,Switchable discrete model 2021,TV Series,Thriller,Apple TV+,2021,3190,1,2026-05-23T22:32:41.885259
TITLE_001678,Self-enabling system-worthy alliance 1998,Special,Sci-Fi,Warner Bros,1998,2861,0,2026-05-23T22:32:41.885268
TITLE_001679,Polarized contextually-based task-force 1980,Special,Comedy,Warner Bros,1980,978,0,2026-05-23T22:32:41.885276
TITLE_001680,Robust needs-based architecture 1987,Movie,Drama,Warner Bros,1987,69,0,2026-05-23T22:32:41.885282
TITLE_001681,Centralized web-enabled core 1992,Special,Animation,Netflix Studios,1992,5210,0,2026-05-23T22:32:41.885289
TITLE_001682,Decentralized high-level definition 2001,Movie,Thriller,Sony,2001,163,0,2026-05-23T22:32:41.885296
TITLE_001683,Upgradable 24hour access 2002,Miniseries,Sci-Fi,Paramount,2002,706,0,2026-05-23T22:32:41.885304
TITLE_001684,Customizable 5thgeneration initiative 1994,Documentary,Animation,Disney,1994,5619,0,2026-05-23T22:32:41.885310
TITLE_001685,Organized modular initiative 1998,Special,Animation,Warner Bros,1998,3608,0,2026-05-23T22:32:41.885317
TITLE_001686,Cross-group heuristic toolset 2001,TV Series,Thriller,Netflix Studios,2001,4507,5,2026-05-23T22:32:41.885323
TITLE_001687,Ergonomic directional groupware 2025,TV Series,Drama,Disney,2025,5794,4,2026-05-23T22:32:41.885331
TITLE_001688,Multi-lateral system-worthy conglomeration 2018,Special,Horror,Paramount,2018,5817,0,2026-05-23T22:32:41.885338
TITLE_001689,Vision-oriented local success 2016,TV Series,Horror,Disney,2016,4878,6,2026-05-23T22:32:41.885345
TITLE_001690,Adaptive executive process improvement 2024,Special,Drama,Warner Bros,2024,1641,0,2026-05-23T22:32:41.885352
TITLE_001691,Business-focused neutral leverage 1986,Movie,Animation,Universal,1986,121,0,2026-05-23T22:32:41.885359
TITLE_001692,Multi-tiered non-volatile task-force 2016,Documentary,Action,Paramount,2016,320,0,2026-05-23T22:32:41.885366
TITLE_001693,Reduced neutral contingency 2006,Special,Romance,Paramount,2006,4130,0,2026-05-23T22:32:41.885374
TITLE_001694,Configurable homogeneous analyzer 2015,Special,Action,Universal,2015,1579,0,2026-05-23T22:32:41.885381
TITLE_001695,Stand-alone systematic paradigm 1996,Special,Drama,Paramount,1996,2435,0,2026-05-23T22:32:41.885388
TITLE_001696,Object-based intangible ability 2008,Special,Comedy,Universal,2008,5336,0,2026-05-23T22:32:41.885395
TITLE_001697,Ergonomic maximized protocol 2010,Special,Romance,Paramount,2010,2126,0,2026-05-23T22:32:41.885402
TITLE_001698,Monitored multi-tasking hardware 2005,Movie,Animation,Paramount,2005,68,0,2026-05-23T22:32:41.885408
TITLE_001699,Multi-layered multi-state complexity 2024,Documentary,Thriller,Sony,2024,1115,0,2026-05-23T22:32:41.885415
TITLE_001700,Upgradable global knowledgebase 2013,Special,Comedy,Universal,2013,2554,0,2026-05-23T22:32:41.885422
TITLE_001701,Inverse 6thgeneration policy 1996,Special,Action,Netflix Studios,1996,2845,0,2026-05-23T22:32:41.885428
TITLE_001702,Stand-alone intermediate algorithm 2013,TV Series,Sci-Fi,Paramount,2013,4399,6,2026-05-23T22:32:41.885435
TITLE_001703,Stand-alone explicit customer loyalty 1984,Documentary,Comedy,Sony,1984,5058,0,2026-05-23T22:32:41.885442
TITLE_001704,Object-based dynamic secured line 1993,Miniseries,Romance,Netflix Studios,1993,1826,0,2026-05-23T22:32:41.885449
TITLE_001705,Public-key context-sensitive database 1997,Special,Comedy,Universal,1997,5141,0,2026-05-23T22:32:41.885455
TITLE_001706,Face-to-face upward-trending secured line 2004,Documentary,Thriller,Sony,2004,5794,0,2026-05-23T22:32:41.885462
TITLE_001707,Devolved non-volatile access 2007,Documentary,Drama,Universal,2007,5618,0,2026-05-23T22:32:41.885468
TITLE_001708,Diverse modular middleware 1999,TV Series,Horror,Universal,1999,1600,6,2026-05-23T22:32:41.885476
TITLE_001709,Operative fresh-thinking protocol 2024,TV Series,Horror,Sony,2024,3529,4,2026-05-23T22:32:41.885484
TITLE_001710,Enhanced context-sensitive protocol 1985,Miniseries,Drama,Universal,1985,2452,0,2026-05-23T22:32:41.885491
TITLE_001711,Customer-focused bifurcated time-frame 1993,TV Series,Drama,Disney,1993,1041,8,2026-05-23T22:32:41.885499
TITLE_001712,Programmable solution-oriented focus group 1994,Special,Thriller,Netflix Studios,1994,4658,0,2026-05-23T22:32:41.885507
TITLE_001713,Realigned logistical intranet 2022,Documentary,Thriller,Paramount,2022,5672,0,2026-05-23T22:32:41.885516
TITLE_001714,Robust bi-directional functionalities 1996,TV Series,Romance,Paramount,1996,4535,3,2026-05-23T22:32:41.885522
TITLE_001715,Devolved empowering approach 2014,Movie,Horror,Warner Bros,2014,96,0,2026-05-23T22:32:41.885529
TITLE_001716,Customer-focused needs-based benchmark 2007,TV Series,Animation,Paramount,2007,1597,4,2026-05-23T22:32:41.885537
TITLE_001717,Horizontal well-modulated pricing structure 2017,Movie,Comedy,Disney,2017,101,0,2026-05-23T22:32:41.885544
TITLE_001718,Realigned logistical capability 1986,TV Series,Drama,Apple TV+,1986,5056,6,2026-05-23T22:32:41.885552
TITLE_001719,Mandatory empowering knowledgebase 2006,Miniseries,Animation,Sony,2006,5094,0,2026-05-23T22:32:41.885559
TITLE_001720,Balanced intermediate conglomeration 1980,TV Series,Animation,Warner Bros,1980,4166,3,2026-05-23T22:32:41.885566
TITLE_001721,Organic attitude-oriented algorithm 2014,Special,Sci-Fi,Disney,2014,848,0,2026-05-23T22:32:41.885573
TITLE_001722,User-friendly 5thgeneration superstructure 1989,Movie,Sci-Fi,Warner Bros,1989,92,0,2026-05-23T22:32:41.885579
TITLE_001723,Upgradable real-time contingency 2000,Miniseries,Horror,Netflix Studios,2000,1604,0,2026-05-23T22:32:41.885586
TITLE_001724,Open-architected needs-based installation 2020,TV Series,Horror,Netflix Studios,2020,1065,2,2026-05-23T22:32:41.885594
TITLE_001725,Optional 6thgeneration architecture 2010,Special,Action,Warner Bros,2010,1126,0,2026-05-23T22:32:41.885600
TITLE_001726,Managed non-volatile standardization 1985,Documentary,Sci-Fi,Sony,1985,3250,0,2026-05-23T22:32:41.885606
TITLE_001727,Switchable cohesive Graphical User Interface 2000,Special,Thriller,Universal,2000,2434,0,2026-05-23T22:32:41.885612
TITLE_001728,Centralized national parallelism 2023,Movie,Romance,Paramount,2023,132,0,2026-05-23T22:32:41.885620
TITLE_001729,Persevering actuating encoding 1986,TV Series,Thriller,Netflix Studios,1986,659,8,2026-05-23T22:32:41.885628
TITLE_001730,Diverse non-volatile matrix 1983,Movie,Action,Paramount,1983,131,0,2026-05-23T22:32:41.885634
TITLE_001731,Synergized non-volatile Internet solution 1986,Movie,Sci-Fi,Disney,1986,158,0,2026-05-23T22:32:41.885641
TITLE_001732,User-friendly fresh-thinking Graphical User Interface 1998,TV Series,Drama,Universal,1998,5152,8,2026-05-23T22:32:41.885649
TITLE_001733,Multi-lateral radical toolset 2009,Miniseries,Thriller,Netflix Studios,2009,5511,0,2026-05-23T22:32:41.885655
TITLE_001734,Reverse-engineered exuding adapter 2024,TV Series,Action,Universal,2024,5545,1,2026-05-23T22:32:41.885663
TITLE_001735,Sharable user-facing encoding 2023,TV Series,Drama,Netflix Studios,2023,3870,4,2026-05-23T22:32:41.885670
TITLE_001736,Diverse real-time frame 2007,Special,Drama,Warner Bros,2007,3018,0,2026-05-23T22:32:41.885677
TITLE_001737,Versatile coherent encoding 2004,Special,Drama,Paramount,2004,2000,0,2026-05-23T22:32:41.885683
TITLE_001738,Persevering executive flexibility 2004,Miniseries,Comedy,Sony,2004,1794,0,2026-05-23T22:32:41.885690
TITLE_001739,Multi-lateral contextually-based Graphic Interface 1993,Miniseries,Sci-Fi,Sony,1993,3693,0,2026-05-23T22:32:41.885696
TITLE_001740,Inverse zero-defect Graphic Interface 2018,Miniseries,Comedy,Warner Bros,2018,5598,0,2026-05-23T22:32:41.885703
TITLE_001741,Advanced systemic standardization 2001,TV Series,Animation,Warner Bros,2001,2530,2,2026-05-23T22:32:41.885712
TITLE_001742,Implemented didactic complexity 2006,Miniseries,Romance,Apple TV+,2006,2268,0,2026-05-23T22:32:41.885720
TITLE_001743,Self-enabling 24hour collaboration 2000,Documentary,Sci-Fi,Netflix Studios,2000,2304,0,2026-05-23T22:32:41.885728
TITLE_001744,Universal motivating approach 1994,Movie,Horror,Warner Bros,1994,71,0,2026-05-23T22:32:41.885735
TITLE_001745,Grass-roots coherent installation 2011,Special,Drama,Netflix Studios,2011,3447,0,2026-05-23T22:32:41.885747
TITLE_001746,Automated value-added parallelism 2012,Special,Action,Netflix Studios,2012,3767,0,2026-05-23T22:32:41.885755
TITLE_001747,Robust client-driven circuit 1996,Special,Thriller,Warner Bros,1996,3745,0,2026-05-23T22:32:41.885762
TITLE_001748,Reduced demand-driven function 1987,TV Series,Thriller,Warner Bros,1987,4902,4,2026-05-23T22:32:41.885769
TITLE_001749,Object-based context-sensitive framework 2016,Documentary,Horror,Paramount,2016,2021,0,2026-05-23T22:32:41.885776
TITLE_001750,Future-proofed client-driven throughput 2018,Special,Thriller,Disney,2018,5898,0,2026-05-23T22:32:41.885783
TITLE_001751,Visionary transitional encoding 1991,TV Series,Comedy,Paramount,1991,2152,5,2026-05-23T22:32:41.885791
TITLE_001752,Devolved object-oriented paradigm 2008,Special,Drama,Sony,2008,1642,0,2026-05-23T22:32:41.885799
TITLE_001753,Re-contextualized empowering implementation 2021,Documentary,Action,Universal,2021,3013,0,2026-05-23T22:32:41.885806
TITLE_001754,Multi-channeled coherent concept 2021,TV Series,Comedy,Apple TV+,2021,5964,4,2026-05-23T22:32:41.885813
TITLE_001755,Assimilated tangible projection 1994,Documentary,Action,Netflix Studios,1994,5984,0,2026-05-23T22:32:41.885820
TITLE_001756,Stand-alone intermediate budgetary management 2007,TV Series,Thriller,Sony,2007,2604,8,2026-05-23T22:32:41.885827
TITLE_001757,Pre-emptive eco-centric methodology 2015,TV Series,Comedy,Apple TV+,2015,1024,8,2026-05-23T22:32:41.885834
TITLE_001758,Future-proofed disintermediate open architecture 1986,TV Series,Sci-Fi,Apple TV+,1986,4943,2,2026-05-23T22:32:41.885841
TITLE_001759,Optional local synergy 2013,Documentary,Horror,Paramount,2013,2694,0,2026-05-23T22:32:41.885849
TITLE_001760,Synergized heuristic info-mediaries 2002,Special,Animation,Disney,2002,3407,0,2026-05-23T22:32:41.885855
TITLE_001761,Implemented holistic project 2012,TV Series,Animation,Netflix Studios,2012,5395,3,2026-05-23T22:32:41.885862
TITLE_001762,De-engineered multi-state application 1989,Documentary,Horror,Paramount,1989,5531,0,2026-05-23T22:32:41.885870
TITLE_001763,Organized multi-tasking focus group 1999,Movie,Drama,Warner Bros,1999,151,0,2026-05-23T22:32:41.885878
TITLE_001764,Configurable next generation parallelism 2025,Miniseries,Horror,Disney,2025,1153,0,2026-05-23T22:32:41.885885
TITLE_001765,Focused eco-centric help-desk 2021,Miniseries,Comedy,Netflix Studios,2021,2684,0,2026-05-23T22:32:41.885892
TITLE_001766,Universal optimizing encryption 1984,Miniseries,Action,Disney,1984,4939,0,2026-05-23T22:32:41.885898
TITLE_001767,Ergonomic neutral Local Area Network 1991,Movie,Drama,Netflix Studios,1991,153,0,2026-05-23T22:32:41.885905
TITLE_001768,Up-sized impactful complexity 2010,Movie,Animation,Sony,2010,86,0,2026-05-23T22:32:41.885912
TITLE_001769,Sharable system-worthy benchmark 2001,Documentary,Sci-Fi,Sony,2001,4509,0,2026-05-23T22:32:41.885919
TITLE_001770,Proactive even-keeled firmware 1993,Movie,Action,Paramount,1993,65,0,2026-05-23T22:32:41.885927
TITLE_001771,Compatible uniform standardization 1996,Movie,Comedy,Universal,1996,89,0,2026-05-23T22:32:41.885976
TITLE_001772,Switchable discrete monitoring 1983,Special,Animation,Netflix Studios,1983,933,0,2026-05-23T22:32:41.885991
TITLE_001773,Synergized fault-tolerant benchmark 2019,Miniseries,Thriller,Disney,2019,586,0,2026-05-23T22:32:41.885999
TITLE_001774,Robust intangible synergy 1982,TV Series,Sci-Fi,Sony,1982,5724,8,2026-05-23T22:32:41.886008
TITLE_001775,Streamlined transitional hub 1985,Miniseries,Sci-Fi,Netflix Studios,1985,2085,0,2026-05-23T22:32:41.886015
TITLE_001776,Open-source logistical paradigm 2023,Movie,Drama,Disney,2023,107,0,2026-05-23T22:32:41.886023
TITLE_001777,Ergonomic leadingedge attitude 1999,TV Series,Comedy,Netflix Studios,1999,3321,2,2026-05-23T22:32:41.886032
TITLE_001778,Configurable 3rdgeneration synergy 2004,Movie,Thriller,Warner Bros,2004,45,0,2026-05-23T22:32:41.886039
TITLE_001779,Future-proofed tangible standardization 2010,Special,Horror,Sony,2010,940,0,2026-05-23T22:32:41.886047
TITLE_001780,Seamless eco-centric archive 1983,Special,Romance,Sony,1983,1980,0,2026-05-23T22:32:41.886053
TITLE_001781,Function-based transitional synergy 1997,Miniseries,Sci-Fi,Disney,1997,3077,0,2026-05-23T22:32:41.886061
TITLE_001782,Total explicit hub 1997,Movie,Horror,Apple TV+,1997,92,0,2026-05-23T22:32:41.886068
TITLE_001783,Intuitive web-enabled benchmark 2019,Miniseries,Animation,Universal,2019,1042,0,2026-05-23T22:32:41.886075
TITLE_001784,Centralized fault-tolerant standardization 2011,TV Series,Action,Paramount,2011,5481,3,2026-05-23T22:32:41.886082
TITLE_001785,Automated multimedia support 2020,Documentary,Animation,Disney,2020,3788,0,2026-05-23T22:32:41.886089
TITLE_001786,Organized systemic solution 2000,Documentary,Drama,Universal,2000,3758,0,2026-05-23T22:32:41.886095
TITLE_001787,Implemented fault-tolerant core 1992,Documentary,Sci-Fi,Disney,1992,2130,0,2026-05-23T22:32:41.886102
TITLE_001788,Synergistic static policy 2019,TV Series,Thriller,Warner Bros,2019,308,8,2026-05-23T22:32:41.886108
TITLE_001789,Persistent incremental forecast 2020,Documentary,Comedy,Paramount,2020,1475,0,2026-05-23T22:32:41.886115
TITLE_001790,Polarized neutral conglomeration 1998,Special,Animation,Paramount,1998,5607,0,2026-05-23T22:32:41.886121
TITLE_001791,Reverse-engineered didactic encoding 1989,Miniseries,Thriller,Sony,1989,1223,0,2026-05-23T22:32:41.886130
TITLE_001792,Centralized 24/7 definition 2021,Documentary,Horror,Netflix Studios,2021,3509,0,2026-05-23T22:32:41.886136
TITLE_001793,Triple-buffered radical capacity 2021,Miniseries,Horror,Apple TV+,2021,5676,0,2026-05-23T22:32:41.886144
TITLE_001794,Devolved 4thgeneration artificial intelligence 2025,Miniseries,Comedy,Warner Bros,2025,5098,0,2026-05-23T22:32:41.886151
TITLE_001795,Enhanced stable focus group 2022,TV Series,Animation,Netflix Studios,2022,5034,5,2026-05-23T22:32:41.886158
TITLE_001796,Self-enabling full-range budgetary management 1986,Movie,Thriller,Warner Bros,1986,104,0,2026-05-23T22:32:41.886165
TITLE_001797,Enterprise-wide zero-defect encoding 1981,TV Series,Thriller,Apple TV+,1981,5956,2,2026-05-23T22:32:41.886172
TITLE_001798,Multi-tiered holistic pricing structure 2021,Movie,Romance,Warner Bros,2021,124,0,2026-05-23T22:32:41.886179
TITLE_001799,Multi-tiered contextually-based standardization 2017,TV Series,Horror,Apple TV+,2017,997,3,2026-05-23T22:32:41.886185
TITLE_001800,Fully-configurable solution-oriented workforce 1986,Special,Comedy,Paramount,1986,3357,0,2026-05-23T22:32:41.886192
TITLE_001801,Intuitive multimedia implementation 2002,Movie,Drama,Apple TV+,2002,165,0,2026-05-23T22:32:41.886200
TITLE_001802,Open-architected maximized instruction set 2012,TV Series,Action,Universal,2012,1904,1,2026-05-23T22:32:41.886208
TITLE_001803,Upgradable national concept 1999,Special,Horror,Disney,1999,3288,0,2026-05-23T22:32:41.886214
TITLE_001804,Organized 6thgeneration groupware 1991,Documentary,Sci-Fi,Paramount,1991,5020,0,2026-05-23T22:32:41.886221
TITLE_001805,Inverse fault-tolerant knowledge user 2016,Documentary,Sci-Fi,Disney,2016,4765,0,2026-05-23T22:32:41.886228
TITLE_001806,Organic responsive support 1995,Documentary,Drama,Warner Bros,1995,611,0,2026-05-23T22:32:41.886236
TITLE_001807,Fundamental content-based access 2015,TV Series,Drama,Netflix Studios,2015,3745,4,2026-05-23T22:32:41.886243
TITLE_001808,Cross-platform transitional open system 2002,Documentary,Comedy,Netflix Studios,2002,5100,0,2026-05-23T22:32:41.886250
TITLE_001809,Visionary next generation synergy 1992,Movie,Sci-Fi,Universal,1992,119,0,2026-05-23T22:32:41.886256
TITLE_001810,Re-engineered client-server open system 1990,Miniseries,Horror,Universal,1990,5187,0,2026-05-23T22:32:41.886264
TITLE_001811,Universal analyzing productivity 2003,Documentary,Thriller,Paramount,2003,4535,0,2026-05-23T22:32:41.886272
TITLE_001812,Sharable executive circuit 1997,Special,Thriller,Warner Bros,1997,4730,0,2026-05-23T22:32:41.886280
TITLE_001813,Enhanced user-facing leverage 1980,TV Series,Thriller,Universal,1980,5313,8,2026-05-23T22:32:41.886287
TITLE_001814,Managed directional neural-net 1982,Movie,Action,Universal,1982,160,0,2026-05-23T22:32:41.886294
TITLE_001815,Customer-focused explicit circuit 2008,Special,Comedy,Netflix Studios,2008,5727,0,2026-05-23T22:32:41.886302
TITLE_001816,Business-focused reciprocal ability 2009,Special,Romance,Apple TV+,2009,4480,0,2026-05-23T22:32:41.886309
TITLE_001817,Digitized 3rdgeneration standardization 2006,Documentary,Animation,Disney,2006,4180,0,2026-05-23T22:32:41.886317
TITLE_001818,Multi-layered client-server collaboration 2016,TV Series,Romance,Universal,2016,4357,8,2026-05-23T22:32:41.886323
TITLE_001819,Focused non-volatile Internet solution 2005,Miniseries,Thriller,Netflix Studios,2005,2413,0,2026-05-23T22:32:41.886329
TITLE_001820,Re-engineered intermediate capacity 2020,TV Series,Drama,Sony,2020,1071,8,2026-05-23T22:32:41.886336
TITLE_001821,Expanded stable open system 2005,Miniseries,Action,Paramount,2005,4067,0,2026-05-23T22:32:41.886343
TITLE_001822,Proactive real-time challenge 2015,Movie,Drama,Sony,2015,128,0,2026-05-23T22:32:41.886351
TITLE_001823,Self-enabling mobile capability 1980,Movie,Romance,Apple TV+,1980,92,0,2026-05-23T22:32:41.886358
TITLE_001824,Implemented incremental function 2000,TV Series,Sci-Fi,Sony,2000,2343,4,2026-05-23T22:32:41.886365
TITLE_001825,Assimilated discrete definition 2019,TV Series,Drama,Paramount,2019,4386,6,2026-05-23T22:32:41.886373
TITLE_001826,Switchable multi-tasking firmware 1980,Special,Sci-Fi,Sony,1980,3260,0,2026-05-23T22:32:41.886380
TITLE_001827,Digitized multimedia flexibility 1984,Documentary,Sci-Fi,Warner Bros,1984,3650,0,2026-05-23T22:32:41.886386
TITLE_001828,Ameliorated exuding productivity 2025,Documentary,Sci-Fi,Sony,2025,4670,0,2026-05-23T22:32:41.886393
TITLE_001829,De-engineered needs-based neural-net 1998,Documentary,Animation,Netflix Studios,1998,1241,0,2026-05-23T22:32:41.886400
TITLE_001830,Object-based impactful alliance 2005,Movie,Horror,Sony,2005,172,0,2026-05-23T22:32:41.886408
TITLE_001831,Self-enabling cohesive productivity 1998,Special,Romance,Sony,1998,3001,0,2026-05-23T22:32:41.886415
TITLE_001832,Right-sized incremental function 1982,Movie,Drama,Paramount,1982,72,0,2026-05-23T22:32:41.886421
TITLE_001833,Focused solution-oriented hierarchy 1991,Movie,Drama,Netflix Studios,1991,76,0,2026-05-23T22:32:41.886428
TITLE_001834,Intuitive contextually-based contingency 2006,TV Series,Animation,Warner Bros,2006,3320,8,2026-05-23T22:32:41.886435
TITLE_001835,Phased zero-defect toolset 1980,Miniseries,Comedy,Warner Bros,1980,2346,0,2026-05-23T22:32:41.886441
TITLE_001836,Mandatory modular emulation 2022,TV Series,Action,Apple TV+,2022,1532,3,2026-05-23T22:32:41.886449
TITLE_001837,Operative demand-driven leverage 2018,Miniseries,Drama,Apple TV+,2018,2460,0,2026-05-23T22:32:41.886456
TITLE_001838,Balanced user-facing productivity 1984,Miniseries,Sci-Fi,Netflix Studios,1984,2618,0,2026-05-23T22:32:41.886463
TITLE_001839,Multi-layered tertiary service-desk 1982,TV Series,Action,Apple TV+,1982,5033,2,2026-05-23T22:32:41.886471
TITLE_001840,Compatible fresh-thinking service-desk 1987,Documentary,Action,Paramount,1987,5066,0,2026-05-23T22:32:41.886477
TITLE_001841,Reduced human-resource knowledge user 2004,Documentary,Animation,Disney,2004,3678,0,2026-05-23T22:32:41.886484
TITLE_001842,Reactive analyzing parallelism 1985,Miniseries,Drama,Paramount,1985,2211,0,2026-05-23T22:32:41.886492
TITLE_001843,Enhanced encompassing model 2009,TV Series,Sci-Fi,Paramount,2009,1909,4,2026-05-23T22:32:41.886499
TITLE_001844,Adaptive zero administration hub 1995,TV Series,Sci-Fi,Netflix Studios,1995,5268,4,2026-05-23T22:32:41.886506
TITLE_001845,Polarized background extranet 2024,TV Series,Thriller,Disney,2024,1401,8,2026-05-23T22:32:41.886513
TITLE_001846,Robust bottom-line knowledge user 2003,Documentary,Romance,Disney,2003,3415,0,2026-05-23T22:32:41.886519
TITLE_001847,Reverse-engineered didactic system engine 2015,Miniseries,Sci-Fi,Sony,2015,672,0,2026-05-23T22:32:41.886526
TITLE_001848,Profit-focused cohesive architecture 2018,Movie,Comedy,Paramount,2018,143,0,2026-05-23T22:32:41.886532
TITLE_001849,Cloned regional protocol 2005,TV Series,Thriller,Netflix Studios,2005,1656,7,2026-05-23T22:32:41.886541
TITLE_001850,Total impactful moderator 1992,Documentary,Horror,Universal,1992,2483,0,2026-05-23T22:32:41.886548
TITLE_001851,Virtual system-worthy support 1986,Documentary,Comedy,Apple TV+,1986,805,0,2026-05-23T22:32:41.886554
TITLE_001852,Stand-alone executive Graphical User Interface 2021,TV Series,Sci-Fi,Paramount,2021,1059,1,2026-05-23T22:32:41.886562
TITLE_001853,User-friendly bandwidth-monitored algorithm 2009,Special,Horror,Apple TV+,2009,2711,0,2026-05-23T22:32:41.886569
TITLE_001854,Versatile 6thgeneration service-desk 2021,TV Series,Sci-Fi,Netflix Studios,2021,2031,1,2026-05-23T22:32:41.886575
TITLE_001855,Focused exuding success 1997,TV Series,Horror,Netflix Studios,1997,2973,1,2026-05-23T22:32:41.886582
TITLE_001856,Re-contextualized 24/7 product 2021,Documentary,Sci-Fi,Paramount,2021,4745,0,2026-05-23T22:32:41.886588
TITLE_001857,Reverse-engineered human-resource open architecture 2012,Special,Action,Sony,2012,4935,0,2026-05-23T22:32:41.886596
TITLE_001858,Multi-layered radical moratorium 2020,Movie,Comedy,Sony,2020,141,0,2026-05-23T22:32:41.886603
TITLE_001859,Cloned logistical system engine 2020,Special,Romance,Apple TV+,2020,1246,0,2026-05-23T22:32:41.886609
TITLE_001860,Horizontal fresh-thinking methodology 2009,Miniseries,Horror,Apple TV+,2009,2016,0,2026-05-23T22:32:41.886617
TITLE_001861,Inverse clear-thinking migration 2003,TV Series,Drama,Disney,2003,4491,4,2026-05-23T22:32:41.886624
TITLE_001862,Triple-buffered logistical hierarchy 1995,TV Series,Sci-Fi,Universal,1995,4032,8,2026-05-23T22:32:41.886631
TITLE_001863,Quality-focused leadingedge algorithm 1996,TV Series,Thriller,Disney,1996,2199,6,2026-05-23T22:32:41.886638
TITLE_001864,Fully-configurable optimizing policy 2001,Documentary,Thriller,Paramount,2001,5750,0,2026-05-23T22:32:41.886644
TITLE_001865,Extended analyzing project 1999,TV Series,Sci-Fi,Apple TV+,1999,2910,4,2026-05-23T22:32:41.886651
TITLE_001866,Optimized human-resource adapter 1983,TV Series,Drama,Sony,1983,1143,4,2026-05-23T22:32:41.886660
TITLE_001867,Extended grid-enabled knowledgebase 2025,Documentary,Comedy,Warner Bros,2025,2055,0,2026-05-23T22:32:41.886666
TITLE_001868,Synergistic grid-enabled intranet 2019,Miniseries,Thriller,Sony,2019,5585,0,2026-05-23T22:32:41.886673
TITLE_001869,Advanced secondary attitude 2000,TV Series,Horror,Sony,2000,2457,4,2026-05-23T22:32:41.886684
TITLE_001870,Streamlined analyzing open architecture 2012,Documentary,Thriller,Paramount,2012,5628,0,2026-05-23T22:32:41.886692
TITLE_001871,Exclusive regional time-frame 1983,Miniseries,Romance,Universal,1983,5525,0,2026-05-23T22:32:41.886699
TITLE_001872,Sharable optimal architecture 1994,Special,Animation,Paramount,1994,5609,0,2026-05-23T22:32:41.886706
TITLE_001873,Total motivating system engine 1992,Movie,Comedy,Netflix Studios,1992,133,0,2026-05-23T22:32:41.886713
TITLE_001874,Persistent optimizing hub 2010,Special,Comedy,Universal,2010,3325,0,2026-05-23T22:32:41.886719
TITLE_001875,Organized zero-defect application 1998,Documentary,Animation,Warner Bros,1998,5156,0,2026-05-23T22:32:41.886725
TITLE_001876,Customizable explicit parallelism 2007,Movie,Drama,Universal,2007,89,0,2026-05-23T22:32:41.886732
TITLE_001877,User-friendly cohesive time-frame 2014,Documentary,Horror,Apple TV+,2014,5351,0,2026-05-23T22:32:41.886739
TITLE_001878,Exclusive upward-trending middleware 2011,Miniseries,Animation,Netflix Studios,2011,3565,0,2026-05-23T22:32:41.886745
TITLE_001879,Reduced disintermediate strategy 2022,Documentary,Sci-Fi,Sony,2022,4675,0,2026-05-23T22:32:41.886751
TITLE_001880,User-centric grid-enabled collaboration 1986,TV Series,Horror,Universal,1986,1100,7,2026-05-23T22:32:41.886759
TITLE_001881,Networked background project 2009,Special,Drama,Apple TV+,2009,1478,0,2026-05-23T22:32:41.886767
TITLE_001882,Reduced optimizing alliance 2010,TV Series,Horror,Warner Bros,2010,1842,8,2026-05-23T22:32:41.886774
TITLE_001883,Focused 6thgeneration forecast 2006,Special,Comedy,Apple TV+,2006,4830,0,2026-05-23T22:32:41.886781
TITLE_001884,Up-sized content-based structure 2016,Special,Animation,Universal,2016,3495,0,2026-05-23T22:32:41.886798
TITLE_001885,Polarized executive solution 2006,Movie,Action,Universal,2006,128,0,2026-05-23T22:32:41.886814
TITLE_001886,Fully-configurable attitude-oriented flexibility 1999,TV Series,Sci-Fi,Sony,1999,4448,4,2026-05-23T22:32:41.886823
TITLE_001887,Upgradable value-added access 2018,Miniseries,Animation,Apple TV+,2018,2586,0,2026-05-23T22:32:41.886830
TITLE_001888,Future-proofed executive complexity 1996,Documentary,Sci-Fi,Warner Bros,1996,2495,0,2026-05-23T22:32:41.886839
TITLE_001889,Self-enabling global array 2012,Miniseries,Sci-Fi,Apple TV+,2012,3421,0,2026-05-23T22:32:41.886846
TITLE_001890,Robust secondary firmware 1980,TV Series,Romance,Netflix Studios,1980,1317,8,2026-05-23T22:32:41.886854
TITLE_001891,Multi-channeled optimizing contingency 2008,TV Series,Drama,Disney,2008,4545,7,2026-05-23T22:32:41.886862
TITLE_001892,Optimized incremental conglomeration 2011,Movie,Horror,Paramount,2011,160,0,2026-05-23T22:32:41.886870
TITLE_001893,Quality-focused systematic Internet solution 1983,Miniseries,Action,Netflix Studios,1983,3942,0,2026-05-23T22:32:41.886877
TITLE_001894,Diverse systemic extranet 1997,Movie,Sci-Fi,Netflix Studios,1997,75,0,2026-05-23T22:32:41.886884
TITLE_001895,Optional global superstructure 2008,Documentary,Horror,Netflix Studios,2008,417,0,2026-05-23T22:32:41.886891
TITLE_001896,Robust real-time intranet 2022,Documentary,Thriller,Warner Bros,2022,5659,0,2026-05-23T22:32:41.886898
TITLE_001897,Multi-tiered foreground project 2014,Documentary,Horror,Netflix Studios,2014,954,0,2026-05-23T22:32:41.886905
TITLE_001898,Synergized system-worthy architecture 2023,Movie,Comedy,Apple TV+,2023,122,0,2026-05-23T22:32:41.886912
TITLE_001899,Profit-focused leadingedge database 1981,Movie,Action,Disney,1981,105,0,2026-05-23T22:32:41.886918
TITLE_001900,Compatible systemic leverage 2018,Special,Drama,Sony,2018,5495,0,2026-05-23T22:32:41.886924
TITLE_001901,Streamlined client-server hierarchy 2025,Miniseries,Sci-Fi,Paramount,2025,3282,0,2026-05-23T22:32:41.886932
TITLE_001902,Stand-alone holistic secured line 2019,Miniseries,Comedy,Sony,2019,3212,0,2026-05-23T22:32:41.886939
TITLE_001903,Virtual systematic methodology 2005,Miniseries,Animation,Universal,2005,3923,0,2026-05-23T22:32:41.886945
TITLE_001904,Up-sized systematic time-frame 2021,Documentary,Sci-Fi,Sony,2021,4889,0,2026-05-23T22:32:41.886952
TITLE_001905,Optimized asymmetric forecast 1992,Documentary,Sci-Fi,Apple TV+,1992,1476,0,2026-05-23T22:32:41.886959
TITLE_001906,Upgradable 4thgeneration neural-net 2018,Special,Horror,Netflix Studios,2018,1982,0,2026-05-23T22:32:41.886966
TITLE_001907,Focused multimedia attitude 2000,Special,Thriller,Warner Bros,2000,2627,0,2026-05-23T22:32:41.886973
TITLE_001908,Assimilated content-based knowledgebase 1986,Movie,Comedy,Paramount,1986,148,0,2026-05-23T22:32:41.886982
TITLE_001909,Polarized client-driven throughput 1985,Miniseries,Drama,Disney,1985,3817,0,2026-05-23T22:32:41.886989
TITLE_001910,Reduced discrete solution 1982,Special,Sci-Fi,Sony,1982,2378,0,2026-05-23T22:32:41.886996
TITLE_001911,De-engineered next generation moderator 1991,Movie,Animation,Netflix Studios,1991,61,0,2026-05-23T22:32:41.887003
TITLE_001912,Reduced asymmetric attitude 1996,Documentary,Sci-Fi,Disney,1996,1225,0,2026-05-23T22:32:41.887010
TITLE_001913,Fundamental full-range project 2007,Movie,Drama,Sony,2007,162,0,2026-05-23T22:32:41.887017
TITLE_001914,Pre-emptive well-modulated knowledge user 1984,Documentary,Sci-Fi,Sony,1984,2940,0,2026-05-23T22:32:41.887025
TITLE_001915,Multi-tiered bandwidth-monitored challenge 1991,Miniseries,Drama,Paramount,1991,2603,0,2026-05-23T22:32:41.887032
TITLE_001916,Cross-group discrete interface 1999,Movie,Romance,Apple TV+,1999,106,0,2026-05-23T22:32:41.887040
TITLE_001917,Managed global capability 2023,TV Series,Comedy,Netflix Studios,2023,3741,1,2026-05-23T22:32:41.887048
TITLE_001918,Triple-buffered interactive array 1980,Special,Sci-Fi,Sony,1980,2913,0,2026-05-23T22:32:41.887055
TITLE_001919,Quality-focused zero tolerance service-desk 2025,TV Series,Comedy,Universal,2025,715,1,2026-05-23T22:32:41.887064
TITLE_001920,Operative static standardization 1984,Special,Sci-Fi,Disney,1984,3417,0,2026-05-23T22:32:41.887072
TITLE_001921,Fully-configurable non-volatile budgetary management 2008,Documentary,Romance,Warner Bros,2008,5257,0,2026-05-23T22:32:41.887080
TITLE_001922,Ergonomic 24/7 attitude 1992,Documentary,Horror,Netflix Studios,1992,636,0,2026-05-23T22:32:41.887087
TITLE_001923,Exclusive transitional installation 2025,TV Series,Romance,Apple TV+,2025,2519,1,2026-05-23T22:32:41.887094
TITLE_001924,Enhanced composite structure 1988,Documentary,Romance,Warner Bros,1988,3670,0,2026-05-23T22:32:41.887101
TITLE_001925,Cross-platform zero-defect time-frame 2021,TV Series,Action,Warner Bros,2021,5203,4,2026-05-23T22:32:41.887108
TITLE_001926,Virtual explicit infrastructure 1989,Movie,Comedy,Universal,1989,107,0,2026-05-23T22:32:41.887115
TITLE_001927,Phased bifurcated forecast 1984,Documentary,Action,Warner Bros,1984,3003,0,2026-05-23T22:32:41.887123
TITLE_001928,Cloned full-range initiative 1985,TV Series,Comedy,Warner Bros,1985,878,6,2026-05-23T22:32:41.887130
TITLE_001929,Organic full-range orchestration 1980,Special,Action,Universal,1980,4593,0,2026-05-23T22:32:41.887137
TITLE_001930,Fully-configurable motivating model 2011,Documentary,Animation,Netflix Studios,2011,3254,0,2026-05-23T22:32:41.887144
TITLE_001931,Persevering systematic firmware 1991,Documentary,Animation,Apple TV+,1991,4559,0,2026-05-23T22:32:41.887151
TITLE_001932,Cloned web-enabled knowledgebase 1984,Special,Thriller,Apple TV+,1984,4340,0,2026-05-23T22:32:41.887158
TITLE_001933,Fully-configurable 24/7 budgetary management 2007,Miniseries,Thriller,Universal,2007,5923,0,2026-05-23T22:32:41.887165
TITLE_001934,Vision-oriented well-modulated conglomeration 2006,Movie,Thriller,Paramount,2006,172,0,2026-05-23T22:32:41.887172
TITLE_001935,Profit-focused user-facing middleware 2024,Special,Comedy,Apple TV+,2024,2168,0,2026-05-23T22:32:41.887179
TITLE_001936,Quality-focused mobile open system 2018,Documentary,Action,Disney,2018,2364,0,2026-05-23T22:32:41.887185
TITLE_001937,Expanded tangible system engine 2003,Movie,Horror,Netflix Studios,2003,115,0,2026-05-23T22:32:41.887192
TITLE_001938,Polarized impactful capability 1994,Miniseries,Action,Apple TV+,1994,4106,0,2026-05-23T22:32:41.887199
TITLE_001939,Right-sized attitude-oriented hardware 2007,Special,Thriller,Paramount,2007,2512,0,2026-05-23T22:32:41.887206
TITLE_001940,Triple-buffered full-range project 1994,Documentary,Thriller,Universal,1994,5563,0,2026-05-23T22:32:41.887212
TITLE_001941,Diverse reciprocal initiative 2008,Miniseries,Romance,Universal,2008,4596,0,2026-05-23T22:32:41.887219
TITLE_001942,Distributed real-time hub 2000,Movie,Sci-Fi,Netflix Studios,2000,84,0,2026-05-23T22:32:41.887226
TITLE_001943,Synchronized responsive project 1984,Documentary,Comedy,Disney,1984,3430,0,2026-05-23T22:32:41.887232
TITLE_001944,Centralized upward-trending projection 2019,TV Series,Action,Netflix Studios,2019,4659,2,2026-05-23T22:32:41.887239
TITLE_001945,Secured explicit migration 2019,TV Series,Thriller,Netflix Studios,2019,833,7,2026-05-23T22:32:41.887246
TITLE_001946,Customizable explicit time-frame 2023,Miniseries,Romance,Paramount,2023,3600,0,2026-05-23T22:32:41.887252
TITLE_001947,Multi-channeled methodical ability 2024,Miniseries,Sci-Fi,Universal,2024,4610,0,2026-05-23T22:32:41.887260
TITLE_001948,Devolved hybrid implementation 2014,Documentary,Thriller,Netflix Studios,2014,1355,0,2026-05-23T22:32:41.887267
TITLE_001949,Multi-lateral scalable contingency 2018,Documentary,Comedy,Apple TV+,2018,2736,0,2026-05-23T22:32:41.887274
TITLE_001950,Persevering neutral policy 1980,Documentary,Sci-Fi,Warner Bros,1980,599,0,2026-05-23T22:32:41.887282
TITLE_001951,Organized upward-trending projection 2002,Special,Horror,Disney,2002,4380,0,2026-05-23T22:32:41.887289
TITLE_001952,Mandatory needs-based structure 2019,Documentary,Thriller,Disney,2019,5592,0,2026-05-23T22:32:41.887296
TITLE_001953,Vision-oriented next generation monitoring 2008,Movie,Comedy,Sony,2008,160,0,2026-05-23T22:32:41.887302
TITLE_001954,Focused neutral product 2006,Special,Comedy,Disney,2006,2829,0,2026-05-23T22:32:41.887309
TITLE_001955,Horizontal holistic archive 1990,Miniseries,Comedy,Paramount,1990,3546,0,2026-05-23T22:32:41.887316
TITLE_001956,Decentralized encompassing Graphical User Interface 1991,Movie,Horror,Disney,1991,159,0,2026-05-23T22:32:41.887323
TITLE_001957,Future-proofed zero-defect migration 2002,Movie,Comedy,Sony,2002,80,0,2026-05-23T22:32:41.887330
TITLE_001958,Mandatory executive conglomeration 2002,Documentary,Romance,Apple TV+,2002,5085,0,2026-05-23T22:32:41.887337
TITLE_001959,Re-engineered eco-centric complexity 1983,Documentary,Animation,Sony,1983,3939,0,2026-05-23T22:32:41.887345
TITLE_001960,Front-line radical support 1995,Documentary,Thriller,Apple TV+,1995,2314,0,2026-05-23T22:32:41.887352
TITLE_001961,Horizontal attitude-oriented access 1985,TV Series,Action,Disney,1985,5506,3,2026-05-23T22:32:41.887359
TITLE_001962,Enhanced composite benchmark 2000,Documentary,Action,Apple TV+,2000,1797,0,2026-05-23T22:32:41.887366
TITLE_001963,Reduced 24/7 methodology 2022,Miniseries,Thriller,Paramount,2022,2105,0,2026-05-23T22:32:41.887373
TITLE_001964,Automated bi-directional leverage 1982,Miniseries,Action,Netflix Studios,1982,5746,0,2026-05-23T22:32:41.887380
TITLE_001965,Down-sized client-driven challenge 1984,Special,Drama,Sony,1984,2861,0,2026-05-23T22:32:41.887388
TITLE_001966,Pre-emptive client-driven productivity 2018,Special,Comedy,Netflix Studios,2018,5381,0,2026-05-23T22:32:41.887396
TITLE_001967,User-friendly discrete Graphic Interface 1986,Miniseries,Action,Apple TV+,1986,766,0,2026-05-23T22:32:41.887403
TITLE_001968,Cross-group multi-state functionalities 2023,Documentary,Action,Disney,2023,5846,0,2026-05-23T22:32:41.887409
TITLE_001969,Multi-lateral systemic website 2007,Documentary,Comedy,Universal,2007,1593,0,2026-05-23T22:32:41.887416
TITLE_001970,Realigned leadingedge help-desk 2015,Miniseries,Horror,Netflix Studios,2015,4794,0,2026-05-23T22:32:41.887422
TITLE_001971,Phased modular benchmark 1980,Documentary,Thriller,Universal,1980,5150,0,2026-05-23T22:32:41.887429
TITLE_001972,Synchronized bi-directional architecture 1982,Movie,Sci-Fi,Warner Bros,1982,78,0,2026-05-23T22:32:41.887436
TITLE_001973,Multi-tiered clear-thinking capacity 2001,Movie,Drama,Apple TV+,2001,147,0,2026-05-23T22:32:41.887445
TITLE_001974,Upgradable methodical synergy 2021,Miniseries,Drama,Apple TV+,2021,4501,0,2026-05-23T22:32:41.887452
TITLE_001975,Seamless dynamic workforce 1981,Movie,Horror,Disney,1981,72,0,2026-05-23T22:32:41.887458
TITLE_001976,Organic impactful budgetary management 2015,Documentary,Sci-Fi,Paramount,2015,4474,0,2026-05-23T22:32:41.887465
TITLE_001977,Devolved heuristic capability 1992,Movie,Animation,Netflix Studios,1992,49,0,2026-05-23T22:32:41.887471
TITLE_001978,Cloned foreground middleware 1994,Special,Romance,Paramount,1994,3597,0,2026-05-23T22:32:41.887478
TITLE_001979,Face-to-face static success 2009,TV Series,Romance,Netflix Studios,2009,1103,4,2026-05-23T22:32:41.887485
TITLE_001980,Decentralized local challenge 1997,Miniseries,Animation,Paramount,1997,2558,0,2026-05-23T22:32:41.887492
TITLE_001981,Pre-emptive national synergy 2021,Miniseries,Thriller,Apple TV+,2021,5923,0,2026-05-23T22:32:41.887498
TITLE_001982,Streamlined uniform moderator 2017,Miniseries,Animation,Paramount,2017,2297,0,2026-05-23T22:32:41.887506
TITLE_001983,Programmable responsive projection 2011,Miniseries,Sci-Fi,Netflix Studios,2011,747,0,2026-05-23T22:32:41.887512
TITLE_001984,Focused explicit project 1996,Miniseries,Sci-Fi,Apple TV+,1996,5037,0,2026-05-23T22:32:41.887519
TITLE_001985,Self-enabling content-based flexibility 2002,TV Series,Thriller,Disney,2002,3971,5,2026-05-23T22:32:41.887525
TITLE_001986,Stand-alone upward-trending conglomeration 1996,Miniseries,Comedy,Universal,1996,3632,0,2026-05-23T22:32:41.887534
TITLE_001987,Business-focused discrete concept 1981,Movie,Animation,Apple TV+,1981,109,0,2026-05-23T22:32:41.887539
TITLE_001988,Phased dedicated secured line 1996,Special,Drama,Sony,1996,3245,0,2026-05-23T22:32:41.887545
TITLE_001989,Focused interactive software 1987,Documentary,Drama,Paramount,1987,4797,0,2026-05-23T22:32:41.887551
TITLE_001990,Switchable leadingedge utilization 1992,Movie,Action,Netflix Studios,1992,45,0,2026-05-23T22:32:41.887558
TITLE_001991,Profit-focused multi-tasking toolset 1990,Movie,Animation,Sony,1990,58,0,2026-05-23T22:32:41.887581
TITLE_001992,Persevering attitude-oriented projection 1993,Miniseries,Horror,Warner Bros,1993,5635,0,2026-05-23T22:32:41.887595
TITLE_001993,Enhanced composite function 2008,Special,Comedy,Netflix Studios,2008,491,0,2026-05-23T22:32:41.887603
TITLE_001994,Profound fault-tolerant hardware 1995,Documentary,Romance,Sony,1995,808,0,2026-05-23T22:32:41.887611
TITLE_001995,Proactive well-modulated frame 2024,Special,Comedy,Apple TV+,2024,3603,0,2026-05-23T22:32:41.887617
TITLE_001996,Persistent intangible benchmark 1989,Miniseries,Sci-Fi,Paramount,1989,4202,0,2026-05-23T22:32:41.887625
TITLE_001997,Open-architected object-oriented concept 1995,Miniseries,Animation,Sony,1995,5820,0,2026-05-23T22:32:41.887634
TITLE_001998,Optimized bandwidth-monitored migration 1980,Special,Romance,Warner Bros,1980,5430,0,2026-05-23T22:32:41.887641
TITLE_001999,Future-proofed zero administration concept 2001,TV Series,Horror,Paramount,2001,5911,5,2026-05-23T22:32:41.887649
TITLE_002000,Synchronized analyzing knowledge user 1990,Special,Romance,Netflix Studios,1990,2074,0,2026-05-23T22:32:41.887655
TITLE_002001,Fully-configurable full-range middleware 2024,Movie,Comedy,Warner Bros,2024,133,0,2026-05-23T22:32:41.887662
TITLE_002002,Realigned responsive knowledgebase 2021,Miniseries,Drama,Universal,2021,3590,0,2026-05-23T22:32:41.887668
TITLE_002003,Devolved dedicated algorithm 1988,Movie,Action,Disney,1988,118,0,2026-05-23T22:32:41.887676
TITLE_002004,Programmable systematic migration 2021,Movie,Drama,Universal,2021,75,0,2026-05-23T22:32:41.887684
TITLE_002005,Object-based empowering encoding 1982,Documentary,Romance,Netflix Studios,1982,321,0,2026-05-23T22:32:41.887692
TITLE_002006,Secured non-volatile groupware 1982,Movie,Action,Paramount,1982,75,0,2026-05-23T22:32:41.887699
TITLE_002007,Cloned neutral policy 2013,Documentary,Drama,Warner Bros,2013,611,0,2026-05-23T22:32:41.887706
TITLE_002008,Balanced needs-based interface 1993,Miniseries,Comedy,Disney,1993,3899,0,2026-05-23T22:32:41.887712
TITLE_002009,Integrated holistic groupware 2008,Documentary,Comedy,Warner Bros,2008,3947,0,2026-05-23T22:32:41.887720
TITLE_002010,Up-sized reciprocal protocol 2019,TV Series,Romance,Paramount,2019,4421,1,2026-05-23T22:32:41.887727
TITLE_002011,Multi-layered value-added ability 1984,Special,Action,Universal,1984,987,0,2026-05-23T22:32:41.887734
TITLE_002012,Upgradable fault-tolerant neural-net 2011,Documentary,Animation,Sony,2011,5640,0,2026-05-23T22:32:41.887742
TITLE_002013,Exclusive reciprocal moderator 1994,Movie,Animation,Warner Bros,1994,59,0,2026-05-23T22:32:41.887748
TITLE_002014,Ameliorated modular project 2001,TV Series,Horror,Sony,2001,2575,8,2026-05-23T22:32:41.887756
TITLE_002015,Open-source full-range definition 1986,Documentary,Comedy,Warner Bros,1986,830,0,2026-05-23T22:32:41.887762
TITLE_002016,Multi-lateral intermediate product 2024,Documentary,Action,Paramount,2024,5976,0,2026-05-23T22:32:41.887769
TITLE_002017,Devolved directional Local Area Network 2006,TV Series,Animation,Apple TV+,2006,3321,1,2026-05-23T22:32:41.887776
TITLE_002018,Function-based upward-trending artificial intelligence 1989,Documentary,Sci-Fi,Paramount,1989,2787,0,2026-05-23T22:32:41.887782
TITLE_002019,Centralized high-level groupware 2021,Movie,Action,Disney,2021,128,0,2026-05-23T22:32:41.887789
TITLE_002020,Enhanced zero tolerance initiative 2016,Special,Thriller,Paramount,2016,886,0,2026-05-23T22:32:41.887798
TITLE_002021,Down-sized encompassing algorithm 2015,TV Series,Drama,Universal,2015,5399,1,2026-05-23T22:32:41.887805
TITLE_002022,Synergistic asynchronous software 2002,TV Series,Comedy,Warner Bros,2002,2410,7,2026-05-23T22:32:41.887814
TITLE_002023,Mandatory reciprocal frame 2019,Miniseries,Romance,Paramount,2019,3670,0,2026-05-23T22:32:41.887821
TITLE_002024,Diverse demand-driven open system 2021,Miniseries,Drama,Universal,2021,3343,0,2026-05-23T22:32:41.887828
TITLE_002025,Ergonomic contextually-based extranet 2013,TV Series,Romance,Warner Bros,2013,3060,3,2026-05-23T22:32:41.887837
TITLE_002026,Universal 5thgeneration Graphical User Interface 2007,TV Series,Animation,Paramount,2007,2619,2,2026-05-23T22:32:41.887844
TITLE_002027,Upgradable regional encryption 2010,Documentary,Horror,Apple TV+,2010,3309,0,2026-05-23T22:32:41.887851
TITLE_002028,Operative upward-trending forecast 2003,Documentary,Romance,Sony,2003,2861,0,2026-05-23T22:32:41.887857
TITLE_002029,Inverse bi-directional system engine 2012,Special,Sci-Fi,Sony,2012,2467,0,2026-05-23T22:32:41.887866
TITLE_002030,Visionary next generation strategy 2021,Movie,Romance,Warner Bros,2021,47,0,2026-05-23T22:32:41.887873
TITLE_002031,Progressive systemic data-warehouse 1990,Miniseries,Drama,Disney,1990,1946,0,2026-05-23T22:32:41.887880
TITLE_002032,Future-proofed impactful moderator 1985,TV Series,Action,Sony,1985,461,8,2026-05-23T22:32:41.887888
TITLE_002033,Monitored multi-tasking productivity 2021,TV Series,Drama,Sony,2021,5915,5,2026-05-23T22:32:41.887894
TITLE_002034,Multi-layered background productivity 1995,Movie,Sci-Fi,Sony,1995,106,0,2026-05-23T22:32:41.887900
TITLE_002035,Open-architected web-enabled success 1992,Special,Horror,Paramount,1992,2590,0,2026-05-23T22:32:41.887908
TITLE_002036,Open-architected regional hub 2014,TV Series,Romance,Sony,2014,5756,3,2026-05-23T22:32:41.887915
TITLE_002037,Fundamental static budgetary management 2007,Movie,Comedy,Paramount,2007,152,0,2026-05-23T22:32:41.887922
TITLE_002038,Mandatory intangible data-warehouse 2016,Special,Thriller,Universal,2016,4110,0,2026-05-23T22:32:41.887928
TITLE_002039,Reactive foreground parallelism 2013,Documentary,Horror,Apple TV+,2013,5549,0,2026-05-23T22:32:41.887934
TITLE_002040,Implemented zero administration definition 1982,Miniseries,Romance,Netflix Studios,1982,2161,0,2026-05-23T22:32:41.887940
TITLE_002041,Distributed disintermediate array 2024,Documentary,Comedy,Universal,2024,3810,0,2026-05-23T22:32:41.887946
TITLE_002042,Focused foreground contingency 1982,Special,Action,Netflix Studios,1982,3799,0,2026-05-23T22:32:41.887952
TITLE_002043,Diverse well-modulated website 1986,Documentary,Horror,Sony,1986,5170,0,2026-05-23T22:32:41.887959
TITLE_002044,Focused explicit intranet 1995,Documentary,Action,Warner Bros,1995,837,0,2026-05-23T22:32:41.887967
TITLE_002045,Future-proofed empowering flexibility 2018,Documentary,Drama,Apple TV+,2018,2307,0,2026-05-23T22:32:41.887975
TITLE_002046,Team-oriented responsive function 2013,Special,Action,Netflix Studios,2013,631,0,2026-05-23T22:32:41.887982
TITLE_002047,Profit-focused 24/7 policy 1994,Documentary,Comedy,Netflix Studios,1994,4962,0,2026-05-23T22:32:41.887989
TITLE_002048,Cross-group fault-tolerant workforce 2005,Miniseries,Sci-Fi,Paramount,2005,4023,0,2026-05-23T22:32:41.887996
TITLE_002049,Enterprise-wide asynchronous interface 2017,Movie,Drama,Universal,2017,111,0,2026-05-23T22:32:41.888003
TITLE_002050,Polarized heuristic system engine 2020,Movie,Thriller,Sony,2020,76,0,2026-05-23T22:32:41.888009
TITLE_002051,Face-to-face high-level help-desk 2020,Movie,Drama,Sony,2020,154,0,2026-05-23T22:32:41.888017
TITLE_002052,Business-focused incremental capability 2012,Documentary,Action,Paramount,2012,4493,0,2026-05-23T22:32:41.888024
TITLE_002053,Re-contextualized bifurcated Graphical User Interface 2003,Documentary,Drama,Sony,2003,1647,0,2026-05-23T22:32:41.888032
TITLE_002054,Expanded client-server secured line 1985,TV Series,Sci-Fi,Sony,1985,4821,4,2026-05-23T22:32:41.888039
TITLE_002055,Switchable empowering matrices 2018,TV Series,Sci-Fi,Universal,2018,5151,8,2026-05-23T22:32:41.888046
TITLE_002056,Customer-focused solution-oriented strategy 1991,Miniseries,Thriller,Sony,1991,5132,0,2026-05-23T22:32:41.888054
TITLE_002057,Pre-emptive multi-state Graphical User Interface 2020,Miniseries,Animation,Disney,2020,3191,0,2026-05-23T22:32:41.888060
TITLE_002058,Re-contextualized radical projection 2024,Movie,Horror,Paramount,2024,58,0,2026-05-23T22:32:41.888066
TITLE_002059,Intuitive context-sensitive Internet solution 2003,TV Series,Comedy,Universal,2003,4894,7,2026-05-23T22:32:41.888073
TITLE_002060,Face-to-face background parallelism 2024,TV Series,Horror,Universal,2024,1657,6,2026-05-23T22:32:41.888080
TITLE_002061,Profit-focused motivating benchmark 1996,Movie,Horror,Universal,1996,113,0,2026-05-23T22:32:41.888087
TITLE_002062,Total optimal projection 2009,TV Series,Thriller,Disney,2009,4143,6,2026-05-23T22:32:41.888094
TITLE_002063,Horizontal regional architecture 2017,Movie,Sci-Fi,Netflix Studios,2017,100,0,2026-05-23T22:32:41.888101
TITLE_002064,Re-contextualized clear-thinking interface 1985,Movie,Romance,Disney,1985,134,0,2026-05-23T22:32:41.888108
TITLE_002065,Mandatory system-worthy paradigm 1988,Movie,Romance,Paramount,1988,161,0,2026-05-23T22:32:41.888115
TITLE_002066,Virtual user-facing middleware 1982,TV Series,Romance,Sony,1982,1204,6,2026-05-23T22:32:41.888122
TITLE_002067,Switchable intermediate system engine 2005,TV Series,Animation,Disney,2005,3462,1,2026-05-23T22:32:41.888129
TITLE_002068,Digitized human-resource concept 2004,Movie,Sci-Fi,Sony,2004,124,0,2026-05-23T22:32:41.888136
TITLE_002069,Polarized responsive website 2017,Movie,Thriller,Sony,2017,107,0,2026-05-23T22:32:41.888143
TITLE_002070,Seamless actuating matrix 2022,Movie,Romance,Apple TV+,2022,102,0,2026-05-23T22:32:41.888150
TITLE_002071,Operative radical complexity 2006,TV Series,Thriller,Paramount,2006,1980,1,2026-05-23T22:32:41.888156
TITLE_002072,Profit-focused transitional access 1987,Special,Thriller,Warner Bros,1987,3322,0,2026-05-23T22:32:41.888162
TITLE_002073,Customer-focused transitional task-force 1998,TV Series,Drama,Netflix Studios,1998,5105,2,2026-05-23T22:32:41.888171
TITLE_002074,Vision-oriented content-based Graphic Interface 2003,Special,Sci-Fi,Universal,2003,5246,0,2026-05-23T22:32:41.888178
TITLE_002075,Seamless heuristic data-warehouse 1983,Special,Romance,Disney,1983,3498,0,2026-05-23T22:32:41.888184
TITLE_002076,Multi-layered responsive database 2018,Movie,Animation,Netflix Studios,2018,175,0,2026-05-23T22:32:41.888191
TITLE_002077,Upgradable disintermediate product 2014,Movie,Drama,Universal,2014,73,0,2026-05-23T22:32:41.888197
TITLE_002078,Assimilated regional utilization 2007,Documentary,Drama,Sony,2007,5611,0,2026-05-23T22:32:41.888203
TITLE_002079,Inverse empowering throughput 2025,Special,Action,Sony,2025,1803,0,2026-05-23T22:32:41.888210
TITLE_002080,Integrated fresh-thinking capacity 1982,Documentary,Sci-Fi,Netflix Studios,1982,1104,0,2026-05-23T22:32:41.888216
TITLE_002081,Triple-buffered object-oriented infrastructure 1994,Miniseries,Animation,Universal,1994,5746,0,2026-05-23T22:32:41.888222
TITLE_002082,Multi-tiered well-modulated website 1988,Miniseries,Action,Warner Bros,1988,937,0,2026-05-23T22:32:41.888227
TITLE_002083,Profit-focused local conglomeration 2025,Movie,Comedy,Netflix Studios,2025,51,0,2026-05-23T22:32:41.888236
TITLE_002084,Networked foreground paradigm 1983,Special,Comedy,Paramount,1983,2546,0,2026-05-23T22:32:41.888243
TITLE_002085,Reactive exuding support 1995,Special,Romance,Sony,1995,3238,0,2026-05-23T22:32:41.888249
TITLE_002086,Integrated maximized ability 2001,Documentary,Animation,Sony,2001,3662,0,2026-05-23T22:32:41.888255
TITLE_002087,Upgradable methodical complexity 2024,Movie,Comedy,Universal,2024,78,0,2026-05-23T22:32:41.888261
TITLE_002088,Polarized content-based model 1980,TV Series,Drama,Paramount,1980,3350,5,2026-05-23T22:32:41.888268
TITLE_002089,Diverse modular groupware 2016,Special,Romance,Disney,2016,5688,0,2026-05-23T22:32:41.888275
TITLE_002090,Synchronized upward-trending knowledgebase 2010,Miniseries,Comedy,Disney,2010,2077,0,2026-05-23T22:32:41.888281
TITLE_002091,Open-architected bandwidth-monitored infrastructure 2019,TV Series,Sci-Fi,Netflix Studios,2019,4237,8,2026-05-23T22:32:41.888288
TITLE_002092,Future-proofed modular conglomeration 2023,Special,Animation,Universal,2023,4477,0,2026-05-23T22:32:41.888294
TITLE_002093,Open-architected intermediate help-desk 2014,Documentary,Sci-Fi,Warner Bros,2014,470,0,2026-05-23T22:32:41.888303
TITLE_002094,Profit-focused well-modulated conglomeration 2004,Documentary,Action,Universal,2004,5151,0,2026-05-23T22:32:41.888309
TITLE_002095,Proactive high-level secured line 1995,Movie,Horror,Netflix Studios,1995,168,0,2026-05-23T22:32:41.888317
TITLE_002096,Customizable modular application 1989,Movie,Thriller,Apple TV+,1989,111,0,2026-05-23T22:32:41.888324
TITLE_002097,Reverse-engineered optimal moderator 1985,TV Series,Thriller,Disney,1985,2111,1,2026-05-23T22:32:41.888335
TITLE_002098,Function-based 3rdgeneration standardization 1989,Movie,Comedy,Apple TV+,1989,92,0,2026-05-23T22:32:41.888342
TITLE_002099,Focused grid-enabled portal 2023,Special,Action,Apple TV+,2023,1755,0,2026-05-23T22:32:41.888349
TITLE_002100,Configurable static circuit 2020,Documentary,Thriller,Warner Bros,2020,4552,0,2026-05-23T22:32:41.888355
TITLE_002101,Vision-oriented systemic collaboration 2025,Miniseries,Animation,Netflix Studios,2025,1412,0,2026-05-23T22:32:41.888363
TITLE_002102,Future-proofed actuating focus group 2000,Documentary,Horror,Paramount,2000,5951,0,2026-05-23T22:32:41.888369
TITLE_002103,Diverse homogeneous methodology 1981,Special,Sci-Fi,Apple TV+,1981,4662,0,2026-05-23T22:32:41.888378
TITLE_002104,Team-oriented bottom-line forecast 1995,Special,Action,Universal,1995,3968,0,2026-05-23T22:32:41.888385
TITLE_002105,Synchronized motivating matrix 2018,Special,Thriller,Universal,2018,3342,0,2026-05-23T22:32:41.888392
TITLE_002106,Team-oriented cohesive infrastructure 2014,Special,Horror,Paramount,2014,1426,0,2026-05-23T22:32:41.888399
TITLE_002107,Switchable analyzing interface 1995,TV Series,Romance,Disney,1995,5439,6,2026-05-23T22:32:41.888407
TITLE_002108,Organic bifurcated installation 2002,Special,Thriller,Warner Bros,2002,5959,0,2026-05-23T22:32:41.888413
TITLE_002109,Re-contextualized well-modulated toolset 1980,Movie,Comedy,Netflix Studios,1980,133,0,2026-05-23T22:32:41.888420
TITLE_002110,Expanded real-time success 2000,Documentary,Action,Apple TV+,2000,1820,0,2026-05-23T22:32:41.888427
TITLE_002111,Team-oriented homogeneous groupware 2016,Special,Romance,Apple TV+,2016,2964,0,2026-05-23T22:32:41.888434
TITLE_002112,Future-proofed composite moderator 2014,Movie,Romance,Universal,2014,66,0,2026-05-23T22:32:41.888440
TITLE_002113,Realigned optimizing support 2000,Movie,Romance,Disney,2000,66,0,2026-05-23T22:32:41.888447
TITLE_002114,Assimilated mobile policy 2003,Movie,Horror,Sony,2003,83,0,2026-05-23T22:32:41.888453
TITLE_002115,Pre-emptive neutral matrices 2000,TV Series,Romance,Warner Bros,2000,720,8,2026-05-23T22:32:41.888460
TITLE_002116,Proactive static standardization 1997,Documentary,Comedy,Apple TV+,1997,5016,0,2026-05-23T22:32:41.888467
TITLE_002117,Implemented fault-tolerant focus group 2015,Special,Action,Warner Bros,2015,628,0,2026-05-23T22:32:41.888474
TITLE_002118,User-centric client-driven time-frame 1981,Movie,Animation,Sony,1981,54,0,2026-05-23T22:32:41.888481
TITLE_002119,Versatile zero tolerance migration 2003,TV Series,Sci-Fi,Apple TV+,2003,5725,6,2026-05-23T22:32:41.888487
TITLE_002120,Seamless transitional ability 2006,Movie,Animation,Warner Bros,2006,88,0,2026-05-23T22:32:41.888494
TITLE_002121,Managed grid-enabled process improvement 2009,Special,Action,Warner Bros,2009,4764,0,2026-05-23T22:32:41.888501
TITLE_002122,Advanced foreground monitoring 2010,Movie,Thriller,Sony,2010,173,0,2026-05-23T22:32:41.888508
TITLE_002123,Optional 24/7 hardware 2021,Miniseries,Thriller,Netflix Studios,2021,4316,0,2026-05-23T22:32:41.888515
TITLE_002124,De-engineered 3rdgeneration benchmark 1991,Miniseries,Romance,Sony,1991,4379,0,2026-05-23T22:32:41.888522
TITLE_002125,Function-based 4thgeneration orchestration 1990,Miniseries,Sci-Fi,Universal,1990,4431,0,2026-05-23T22:32:41.888533
TITLE_002126,Public-key executive model 1987,Movie,Comedy,Netflix Studios,1987,134,0,2026-05-23T22:32:41.888540
TITLE_002127,User-centric full-range synergy 1981,Documentary,Thriller,Netflix Studios,1981,1970,0,2026-05-23T22:32:41.888547
TITLE_002128,Team-oriented maximized flexibility 2000,TV Series,Thriller,Netflix Studios,2000,3207,7,2026-05-23T22:32:41.888555
TITLE_002129,Sharable bifurcated policy 2005,Miniseries,Sci-Fi,Paramount,2005,3435,0,2026-05-23T22:32:41.888561
TITLE_002130,Organized context-sensitive database 1993,Movie,Thriller,Warner Bros,1993,74,0,2026-05-23T22:32:41.888568
TITLE_002131,Future-proofed needs-based access 1987,Miniseries,Action,Apple TV+,1987,5304,0,2026-05-23T22:32:41.888575
TITLE_002132,Proactive 3rdgeneration benchmark 2019,Special,Drama,Warner Bros,2019,401,0,2026-05-23T22:32:41.888581
TITLE_002133,Optional 5thgeneration matrices 2007,Miniseries,Thriller,Universal,2007,5669,0,2026-05-23T22:32:41.888587
TITLE_002134,Persevering optimizing encryption 1982,Miniseries,Animation,Paramount,1982,1485,0,2026-05-23T22:32:41.888594
TITLE_002135,Down-sized foreground matrices 1984,TV Series,Romance,Universal,1984,1169,2,2026-05-23T22:32:41.888601
TITLE_002136,Ameliorated client-driven parallelism 1998,Documentary,Drama,Paramount,1998,4416,0,2026-05-23T22:32:41.888607
TITLE_002137,Quality-focused homogeneous synergy 1983,Movie,Thriller,Universal,1983,81,0,2026-05-23T22:32:41.888613
TITLE_002138,Cross-platform multi-tasking function 1986,Documentary,Thriller,Universal,1986,2496,0,2026-05-23T22:32:41.888620
TITLE_002139,Down-sized bandwidth-monitored support 2009,Special,Romance,Sony,2009,5061,0,2026-05-23T22:32:41.888625
TITLE_002140,Programmable zero tolerance emulation 2017,TV Series,Action,Netflix Studios,2017,4586,3,2026-05-23T22:32:41.888633
TITLE_002141,Networked contextually-based pricing structure 1995,TV Series,Animation,Disney,1995,3523,5,2026-05-23T22:32:41.888639
TITLE_002142,Inverse bottom-line firmware 2023,Special,Sci-Fi,Apple TV+,2023,1947,0,2026-05-23T22:32:41.888648
TITLE_002143,Cloned motivating analyzer 2002,Movie,Thriller,Universal,2002,174,0,2026-05-23T22:32:41.888655
TITLE_002144,Devolved bottom-line artificial intelligence 2013,Movie,Horror,Disney,2013,145,0,2026-05-23T22:32:41.888663
TITLE_002145,Synergized solution-oriented solution 1985,Miniseries,Thriller,Paramount,1985,5414,0,2026-05-23T22:32:41.888671
TITLE_002146,Right-sized dedicated neural-net 2010,Special,Romance,Sony,2010,5737,0,2026-05-23T22:32:41.888678
TITLE_002147,Integrated human-resource initiative 2024,TV Series,Comedy,Warner Bros,2024,400,1,2026-05-23T22:32:41.888685
TITLE_002148,Managed discrete budgetary management 2001,TV Series,Romance,Disney,2001,940,4,2026-05-23T22:32:41.888693
TITLE_002149,Profound radical knowledge user 2000,Special,Drama,Universal,2000,1902,0,2026-05-23T22:32:41.888700
TITLE_002150,Persistent upward-trending budgetary management 1996,Miniseries,Romance,Warner Bros,1996,1709,0,2026-05-23T22:32:41.888707
TITLE_002151,Secured solution-oriented capacity 2007,Movie,Comedy,Paramount,2007,56,0,2026-05-23T22:32:41.888713
TITLE_002152,Balanced actuating support 2018,Miniseries,Action,Universal,2018,3499,0,2026-05-23T22:32:41.888720
TITLE_002153,Polarized 4thgeneration hub 2000,TV Series,Horror,Universal,2000,5870,3,2026-05-23T22:32:41.888726
TITLE_002154,Synergistic executive system engine 2010,Special,Sci-Fi,Sony,2010,5857,0,2026-05-23T22:32:41.888733
TITLE_002155,User-centric mission-critical conglomeration 2003,Movie,Animation,Netflix Studios,2003,95,0,2026-05-23T22:32:41.888740
TITLE_002156,Reduced static projection 1998,Miniseries,Drama,Sony,1998,5793,0,2026-05-23T22:32:41.888748
TITLE_002157,Secured neutral extranet 1989,TV Series,Thriller,Netflix Studios,1989,594,2,2026-05-23T22:32:41.888766
TITLE_002158,Realigned 24/7 firmware 1980,TV Series,Thriller,Warner Bros,1980,3772,1,2026-05-23T22:32:41.888780
TITLE_002159,Down-sized analyzing concept 2000,Documentary,Action,Sony,2000,3573,0,2026-05-23T22:32:41.888788
TITLE_002160,Cross-group regional system engine 2013,TV Series,Romance,Paramount,2013,4026,4,2026-05-23T22:32:41.888795
TITLE_002161,Multi-tiered well-modulated data-warehouse 1986,Documentary,Action,Apple TV+,1986,817,0,2026-05-23T22:32:41.888803
TITLE_002162,Up-sized modular moratorium 1994,Miniseries,Horror,Disney,1994,1181,0,2026-05-23T22:32:41.888811
TITLE_002163,Multi-channeled methodical access 2016,Special,Drama,Netflix Studios,2016,720,0,2026-05-23T22:32:41.888816
TITLE_002164,Sharable grid-enabled interface 2003,Special,Comedy,Netflix Studios,2003,5567,0,2026-05-23T22:32:41.888823
TITLE_002165,Synergistic even-keeled knowledge user 2009,TV Series,Romance,Warner Bros,2009,3963,8,2026-05-23T22:32:41.888829
TITLE_002166,Total full-range matrices 1994,Miniseries,Drama,Warner Bros,1994,1970,0,2026-05-23T22:32:41.888837
TITLE_002167,Proactive real-time hub 1992,TV Series,Action,Netflix Studios,1992,1391,4,2026-05-23T22:32:41.888856
TITLE_002168,Ameliorated mobile service-desk 1996,Special,Thriller,Universal,1996,427,0,2026-05-23T22:32:41.888863
TITLE_002169,Configurable impactful website 2012,Miniseries,Romance,Paramount,2012,2605,0,2026-05-23T22:32:41.888870
TITLE_002170,Profound mission-critical middleware 1999,Miniseries,Horror,Warner Bros,1999,4445,0,2026-05-23T22:32:41.888877
TITLE_002171,Face-to-face logistical emulation 2013,Miniseries,Thriller,Paramount,2013,3713,0,2026-05-23T22:32:41.888885
TITLE_002172,Quality-focused regional encryption 2014,Special,Horror,Paramount,2014,3866,0,2026-05-23T22:32:41.888891
TITLE_002173,Ergonomic responsive forecast 2013,Special,Comedy,Sony,2013,2585,0,2026-05-23T22:32:41.888898
TITLE_002174,Quality-focused fault-tolerant installation 2001,Movie,Thriller,Universal,2001,173,0,2026-05-23T22:32:41.888905
TITLE_002175,Self-enabling bandwidth-monitored product 2015,TV Series,Drama,Netflix Studios,2015,5138,6,2026-05-23T22:32:41.888912
TITLE_002176,Polarized methodical time-frame 2017,TV Series,Horror,Warner Bros,2017,2983,5,2026-05-23T22:32:41.888920
TITLE_002177,Phased bottom-line policy 2016,TV Series,Romance,Paramount,2016,3975,6,2026-05-23T22:32:41.888927
TITLE_002178,Down-sized systemic time-frame 2012,Special,Romance,Disney,2012,1881,0,2026-05-23T22:32:41.888934
TITLE_002179,Persevering foreground utilization 2019,Movie,Sci-Fi,Paramount,2019,104,0,2026-05-23T22:32:41.888940
TITLE_002180,Streamlined multi-state approach 2025,Special,Action,Sony,2025,4866,0,2026-05-23T22:32:41.888946
TITLE_002181,Organic 3rdgeneration toolset 1993,Documentary,Sci-Fi,Apple TV+,1993,1847,0,2026-05-23T22:32:41.888955
TITLE_002182,Fully-configurable dynamic Internet solution 1992,Special,Animation,Netflix Studios,1992,2427,0,2026-05-23T22:32:41.888963
TITLE_002183,Realigned mission-critical software 1990,Miniseries,Animation,Paramount,1990,1334,0,2026-05-23T22:32:41.888971
TITLE_002184,Front-line secondary success 2023,Miniseries,Animation,Disney,2023,357,0,2026-05-23T22:32:41.888979
TITLE_002185,Innovative scalable collaboration 1993,TV Series,Romance,Warner Bros,1993,477,8,2026-05-23T22:32:41.888986
TITLE_002186,Compatible background collaboration 1993,Miniseries,Romance,Universal,1993,2107,0,2026-05-23T22:32:41.888994
TITLE_002187,Re-contextualized tertiary paradigm 1983,Miniseries,Horror,Apple TV+,1983,2924,0,2026-05-23T22:32:41.889002
TITLE_002188,Versatile foreground synergy 2003,TV Series,Animation,Paramount,2003,3821,1,2026-05-23T22:32:41.889011
TITLE_002189,Automated zero administration frame 1993,Movie,Drama,Universal,1993,166,0,2026-05-23T22:32:41.889018
TITLE_002190,Persistent foreground access 1998,Documentary,Comedy,Paramount,1998,2882,0,2026-05-23T22:32:41.889026
TITLE_002191,Synergistic demand-driven complexity 2003,TV Series,Animation,Disney,2003,3073,7,2026-05-23T22:32:41.889036
TITLE_002192,Decentralized coherent encryption 2022,Movie,Drama,Apple TV+,2022,174,0,2026-05-23T22:32:41.889043
TITLE_002193,Customizable asynchronous matrices 1986,Documentary,Comedy,Paramount,1986,5715,0,2026-05-23T22:32:41.889049
TITLE_002194,Diverse zero administration collaboration 2016,Movie,Romance,Netflix Studios,2016,86,0,2026-05-23T22:32:41.889056
TITLE_002195,Team-oriented leadingedge conglomeration 2004,Special,Animation,Universal,2004,5954,0,2026-05-23T22:32:41.889063
TITLE_002196,Phased methodical analyzer 2017,Special,Comedy,Warner Bros,2017,5722,0,2026-05-23T22:32:41.889070
TITLE_002197,Horizontal real-time firmware 2011,Miniseries,Horror,Apple TV+,2011,1460,0,2026-05-23T22:32:41.889076
TITLE_002198,Synchronized high-level archive 2018,TV Series,Sci-Fi,Disney,2018,380,6,2026-05-23T22:32:41.889084
TITLE_002199,Switchable incremental forecast 1995,Documentary,Animation,Apple TV+,1995,3538,0,2026-05-23T22:32:41.889091
TITLE_002200,Automated client-server product 2008,TV Series,Thriller,Netflix Studios,2008,566,3,2026-05-23T22:32:41.889099
TITLE_002201,Compatible grid-enabled hub 2008,Special,Drama,Warner Bros,2008,2899,0,2026-05-23T22:32:41.889106
TITLE_002202,Virtual next generation emulation 2006,TV Series,Thriller,Warner Bros,2006,5122,6,2026-05-23T22:32:41.889113
TITLE_002203,Expanded directional adapter 1980,TV Series,Drama,Apple TV+,1980,1258,1,2026-05-23T22:32:41.889120
TITLE_002204,Re-engineered regional utilization 1997,Special,Sci-Fi,Paramount,1997,1931,0,2026-05-23T22:32:41.889126
TITLE_002205,Synergized logistical frame 2007,Movie,Horror,Universal,2007,177,0,2026-05-23T22:32:41.889133
TITLE_002206,Decentralized actuating groupware 2016,Miniseries,Comedy,Apple TV+,2016,3893,0,2026-05-23T22:32:41.889139
TITLE_002207,Implemented full-range functionalities 2002,Miniseries,Animation,Universal,2002,880,0,2026-05-23T22:32:41.889145
TITLE_002208,Quality-focused upward-trending application 1998,Special,Action,Paramount,1998,1184,0,2026-05-23T22:32:41.889151
TITLE_002209,Vision-oriented static synergy 1982,Documentary,Animation,Universal,1982,1557,0,2026-05-23T22:32:41.889158
TITLE_002210,Enhanced heuristic hierarchy 2016,Special,Drama,Disney,2016,1374,0,2026-05-23T22:32:41.889164
TITLE_002211,Self-enabling needs-based standardization 2005,Special,Comedy,Paramount,2005,3808,0,2026-05-23T22:32:41.889171
TITLE_002212,Re-contextualized directional collaboration 1990,Miniseries,Action,Sony,1990,1124,0,2026-05-23T22:32:41.889177
TITLE_002213,Digitized analyzing middleware 2016,Movie,Drama,Disney,2016,178,0,2026-05-23T22:32:41.889184
TITLE_002214,Configurable zero tolerance software 2014,Special,Drama,Netflix Studios,2014,4614,0,2026-05-23T22:32:41.889191
TITLE_002215,Expanded human-resource capacity 2006,TV Series,Comedy,Warner Bros,2006,2835,3,2026-05-23T22:32:41.889197
TITLE_002216,Team-oriented radical open architecture 1980,Miniseries,Romance,Apple TV+,1980,3497,0,2026-05-23T22:32:41.889204
TITLE_002217,Pre-emptive global array 1988,Miniseries,Thriller,Apple TV+,1988,4643,0,2026-05-23T22:32:41.889210
TITLE_002218,Synergistic zero administration forecast 2009,Miniseries,Horror,Universal,2009,1909,0,2026-05-23T22:32:41.889216
TITLE_002219,Down-sized national concept 1987,Special,Horror,Universal,1987,4181,0,2026-05-23T22:32:41.889222
TITLE_002220,User-centric secondary collaboration 2000,Special,Romance,Warner Bros,2000,4897,0,2026-05-23T22:32:41.889233
TITLE_002221,Compatible client-server solution 2001,Miniseries,Sci-Fi,Sony,2001,2251,0,2026-05-23T22:32:41.889240
TITLE_002222,Monitored attitude-oriented framework 1987,Documentary,Drama,Apple TV+,1987,2910,0,2026-05-23T22:32:41.889248
TITLE_002223,Devolved reciprocal toolset 1981,Miniseries,Sci-Fi,Disney,1981,1401,0,2026-05-23T22:32:41.889255
TITLE_002224,Future-proofed incremental function 1993,TV Series,Drama,Disney,1993,3770,1,2026-05-23T22:32:41.889262
TITLE_002225,Centralized solution-oriented algorithm 2002,Movie,Thriller,Sony,2002,122,0,2026-05-23T22:32:41.889269
TITLE_002226,Compatible leadingedge installation 1993,Documentary,Sci-Fi,Warner Bros,1993,856,0,2026-05-23T22:32:41.889275
TITLE_002227,Enhanced maximized archive 1986,Special,Action,Paramount,1986,3833,0,2026-05-23T22:32:41.889282
TITLE_002228,Customizable contextually-based standardization 1985,Miniseries,Sci-Fi,Netflix Studios,1985,2482,0,2026-05-23T22:32:41.889287
TITLE_002229,Ameliorated 3rdgeneration Graphic Interface 1999,Documentary,Thriller,Universal,1999,5834,0,2026-05-23T22:32:41.889294
TITLE_002230,Exclusive logistical synergy 2017,Special,Drama,Warner Bros,2017,4842,0,2026-05-23T22:32:41.889301
TITLE_002231,Virtual interactive benchmark 2005,Miniseries,Horror,Paramount,2005,5148,0,2026-05-23T22:32:41.889309
TITLE_002232,Advanced intermediate alliance 1986,Miniseries,Romance,Netflix Studios,1986,3515,0,2026-05-23T22:32:41.889315
TITLE_002233,Networked optimizing model 2011,Miniseries,Sci-Fi,Universal,2011,3133,0,2026-05-23T22:32:41.889323
TITLE_002234,Cross-platform eco-centric core 2022,Miniseries,Drama,Apple TV+,2022,5438,0,2026-05-23T22:32:41.889332
TITLE_002235,Front-line dedicated pricing structure 1990,Miniseries,Animation,Netflix Studios,1990,539,0,2026-05-23T22:32:41.889340
TITLE_002236,Realigned bandwidth-monitored definition 1987,Special,Thriller,Netflix Studios,1987,1503,0,2026-05-23T22:32:41.889346
TITLE_002237,Fundamental executive toolset 1998,TV Series,Romance,Paramount,1998,2432,8,2026-05-23T22:32:41.889353
TITLE_002238,Distributed 5thgeneration knowledge user 2011,Movie,Horror,Warner Bros,2011,172,0,2026-05-23T22:32:41.889360
TITLE_002239,Stand-alone 24hour software 1982,Miniseries,Animation,Paramount,1982,1322,0,2026-05-23T22:32:41.889368
TITLE_002240,Realigned optimal model 1984,Special,Thriller,Warner Bros,1984,2238,0,2026-05-23T22:32:41.889376
TITLE_002241,Focused uniform open system 1984,Movie,Comedy,Paramount,1984,77,0,2026-05-23T22:32:41.889382
TITLE_002242,Multi-lateral web-enabled circuit 1984,TV Series,Comedy,Apple TV+,1984,1747,1,2026-05-23T22:32:41.889390
TITLE_002243,Switchable logistical installation 1995,Movie,Comedy,Paramount,1995,82,0,2026-05-23T22:32:41.889397
TITLE_002244,Integrated 24hour workforce 2004,Special,Horror,Sony,2004,2983,0,2026-05-23T22:32:41.889404
TITLE_002245,Inverse client-driven matrices 1998,Documentary,Horror,Warner Bros,1998,1162,0,2026-05-23T22:32:41.889410
TITLE_002246,Organized zero-defect frame 2007,Miniseries,Comedy,Sony,2007,4539,0,2026-05-23T22:32:41.889417
TITLE_002247,Programmable logistical neural-net 2005,TV Series,Thriller,Warner Bros,2005,5910,3,2026-05-23T22:32:41.889424
TITLE_002248,Fundamental transitional analyzer 1991,Documentary,Thriller,Disney,1991,3053,0,2026-05-23T22:32:41.889430
TITLE_002249,Inverse even-keeled pricing structure 2022,TV Series,Comedy,Warner Bros,2022,4431,1,2026-05-23T22:32:41.889438
TITLE_002250,Open-architected encompassing encoding 2021,Documentary,Animation,Paramount,2021,547,0,2026-05-23T22:32:41.889446
TITLE_002251,Profound 24/7 Graphic Interface 2021,TV Series,Thriller,Universal,2021,1800,6,2026-05-23T22:32:41.889453
TITLE_002252,Mandatory composite Local Area Network 1987,Miniseries,Horror,Warner Bros,1987,3897,0,2026-05-23T22:32:41.889461
TITLE_002253,Front-line didactic moderator 1986,Miniseries,Sci-Fi,Apple TV+,1986,2623,0,2026-05-23T22:32:41.889470
TITLE_002254,Synchronized 24/7 function 2024,Special,Comedy,Sony,2024,2353,0,2026-05-23T22:32:41.889476
TITLE_002255,Right-sized asymmetric complexity 1982,Documentary,Thriller,Universal,1982,1460,0,2026-05-23T22:32:41.889483
TITLE_002256,Synergistic modular software 2003,Miniseries,Thriller,Netflix Studios,2003,3697,0,2026-05-23T22:32:41.889490
TITLE_002257,Polarized client-server Internet solution 2021,Movie,Animation,Netflix Studios,2021,158,0,2026-05-23T22:32:41.889496
TITLE_002258,Compatible eco-centric challenge 2014,TV Series,Comedy,Sony,2014,2189,2,2026-05-23T22:32:41.889503
TITLE_002259,Object-based user-facing migration 1983,Miniseries,Animation,Paramount,1983,4093,0,2026-05-23T22:32:41.889512
TITLE_002260,Integrated intangible help-desk 2012,Miniseries,Comedy,Disney,2012,4508,0,2026-05-23T22:32:41.889519
TITLE_002261,Visionary multi-state benchmark 1991,Special,Romance,Paramount,1991,729,0,2026-05-23T22:32:41.889525
TITLE_002262,Innovative secondary firmware 1993,Special,Horror,Universal,1993,2728,0,2026-05-23T22:32:41.889532
TITLE_002263,Digitized 5thgeneration installation 2015,Documentary,Sci-Fi,Sony,2015,3219,0,2026-05-23T22:32:41.889538
TITLE_002264,Innovative client-server task-force 1981,Movie,Romance,Apple TV+,1981,140,0,2026-05-23T22:32:41.889546
TITLE_002265,Reduced high-level matrices 1991,Movie,Comedy,Netflix Studios,1991,55,0,2026-05-23T22:32:41.889553
TITLE_002266,Ergonomic transitional contingency 2012,Movie,Action,Warner Bros,2012,148,0,2026-05-23T22:32:41.889560
TITLE_002267,Down-sized optimal toolset 2013,Movie,Thriller,Sony,2013,173,0,2026-05-23T22:32:41.889567
TITLE_002268,Adaptive zero tolerance collaboration 1992,Movie,Animation,Apple TV+,1992,79,0,2026-05-23T22:32:41.889574
TITLE_002269,Versatile asynchronous attitude 1989,Documentary,Sci-Fi,Sony,1989,2907,0,2026-05-23T22:32:41.889581
TITLE_002270,Adaptive explicit circuit 2006,Special,Drama,Netflix Studios,2006,2338,0,2026-05-23T22:32:41.889588
TITLE_002271,De-engineered intangible installation 1990,Documentary,Animation,Warner Bros,1990,2001,0,2026-05-23T22:32:41.889595
TITLE_002272,Upgradable zero tolerance artificial intelligence 1988,TV Series,Animation,Sony,1988,4738,5,2026-05-23T22:32:41.889602
TITLE_002273,Upgradable discrete flexibility 2020,Movie,Action,Universal,2020,117,0,2026-05-23T22:32:41.889608
TITLE_002274,Stand-alone optimizing strategy 2008,Special,Romance,Disney,2008,5287,0,2026-05-23T22:32:41.889614
TITLE_002275,Visionary dynamic methodology 2012,Documentary,Comedy,Warner Bros,2012,4636,0,2026-05-23T22:32:41.889622
TITLE_002276,Object-based user-facing complexity 2003,Special,Comedy,Paramount,2003,1725,0,2026-05-23T22:32:41.889629
TITLE_002277,Focused full-range Graphical User Interface 2005,Special,Romance,Paramount,2005,3988,0,2026-05-23T22:32:41.889636
TITLE_002278,Visionary even-keeled customer loyalty 1982,Miniseries,Animation,Sony,1982,5460,0,2026-05-23T22:32:41.889644
TITLE_002279,Up-sized zero administration frame 2024,Documentary,Sci-Fi,Warner Bros,2024,3286,0,2026-05-23T22:32:41.889651
TITLE_002280,Mandatory full-range database 1985,Documentary,Thriller,Paramount,1985,1489,0,2026-05-23T22:32:41.889658
TITLE_002281,Public-key methodical focus group 1989,TV Series,Romance,Warner Bros,1989,4516,6,2026-05-23T22:32:41.889666
TITLE_002282,Business-focused logistical matrix 2010,Documentary,Animation,Warner Bros,2010,2994,0,2026-05-23T22:32:41.889673
TITLE_002283,Expanded contextually-based standardization 1984,Special,Comedy,Universal,1984,1033,0,2026-05-23T22:32:41.889680
TITLE_002284,Fully-configurable responsive product 1990,Special,Action,Paramount,1990,2319,0,2026-05-23T22:32:41.889689
TITLE_002285,Triple-buffered high-level application 1981,Documentary,Comedy,Paramount,1981,4598,0,2026-05-23T22:32:41.889697
TITLE_002286,Seamless zero administration website 1989,Documentary,Comedy,Disney,1989,3176,0,2026-05-23T22:32:41.889703
TITLE_002287,Exclusive 24/7 encoding 1981,TV Series,Sci-Fi,Apple TV+,1981,2410,4,2026-05-23T22:32:41.889710
TITLE_002288,Realigned mission-critical circuit 2009,Special,Horror,Warner Bros,2009,2711,0,2026-05-23T22:32:41.889716
TITLE_002289,Focused foreground data-warehouse 2016,Documentary,Animation,Sony,2016,1806,0,2026-05-23T22:32:41.889723
TITLE_002290,Self-enabling empowering emulation 2007,TV Series,Animation,Apple TV+,2007,2160,3,2026-05-23T22:32:41.889730
TITLE_002291,Polarized empowering ability 2008,Miniseries,Comedy,Warner Bros,2008,4555,0,2026-05-23T22:32:41.889737
TITLE_002292,Optimized holistic groupware 1990,Miniseries,Comedy,Netflix Studios,1990,4940,0,2026-05-23T22:32:41.889743
TITLE_002293,Innovative asynchronous groupware 2012,Miniseries,Romance,Universal,2012,1058,0,2026-05-23T22:32:41.889750
TITLE_002294,Ameliorated encompassing knowledge user 1986,Special,Comedy,Universal,1986,3061,0,2026-05-23T22:32:41.889758
TITLE_002295,Programmable heuristic solution 1997,Documentary,Thriller,Universal,1997,5610,0,2026-05-23T22:32:41.889764
TITLE_002296,Ameliorated responsive functionalities 1987,Special,Comedy,Netflix Studios,1987,532,0,2026-05-23T22:32:41.889771
TITLE_002297,Public-key dedicated orchestration 1981,TV Series,Comedy,Paramount,1981,4193,6,2026-05-23T22:32:41.889777
TITLE_002298,Quality-focused encompassing structure 2000,Documentary,Thriller,Disney,2000,4574,0,2026-05-23T22:32:41.889784
TITLE_002299,Implemented fresh-thinking Graphical User Interface 1997,Documentary,Drama,Sony,1997,392,0,2026-05-23T22:32:41.889791
TITLE_002300,Upgradable multi-state parallelism 1996,Documentary,Horror,Paramount,1996,4313,0,2026-05-23T22:32:41.889798
TITLE_002301,Front-line regional support 2023,Movie,Romance,Netflix Studios,2023,152,0,2026-05-23T22:32:41.889804
TITLE_002302,Multi-tiered motivating attitude 1997,Documentary,Horror,Disney,1997,5899,0,2026-05-23T22:32:41.889812
TITLE_002303,Distributed discrete success 1999,TV Series,Comedy,Sony,1999,3945,6,2026-05-23T22:32:41.889819
TITLE_002304,Business-focused maximized definition 2021,Movie,Comedy,Disney,2021,180,0,2026-05-23T22:32:41.889825
TITLE_002305,Front-line clear-thinking infrastructure 1998,TV Series,Comedy,Sony,1998,5431,6,2026-05-23T22:32:41.889833
TITLE_002306,Object-based eco-centric policy 1998,Miniseries,Thriller,Sony,1998,3130,0,2026-05-23T22:32:41.889841
TITLE_002307,Adaptive impactful leverage 2016,Miniseries,Action,Warner Bros,2016,1601,0,2026-05-23T22:32:41.889848
TITLE_002308,Team-oriented responsive help-desk 1980,Documentary,Thriller,Paramount,1980,2634,0,2026-05-23T22:32:41.889855
TITLE_002309,Vision-oriented regional policy 1984,Special,Sci-Fi,Netflix Studios,1984,2121,0,2026-05-23T22:32:41.889861
TITLE_002310,Expanded foreground hierarchy 2004,Documentary,Action,Warner Bros,2004,3543,0,2026-05-23T22:32:41.889867
TITLE_002311,Future-proofed next generation neural-net 2005,Documentary,Animation,Universal,2005,1476,0,2026-05-23T22:32:41.889875
TITLE_002312,Mandatory cohesive database 1981,Documentary,Animation,Sony,1981,493,0,2026-05-23T22:32:41.889882
TITLE_002313,Adaptive 5thgeneration model 2006,Documentary,Action,Universal,2006,4334,0,2026-05-23T22:32:41.889889
TITLE_002314,Triple-buffered asymmetric success 2008,Movie,Animation,Warner Bros,2008,148,0,2026-05-23T22:32:41.889895
TITLE_002315,Cloned 6thgeneration extranet 1984,Documentary,Sci-Fi,Netflix Studios,1984,1431,0,2026-05-23T22:32:41.889902
TITLE_002316,Realigned national Graphic Interface 2003,Documentary,Thriller,Netflix Studios,2003,5379,0,2026-05-23T22:32:41.889910
TITLE_002317,Operative real-time intranet 2013,TV Series,Romance,Apple TV+,2013,5114,7,2026-05-23T22:32:41.889919
TITLE_002318,Proactive global challenge 2011,Special,Drama,Paramount,2011,3913,0,2026-05-23T22:32:41.889927
TITLE_002319,Virtual content-based definition 2003,Documentary,Drama,Disney,2003,2675,0,2026-05-23T22:32:41.889934
TITLE_002320,Diverse scalable superstructure 1981,TV Series,Animation,Disney,1981,5465,7,2026-05-23T22:32:41.890046
TITLE_002321,Visionary local open architecture 2008,Documentary,Romance,Paramount,2008,3755,0,2026-05-23T22:32:41.890097
TITLE_002322,Secured bifurcated software 2021,Special,Sci-Fi,Sony,2021,5203,0,2026-05-23T22:32:41.890111
TITLE_002323,Future-proofed dynamic open system 2004,TV Series,Animation,Warner Bros,2004,5505,3,2026-05-23T22:32:41.890122
TITLE_002324,Configurable disintermediate orchestration 1986,Movie,Romance,Paramount,1986,156,0,2026-05-23T22:32:41.890132
TITLE_002325,Progressive modular contingency 1989,Movie,Romance,Universal,1989,81,0,2026-05-23T22:32:41.890188
TITLE_002326,Implemented optimal circuit 2021,Documentary,Action,Paramount,2021,5988,0,2026-05-23T22:32:41.890288
TITLE_002327,Enhanced system-worthy frame 1999,TV Series,Drama,Sony,1999,5565,7,2026-05-23T22:32:41.890306
TITLE_002328,Configurable mobile success 2002,Miniseries,Sci-Fi,Disney,2002,4076,0,2026-05-23T22:32:41.890312
TITLE_002329,Ergonomic systemic product 1991,Movie,Sci-Fi,Paramount,1991,139,0,2026-05-23T22:32:41.890318
TITLE_002330,Robust mission-critical core 2011,Special,Comedy,Sony,2011,1953,0,2026-05-23T22:32:41.890329
TITLE_002331,Devolved contextually-based concept 2006,TV Series,Horror,Netflix Studios,2006,1869,8,2026-05-23T22:32:41.890336
TITLE_002332,Networked zero-defect archive 1982,Documentary,Horror,Disney,1982,610,0,2026-05-23T22:32:41.890343
TITLE_002333,Implemented object-oriented model 1982,Miniseries,Drama,Apple TV+,1982,1606,0,2026-05-23T22:32:41.890347
TITLE_002334,Re-engineered methodical forecast 1998,TV Series,Horror,Sony,1998,5378,7,2026-05-23T22:32:41.890353
TITLE_002335,Fully-configurable multi-state implementation 1987,Documentary,Action,Netflix Studios,1987,2279,0,2026-05-23T22:32:41.890359
TITLE_002336,Cross-platform human-resource intranet 1984,Documentary,Drama,Universal,1984,1854,0,2026-05-23T22:32:41.890365
TITLE_002337,Fully-configurable even-keeled migration 1987,Documentary,Drama,Disney,1987,2371,0,2026-05-23T22:32:41.890371
TITLE_002338,Implemented clear-thinking approach 1996,TV Series,Animation,Sony,1996,5083,6,2026-05-23T22:32:41.890377
TITLE_002339,Polarized grid-enabled moratorium 2006,Special,Action,Paramount,2006,4789,0,2026-05-23T22:32:41.890382
TITLE_002340,Pre-emptive multi-tasking attitude 1985,TV Series,Sci-Fi,Netflix Studios,1985,614,1,2026-05-23T22:32:41.890389
TITLE_002341,Self-enabling systematic concept 1986,Special,Sci-Fi,Sony,1986,3404,0,2026-05-23T22:32:41.890394
TITLE_002342,Reduced leadingedge product 1980,Movie,Animation,Paramount,1980,78,0,2026-05-23T22:32:41.890399
TITLE_002343,Horizontal local interface 2015,TV Series,Comedy,Paramount,2015,4831,4,2026-05-23T22:32:41.890405
TITLE_002344,Switchable asymmetric ability 2012,TV Series,Animation,Apple TV+,2012,2166,2,2026-05-23T22:32:41.890411
TITLE_002345,Reactive bottom-line portal 2003,Movie,Animation,Paramount,2003,98,0,2026-05-23T22:32:41.890416
TITLE_002346,Balanced asymmetric challenge 2013,Documentary,Horror,Netflix Studios,2013,2477,0,2026-05-23T22:32:41.890421
TITLE_002347,Upgradable regional application 2002,TV Series,Sci-Fi,Disney,2002,1300,3,2026-05-23T22:32:41.890426
TITLE_002348,Upgradable uniform leverage 2014,TV Series,Action,Universal,2014,3906,7,2026-05-23T22:32:41.890433
TITLE_002349,Seamless analyzing approach 1981,Movie,Animation,Disney,1981,140,0,2026-05-23T22:32:41.890438
TITLE_002350,Reduced disintermediate open architecture 2000,Miniseries,Comedy,Disney,2000,4635,0,2026-05-23T22:32:41.890444
TITLE_002351,Function-based actuating service-desk 2006,Special,Sci-Fi,Warner Bros,2006,3685,0,2026-05-23T22:32:41.890449
TITLE_002352,User-centric context-sensitive leverage 1990,Documentary,Sci-Fi,Disney,1990,5531,0,2026-05-23T22:32:41.890454
TITLE_002353,Phased coherent circuit 1984,TV Series,Comedy,Disney,1984,3764,8,2026-05-23T22:32:41.890460
TITLE_002354,User-centric systemic interface 1988,Special,Comedy,Disney,1988,2993,0,2026-05-23T22:32:41.890465
TITLE_002355,Expanded composite portal 1980,TV Series,Thriller,Paramount,1980,3400,1,2026-05-23T22:32:41.890471
TITLE_002356,Multi-layered holistic definition 1980,Special,Comedy,Universal,1980,3379,0,2026-05-23T22:32:41.890478
TITLE_002357,Implemented disintermediate support 2025,Documentary,Thriller,Disney,2025,3798,0,2026-05-23T22:32:41.890483
TITLE_002358,Assimilated global process improvement 2014,Movie,Horror,Sony,2014,156,0,2026-05-23T22:32:41.890488
TITLE_002359,Intuitive mobile protocol 2013,TV Series,Horror,Sony,2013,508,7,2026-05-23T22:32:41.890495
TITLE_002360,Multi-channeled uniform array 1980,Movie,Thriller,Paramount,1980,138,0,2026-05-23T22:32:41.890501
TITLE_002361,Sharable analyzing collaboration 2014,Documentary,Action,Paramount,2014,5184,0,2026-05-23T22:32:41.890505
TITLE_002362,Exclusive encompassing access 2009,Movie,Comedy,Sony,2009,54,0,2026-05-23T22:32:41.890511
TITLE_002363,Progressive zero-defect policy 1999,TV Series,Drama,Universal,1999,1655,4,2026-05-23T22:32:41.890516
TITLE_002364,Customer-focused web-enabled Graphic Interface 2020,TV Series,Horror,Apple TV+,2020,1783,1,2026-05-23T22:32:41.890522
TITLE_002365,Switchable composite productivity 2008,Special,Thriller,Paramount,2008,1929,0,2026-05-23T22:32:41.890527
TITLE_002366,Mandatory hybrid model 2008,Documentary,Action,Sony,2008,1905,0,2026-05-23T22:32:41.890532
TITLE_002367,Phased 24hour focus group 2018,Documentary,Animation,Paramount,2018,4191,0,2026-05-23T22:32:41.890538
TITLE_002368,Decentralized web-enabled matrix 2010,Miniseries,Drama,Disney,2010,5632,0,2026-05-23T22:32:41.890543
TITLE_002369,Assimilated interactive hub 2002,Special,Horror,Netflix Studios,2002,361,0,2026-05-23T22:32:41.890548
TITLE_002370,Re-contextualized object-oriented attitude 1989,TV Series,Drama,Apple TV+,1989,3624,4,2026-05-23T22:32:41.890554
TITLE_002371,Total modular architecture 2014,Miniseries,Comedy,Netflix Studios,2014,1427,0,2026-05-23T22:32:41.890560
TITLE_002372,Ameliorated high-level Graphical User Interface 2018,Special,Comedy,Netflix Studios,2018,2059,0,2026-05-23T22:32:41.890565
TITLE_002373,Total systematic projection 1987,Miniseries,Thriller,Paramount,1987,2020,0,2026-05-23T22:32:41.890574
TITLE_002374,Face-to-face system-worthy installation 2022,Movie,Animation,Apple TV+,2022,89,0,2026-05-23T22:32:41.890579
TITLE_002375,Networked human-resource array 1994,Documentary,Horror,Apple TV+,1994,775,0,2026-05-23T22:32:41.890585
TITLE_002376,Polarized national alliance 1980,Movie,Animation,Warner Bros,1980,100,0,2026-05-23T22:32:41.890591
TITLE_002377,Re-contextualized neutral implementation 2025,Special,Comedy,Apple TV+,2025,4471,0,2026-05-23T22:32:41.890597
TITLE_002378,Upgradable tertiary framework 1992,Miniseries,Horror,Paramount,1992,2677,0,2026-05-23T22:32:41.890602
TITLE_002379,Organic 6thgeneration Internet solution 2002,Special,Romance,Disney,2002,4152,0,2026-05-23T22:32:41.890608
TITLE_002380,Innovative modular toolset 1996,TV Series,Thriller,Disney,1996,4483,5,2026-05-23T22:32:41.890615
TITLE_002381,Up-sized demand-driven capacity 2011,Miniseries,Action,Paramount,2011,5251,0,2026-05-23T22:32:41.890620
TITLE_002382,Synchronized multi-tasking extranet 1988,TV Series,Comedy,Sony,1988,2153,6,2026-05-23T22:32:41.890626
TITLE_002383,Front-line human-resource open architecture 1998,TV Series,Sci-Fi,Disney,1998,4858,6,2026-05-23T22:32:41.890631
TITLE_002384,Down-sized incremental info-mediaries 2000,Documentary,Sci-Fi,Paramount,2000,4738,0,2026-05-23T22:32:41.890638
TITLE_002385,Function-based zero tolerance success 2004,TV Series,Action,Warner Bros,2004,5707,2,2026-05-23T22:32:41.890643
TITLE_002386,Focused fresh-thinking emulation 2010,Documentary,Action,Sony,2010,4001,0,2026-05-23T22:32:41.890649
TITLE_002387,Networked non-volatile framework 2001,TV Series,Drama,Disney,2001,3537,1,2026-05-23T22:32:41.890654
TITLE_002388,Future-proofed system-worthy attitude 1981,Movie,Horror,Netflix Studios,1981,93,0,2026-05-23T22:32:41.890660
TITLE_002389,Multi-lateral foreground structure 1983,Movie,Romance,Paramount,1983,142,0,2026-05-23T22:32:41.890665
TITLE_002390,Ameliorated composite moderator 2019,Miniseries,Thriller,Universal,2019,5557,0,2026-05-23T22:32:41.890670
TITLE_002391,Compatible next generation application 1986,Documentary,Romance,Netflix Studios,1986,615,0,2026-05-23T22:32:41.890675
TITLE_002392,Automated disintermediate matrix 2012,TV Series,Horror,Warner Bros,2012,3842,5,2026-05-23T22:32:41.890681
TITLE_002393,Seamless maximized capability 1994,Miniseries,Comedy,Paramount,1994,3440,0,2026-05-23T22:32:41.890686
TITLE_002394,Configurable dynamic policy 2023,Documentary,Horror,Disney,2023,2283,0,2026-05-23T22:32:41.890691
TITLE_002395,Self-enabling mission-critical infrastructure 1995,Special,Animation,Disney,1995,1754,0,2026-05-23T22:32:41.890698
TITLE_002396,Assimilated impactful initiative 2018,Miniseries,Sci-Fi,Universal,2018,438,0,2026-05-23T22:32:41.890703
TITLE_002397,Synchronized client-driven artificial intelligence 1998,Documentary,Animation,Apple TV+,1998,1650,0,2026-05-23T22:32:41.890708
TITLE_002398,Robust value-added concept 2008,TV Series,Drama,Netflix Studios,2008,4298,8,2026-05-23T22:32:41.890714
TITLE_002399,Ameliorated radical hardware 2015,Documentary,Drama,Warner Bros,2015,3074,0,2026-05-23T22:32:41.890720
TITLE_002400,Re-engineered fresh-thinking hub 2003,Documentary,Romance,Sony,2003,4078,0,2026-05-23T22:32:41.890725
TITLE_002401,Cross-group regional throughput 1987,Special,Action,Paramount,1987,528,0,2026-05-23T22:32:41.890731
TITLE_002402,Realigned dynamic database 1988,Documentary,Action,Apple TV+,1988,5804,0,2026-05-23T22:32:41.890736
TITLE_002403,Robust local time-frame 1998,Special,Sci-Fi,Paramount,1998,1681,0,2026-05-23T22:32:41.890742
TITLE_002404,Operative reciprocal Local Area Network 2023,Documentary,Horror,Universal,2023,4977,0,2026-05-23T22:32:41.890747
TITLE_002405,Open-architected high-level standardization 1997,Movie,Sci-Fi,Apple TV+,1997,59,0,2026-05-23T22:32:41.890753
TITLE_002406,Multi-channeled neutral project 1982,TV Series,Romance,Netflix Studios,1982,1324,7,2026-05-23T22:32:41.890758
TITLE_002407,Compatible content-based policy 1987,Special,Thriller,Apple TV+,1987,3525,0,2026-05-23T22:32:41.890763
TITLE_002408,Reduced asymmetric definition 2020,Miniseries,Comedy,Disney,2020,3195,0,2026-05-23T22:32:41.890767
TITLE_002409,Progressive didactic frame 2013,Special,Sci-Fi,Netflix Studios,2013,4908,0,2026-05-23T22:32:41.890773
TITLE_002410,Diverse analyzing portal 2015,Movie,Romance,Apple TV+,2015,65,0,2026-05-23T22:32:41.890778
TITLE_002411,Virtual system-worthy strategy 2008,Miniseries,Sci-Fi,Paramount,2008,991,0,2026-05-23T22:32:41.890785
TITLE_002412,Down-sized real-time projection 1992,TV Series,Animation,Disney,1992,1642,4,2026-05-23T22:32:41.890791
TITLE_002413,User-friendly actuating utilization 1984,Documentary,Action,Sony,1984,1016,0,2026-05-23T22:32:41.890797
TITLE_002414,Adaptive next generation process improvement 1998,Documentary,Thriller,Netflix Studios,1998,2257,0,2026-05-23T22:32:41.890802
TITLE_002415,Diverse optimizing initiative 2023,Miniseries,Thriller,Disney,2023,5679,0,2026-05-23T22:32:41.890809
TITLE_002416,Ergonomic incremental productivity 2001,Special,Drama,Netflix Studios,2001,1932,0,2026-05-23T22:32:41.890815
TITLE_002417,Object-based maximized software 1989,TV Series,Drama,Disney,1989,4761,5,2026-05-23T22:32:41.890821
TITLE_002418,Progressive 5thgeneration analyzer 2010,Special,Action,Disney,2010,961,0,2026-05-23T22:32:41.890827
TITLE_002419,Grass-roots multi-tasking process improvement 2013,TV Series,Animation,Warner Bros,2013,3498,4,2026-05-23T22:32:41.890833
TITLE_002420,Configurable systematic model 2017,Miniseries,Comedy,Universal,2017,2801,0,2026-05-23T22:32:41.890838
TITLE_002421,Balanced systemic challenge 2014,TV Series,Comedy,Sony,2014,3755,8,2026-05-23T22:32:41.890843
TITLE_002422,Adaptive object-oriented solution 1983,Special,Comedy,Sony,1983,687,0,2026-05-23T22:32:41.890848
TITLE_002423,Enhanced context-sensitive portal 1984,TV Series,Drama,Paramount,1984,5002,3,2026-05-23T22:32:41.890854
TITLE_002424,Cross-group logistical neural-net 2023,Documentary,Horror,Paramount,2023,1913,0,2026-05-23T22:32:41.890859
TITLE_002425,Distributed content-based flexibility 2009,Documentary,Drama,Apple TV+,2009,3162,0,2026-05-23T22:32:41.890864
TITLE_002426,Organized bi-directional matrix 2014,TV Series,Sci-Fi,Paramount,2014,1664,2,2026-05-23T22:32:41.890869
TITLE_002427,Intuitive even-keeled structure 1998,Miniseries,Drama,Sony,1998,3477,0,2026-05-23T22:32:41.890874
TITLE_002428,Innovative hybrid methodology 1989,TV Series,Drama,Disney,1989,4278,8,2026-05-23T22:32:41.890880
TITLE_002429,Switchable grid-enabled methodology 1999,Miniseries,Thriller,Disney,1999,3118,0,2026-05-23T22:32:41.890885
TITLE_002430,Grass-roots didactic parallelism 1996,TV Series,Animation,Warner Bros,1996,887,8,2026-05-23T22:32:41.890890
TITLE_002431,Programmable context-sensitive analyzer 1994,Special,Comedy,Paramount,1994,1356,0,2026-05-23T22:32:41.890896
TITLE_002432,Ergonomic multi-tasking knowledgebase 2002,Miniseries,Romance,Warner Bros,2002,5479,0,2026-05-23T22:32:41.890901
TITLE_002433,Re-engineered incremental frame 2010,Special,Thriller,Universal,2010,5654,0,2026-05-23T22:32:41.890907
TITLE_002434,Diverse value-added orchestration 1980,TV Series,Action,Apple TV+,1980,2692,2,2026-05-23T22:32:41.890914
TITLE_002435,Enhanced dedicated hierarchy 1986,Movie,Action,Apple TV+,1986,54,0,2026-05-23T22:32:41.890920
TITLE_002436,Sharable tangible pricing structure 1983,Movie,Drama,Netflix Studios,1983,161,0,2026-05-23T22:32:41.890925
TITLE_002437,Synergistic well-modulated structure 2025,Movie,Action,Universal,2025,78,0,2026-05-23T22:32:41.890930
TITLE_002438,Organized mobile functionalities 2009,TV Series,Action,Paramount,2009,2180,1,2026-05-23T22:32:41.890936
TITLE_002439,Enhanced multi-tasking leverage 2008,Miniseries,Comedy,Warner Bros,2008,4640,0,2026-05-23T22:32:41.890941
TITLE_002440,Upgradable value-added standardization 2006,Special,Comedy,Disney,2006,5188,0,2026-05-23T22:32:41.890946
TITLE_002441,Distributed multi-state conglomeration 1988,Movie,Thriller,Sony,1988,117,0,2026-05-23T22:32:41.890951
TITLE_002442,Versatile full-range secured line 2002,Special,Action,Netflix Studios,2002,2396,0,2026-05-23T22:32:41.890958
TITLE_002443,Reactive object-oriented secured line 2003,Movie,Comedy,Warner Bros,2003,87,0,2026-05-23T22:32:41.890965
TITLE_002444,Re-engineered zero administration collaboration 1989,Miniseries,Action,Disney,1989,5742,0,2026-05-23T22:32:41.890970
TITLE_002445,User-centric foreground budgetary management 2011,Documentary,Comedy,Paramount,2011,5990,0,2026-05-23T22:32:41.890976
TITLE_002446,Devolved composite hub 1999,Special,Drama,Warner Bros,1999,1284,0,2026-05-23T22:32:41.890981
TITLE_002447,User-friendly bifurcated workforce 2023,Documentary,Action,Universal,2023,3701,0,2026-05-23T22:32:41.890987
TITLE_002448,User-centric intermediate pricing structure 2020,Special,Drama,Universal,2020,4191,0,2026-05-23T22:32:41.890992
TITLE_002449,Phased impactful task-force 2016,Special,Comedy,Sony,2016,3181,0,2026-05-23T22:32:41.890998
TITLE_002450,Seamless intermediate Graphic Interface 1992,TV Series,Action,Sony,1992,2013,1,2026-05-23T22:32:41.891003
TITLE_002451,Cross-group regional orchestration 1997,Movie,Action,Warner Bros,1997,82,0,2026-05-23T22:32:41.891008
TITLE_002452,Realigned context-sensitive artificial intelligence 2014,Documentary,Sci-Fi,Disney,2014,3478,0,2026-05-23T22:32:41.891013
TITLE_002453,Distributed bandwidth-monitored adapter 1981,TV Series,Horror,Warner Bros,1981,813,7,2026-05-23T22:32:41.891019
TITLE_002454,Synergized tangible workforce 2018,TV Series,Animation,Sony,2018,3377,2,2026-05-23T22:32:41.891025
TITLE_002455,Distributed web-enabled matrices 2019,Special,Animation,Apple TV+,2019,5558,0,2026-05-23T22:32:41.891030
TITLE_002456,Advanced dynamic matrix 2004,Documentary,Sci-Fi,Paramount,2004,2787,0,2026-05-23T22:32:41.891036
TITLE_002457,Expanded system-worthy firmware 2020,Special,Action,Paramount,2020,1113,0,2026-05-23T22:32:41.891041
TITLE_002458,Compatible cohesive open system 1984,Miniseries,Thriller,Disney,1984,5734,0,2026-05-23T22:32:41.891046
TITLE_002459,Down-sized asymmetric migration 1993,Special,Horror,Universal,1993,352,0,2026-05-23T22:32:41.891052
TITLE_002460,Persevering value-added time-frame 2024,Documentary,Comedy,Apple TV+,2024,3944,0,2026-05-23T22:32:41.891058
TITLE_002461,Face-to-face full-range frame 2008,Miniseries,Action,Universal,2008,5062,0,2026-05-23T22:32:41.891063
TITLE_002462,Reduced clear-thinking knowledgebase 1987,Movie,Romance,Paramount,1987,110,0,2026-05-23T22:32:41.891069
TITLE_002463,Right-sized analyzing alliance 1991,Miniseries,Thriller,Apple TV+,1991,5322,0,2026-05-23T22:32:41.891074
TITLE_002464,Visionary needs-based service-desk 1982,Movie,Thriller,Sony,1982,88,0,2026-05-23T22:32:41.891079
TITLE_002465,Managed client-driven protocol 2010,Miniseries,Sci-Fi,Universal,2010,4412,0,2026-05-23T22:32:41.891083
TITLE_002466,Public-key contextually-based firmware 2017,TV Series,Romance,Sony,2017,3089,4,2026-05-23T22:32:41.891090
TITLE_002467,Extended fault-tolerant Graphic Interface 1989,Miniseries,Comedy,Sony,1989,3339,0,2026-05-23T22:32:41.891097
TITLE_002468,Phased zero tolerance ability 2021,TV Series,Animation,Netflix Studios,2021,1371,7,2026-05-23T22:32:41.891103
TITLE_002469,Reduced zero-defect policy 2022,TV Series,Animation,Disney,2022,3546,3,2026-05-23T22:32:41.891108
TITLE_002470,Adaptive bi-directional capacity 1990,Miniseries,Animation,Apple TV+,1990,4331,0,2026-05-23T22:32:41.891114
TITLE_002471,Team-oriented systemic standardization 2010,Movie,Action,Warner Bros,2010,169,0,2026-05-23T22:32:41.891119
TITLE_002472,Persevering contextually-based paradigm 1998,TV Series,Action,Sony,1998,871,3,2026-05-23T22:32:41.891124
TITLE_002473,Implemented optimizing model 2004,Special,Comedy,Warner Bros,2004,4569,0,2026-05-23T22:32:41.891131
TITLE_002474,Centralized 4thgeneration paradigm 2000,Miniseries,Horror,Netflix Studios,2000,4146,0,2026-05-23T22:32:41.891136
TITLE_002475,Multi-lateral analyzing adapter 2010,TV Series,Romance,Universal,2010,4053,2,2026-05-23T22:32:41.891143
TITLE_002476,Front-line multi-tasking superstructure 1994,Movie,Horror,Universal,1994,172,0,2026-05-23T22:32:41.891148
TITLE_002477,Organic intangible synergy 1984,Special,Sci-Fi,Apple TV+,1984,5534,0,2026-05-23T22:32:41.891154
TITLE_002478,Secured well-modulated model 2018,TV Series,Animation,Netflix Studios,2018,1305,8,2026-05-23T22:32:41.891160
TITLE_002479,Front-line zero-defect productivity 2025,Miniseries,Romance,Netflix Studios,2025,5431,0,2026-05-23T22:32:41.891167
TITLE_002480,Grass-roots leadingedge standardization 2021,Special,Comedy,Apple TV+,2021,1323,0,2026-05-23T22:32:41.891174
TITLE_002481,Optimized analyzing info-mediaries 1999,TV Series,Animation,Paramount,1999,451,3,2026-05-23T22:32:41.891181
TITLE_002482,Decentralized tangible system engine 2019,Miniseries,Animation,Paramount,2019,3276,0,2026-05-23T22:32:41.891188
TITLE_002483,Business-focused real-time capacity 1994,TV Series,Comedy,Apple TV+,1994,2154,8,2026-05-23T22:32:41.891193
TITLE_002484,Realigned holistic middleware 2016,TV Series,Thriller,Apple TV+,2016,3756,3,2026-05-23T22:32:41.891199
TITLE_002485,Multi-tiered non-volatile concept 2017,Movie,Romance,Apple TV+,2017,130,0,2026-05-23T22:32:41.891204
TITLE_002486,Operative analyzing product 2006,Movie,Comedy,Disney,2006,88,0,2026-05-23T22:32:41.891209
TITLE_002487,Decentralized directional implementation 1987,Miniseries,Comedy,Universal,1987,2507,0,2026-05-23T22:32:41.891214
TITLE_002488,Reduced scalable throughput 2005,TV Series,Romance,Disney,2005,629,2,2026-05-23T22:32:41.891220
TITLE_002489,Triple-buffered user-facing parallelism 2020,TV Series,Thriller,Disney,2020,2129,2,2026-05-23T22:32:41.891227
TITLE_002490,Right-sized optimizing initiative 1987,Special,Horror,Sony,1987,3437,0,2026-05-23T22:32:41.891233
TITLE_002491,Reverse-engineered well-modulated extranet 2020,Miniseries,Thriller,Warner Bros,2020,2636,0,2026-05-23T22:32:41.891238
TITLE_002492,Customizable directional firmware 2024,Special,Thriller,Disney,2024,1214,0,2026-05-23T22:32:41.891243
TITLE_002493,Profit-focused asymmetric service-desk 1999,Miniseries,Drama,Warner Bros,1999,986,0,2026-05-23T22:32:41.891249
TITLE_002494,Re-engineered heuristic conglomeration 2015,TV Series,Thriller,Warner Bros,2015,1245,1,2026-05-23T22:32:41.891256
TITLE_002495,User-centric tertiary functionalities 2010,Movie,Animation,Universal,2010,177,0,2026-05-23T22:32:41.891261
TITLE_002496,Optional discrete open architecture 2009,TV Series,Horror,Apple TV+,2009,2013,1,2026-05-23T22:32:41.891266
TITLE_002497,Universal secondary definition 2000,Documentary,Sci-Fi,Disney,2000,607,0,2026-05-23T22:32:41.891272
TITLE_002498,Virtual attitude-oriented product 1986,Special,Comedy,Paramount,1986,1693,0,2026-05-23T22:32:41.891276
TITLE_002499,Exclusive regional matrix 1992,Special,Horror,Universal,1992,3505,0,2026-05-23T22:32:41.891283
TITLE_002500,Open-source upward-trending standardization 1999,TV Series,Animation,Warner Bros,1999,866,4,2026-05-23T22:32:41.891288
TITLE_002501,Secured upward-trending Local Area Network 2001,Documentary,Comedy,Universal,2001,5438,0,2026-05-23T22:32:41.891293
TITLE_002502,Front-line 6thgeneration system engine 1981,TV Series,Thriller,Sony,1981,5935,5,2026-05-23T22:32:41.891299
TITLE_002503,Universal background pricing structure 2000,TV Series,Romance,Sony,2000,5188,1,2026-05-23T22:32:41.891304
TITLE_002504,Upgradable didactic hierarchy 2011,Special,Thriller,Universal,2011,5053,0,2026-05-23T22:32:41.891309
TITLE_002505,Fully-configurable 24hour algorithm 2002,Movie,Animation,Sony,2002,133,0,2026-05-23T22:32:41.891314
TITLE_002506,Mandatory neutral extranet 1986,Movie,Sci-Fi,Apple TV+,1986,161,0,2026-05-23T22:32:41.891320
TITLE_002507,Enhanced foreground artificial intelligence 1998,TV Series,Romance,Netflix Studios,1998,5722,3,2026-05-23T22:32:41.891327
TITLE_002508,Visionary attitude-oriented extranet 2007,Documentary,Drama,Universal,2007,988,0,2026-05-23T22:32:41.891333
TITLE_002509,Synchronized 4thgeneration core 2011,TV Series,Sci-Fi,Netflix Studios,2011,2631,2,2026-05-23T22:32:41.891338
TITLE_002510,Quality-focused discrete function 1997,Miniseries,Thriller,Warner Bros,1997,1050,0,2026-05-23T22:32:41.891343
TITLE_002511,Focused logistical capacity 2007,Special,Animation,Paramount,2007,533,0,2026-05-23T22:32:41.891350
TITLE_002512,Open-architected eco-centric customer loyalty 1992,TV Series,Animation,Apple TV+,1992,1324,3,2026-05-23T22:32:41.891357
TITLE_002513,Synchronized cohesive secured line 2011,TV Series,Action,Sony,2011,2123,4,2026-05-23T22:32:41.891363
TITLE_002514,Multi-layered fresh-thinking workforce 1984,Miniseries,Sci-Fi,Sony,1984,5956,0,2026-05-23T22:32:41.891368
TITLE_002515,Enhanced multi-state array 2007,Miniseries,Action,Apple TV+,2007,5593,0,2026-05-23T22:32:41.891374
TITLE_002516,Cloned methodical contingency 2011,TV Series,Action,Universal,2011,5695,6,2026-05-23T22:32:41.891379
TITLE_002517,Profound modular forecast 2014,Special,Romance,Paramount,2014,1757,0,2026-05-23T22:32:41.891384
TITLE_002518,Total real-time structure 2000,Movie,Animation,Warner Bros,2000,67,0,2026-05-23T22:32:41.891390
TITLE_002519,Profit-focused even-keeled installation 1997,Miniseries,Thriller,Sony,1997,2150,0,2026-05-23T22:32:41.891395
TITLE_002520,Centralized real-time methodology 2001,Documentary,Horror,Warner Bros,2001,1783,0,2026-05-23T22:32:41.891400
TITLE_002521,Ameliorated modular productivity 1991,Movie,Horror,Universal,1991,147,0,2026-05-23T22:32:41.891405
TITLE_002522,Centralized solution-oriented Local Area Network 2001,TV Series,Drama,Apple TV+,2001,1872,1,2026-05-23T22:32:41.891410
TITLE_002523,Down-sized executive interface 1997,TV Series,Thriller,Netflix Studios,1997,1502,1,2026-05-23T22:32:41.891416
TITLE_002524,Secured optimal collaboration 2011,TV Series,Thriller,Sony,2011,365,2,2026-05-23T22:32:41.891421
TITLE_002525,Programmable bi-directional migration 2005,Documentary,Action,Warner Bros,2005,2971,0,2026-05-23T22:32:41.891426
TITLE_002526,De-engineered explicit moderator 2018,Miniseries,Comedy,Disney,2018,5481,0,2026-05-23T22:32:41.891432
TITLE_002527,Optimized actuating installation 1997,Movie,Action,Netflix Studios,1997,63,0,2026-05-23T22:32:41.891437
TITLE_002528,Self-enabling didactic ability 2009,TV Series,Thriller,Paramount,2009,3416,2,2026-05-23T22:32:41.891442
TITLE_002529,User-friendly grid-enabled policy 1981,Miniseries,Romance,Warner Bros,1981,5598,0,2026-05-23T22:32:41.891448
TITLE_002530,Extended asymmetric implementation 2012,Movie,Horror,Universal,2012,80,0,2026-05-23T22:32:41.891453
TITLE_002531,Reactive content-based product 2017,TV Series,Thriller,Disney,2017,5734,1,2026-05-23T22:32:41.891458
TITLE_002532,Function-based client-server challenge 1988,Movie,Romance,Disney,1988,163,0,2026-05-23T22:32:41.891465
TITLE_002533,Organized bottom-line matrices 2017,Miniseries,Drama,Netflix Studios,2017,3864,0,2026-05-23T22:32:41.891470
TITLE_002534,Vision-oriented zero administration solution 2005,Special,Thriller,Universal,2005,4233,0,2026-05-23T22:32:41.891476
TITLE_002535,Programmable bandwidth-monitored superstructure 2007,Miniseries,Sci-Fi,Paramount,2007,2583,0,2026-05-23T22:32:41.891480
TITLE_002536,Diverse scalable ability 2025,TV Series,Comedy,Universal,2025,3170,4,2026-05-23T22:32:41.891486
TITLE_002537,Centralized upward-trending capacity 1986,Documentary,Horror,Apple TV+,1986,2313,0,2026-05-23T22:32:41.891491
TITLE_002538,Business-focused maximized frame 1989,Movie,Comedy,Disney,1989,104,0,2026-05-23T22:32:41.891497
TITLE_002539,Compatible empowering access 1993,Special,Drama,Warner Bros,1993,553,0,2026-05-23T22:32:41.891503
TITLE_002540,Synergistic needs-based approach 2001,Documentary,Thriller,Disney,2001,3438,0,2026-05-23T22:32:41.891508
TITLE_002541,User-friendly bottom-line secured line 1989,Miniseries,Sci-Fi,Paramount,1989,4828,0,2026-05-23T22:32:41.891513
TITLE_002542,Inverse leadingedge alliance 2007,Documentary,Drama,Universal,2007,1229,0,2026-05-23T22:32:41.891518
TITLE_002543,Progressive even-keeled matrix 2014,Documentary,Animation,Paramount,2014,450,0,2026-05-23T22:32:41.891526
TITLE_002544,Phased client-driven strategy 1987,Miniseries,Comedy,Sony,1987,4669,0,2026-05-23T22:32:41.891531
TITLE_002545,Fundamental next generation toolset 1994,Miniseries,Drama,Apple TV+,1994,3865,0,2026-05-23T22:32:41.891536
TITLE_002546,Streamlined system-worthy implementation 2014,Special,Romance,Universal,2014,1057,0,2026-05-23T22:32:41.891541
TITLE_002547,Phased uniform throughput 1989,Documentary,Horror,Sony,1989,1772,0,2026-05-23T22:32:41.891547
TITLE_002548,Customer-focused stable matrices 1989,Documentary,Animation,Netflix Studios,1989,1150,0,2026-05-23T22:32:41.891552
TITLE_002549,Multi-tiered motivating moratorium 1985,Documentary,Horror,Universal,1985,4294,0,2026-05-23T22:32:41.891558
TITLE_002550,Future-proofed solution-oriented frame 2011,Documentary,Drama,Disney,2011,999,0,2026-05-23T22:32:41.891563
TITLE_002551,Monitored uniform circuit 2015,Movie,Animation,Sony,2015,85,0,2026-05-23T22:32:41.891569
TITLE_002552,Proactive motivating installation 2013,Special,Comedy,Apple TV+,2013,4914,0,2026-05-23T22:32:41.891575
TITLE_002553,Implemented logistical functionalities 1999,TV Series,Thriller,Paramount,1999,5973,4,2026-05-23T22:32:41.891580
TITLE_002554,Secured web-enabled product 1981,Special,Horror,Netflix Studios,1981,5994,0,2026-05-23T22:32:41.891586
TITLE_002555,Monitored dynamic utilization 1988,Special,Thriller,Apple TV+,1988,1016,0,2026-05-23T22:32:41.891591
TITLE_002556,Reverse-engineered demand-driven initiative 1980,Documentary,Action,Paramount,1980,3125,0,2026-05-23T22:32:41.891597
TITLE_002557,Synergistic grid-enabled concept 2019,TV Series,Horror,Sony,2019,4436,8,2026-05-23T22:32:41.891602
TITLE_002558,Function-based leadingedge core 1997,TV Series,Drama,Disney,1997,4915,7,2026-05-23T22:32:41.891608
TITLE_002559,Stand-alone stable artificial intelligence 2000,Movie,Horror,Netflix Studios,2000,70,0,2026-05-23T22:32:41.891614
TITLE_002560,Mandatory motivating Graphic Interface 2025,Movie,Horror,Universal,2025,65,0,2026-05-23T22:32:41.891620
TITLE_002561,Re-engineered foreground access 1993,Documentary,Comedy,Apple TV+,1993,1843,0,2026-05-23T22:32:41.891626
TITLE_002562,Object-based cohesive info-mediaries 2013,TV Series,Action,Warner Bros,2013,2611,7,2026-05-23T22:32:41.891632
TITLE_002563,Horizontal foreground superstructure 2012,Movie,Animation,Netflix Studios,2012,53,0,2026-05-23T22:32:41.891637
TITLE_002564,Assimilated intermediate open architecture 1980,Miniseries,Horror,Warner Bros,1980,2068,0,2026-05-23T22:32:41.891643
TITLE_002565,Progressive system-worthy encryption 2000,Documentary,Sci-Fi,Netflix Studios,2000,2257,0,2026-05-23T22:32:41.891648
TITLE_002566,Public-key demand-driven middleware 2017,Miniseries,Horror,Universal,2017,4186,0,2026-05-23T22:32:41.891653
TITLE_002567,Re-engineered dedicated functionalities 2014,Documentary,Sci-Fi,Disney,2014,1140,0,2026-05-23T22:32:41.891658
TITLE_002568,Managed analyzing Internet solution 1987,Miniseries,Romance,Apple TV+,1987,5732,0,2026-05-23T22:32:41.891664
TITLE_002569,Multi-lateral needs-based service-desk 1985,Miniseries,Romance,Paramount,1985,4517,0,2026-05-23T22:32:41.891669
TITLE_002570,Distributed asynchronous moderator 2004,Documentary,Comedy,Warner Bros,2004,2575,0,2026-05-23T22:32:41.891674
TITLE_002571,Profound optimizing emulation 2020,Documentary,Action,Netflix Studios,2020,441,0,2026-05-23T22:32:41.891682
TITLE_002572,Team-oriented asynchronous knowledgebase 2014,Special,Comedy,Paramount,2014,5607,0,2026-05-23T22:32:41.891687
TITLE_002573,Focused reciprocal structure 1994,Special,Thriller,Sony,1994,5094,0,2026-05-23T22:32:41.891693
TITLE_002574,Secured didactic process improvement 2020,Documentary,Animation,Apple TV+,2020,5857,0,2026-05-23T22:32:41.891698
TITLE_002575,Cross-group static website 1989,Miniseries,Romance,Paramount,1989,1075,0,2026-05-23T22:32:41.891704
TITLE_002576,Public-key even-keeled framework 1980,Miniseries,Horror,Netflix Studios,1980,5187,0,2026-05-23T22:32:41.891708
TITLE_002577,Expanded multi-tasking model 1982,Movie,Comedy,Paramount,1982,147,0,2026-05-23T22:32:41.891714
TITLE_002578,Intuitive uniform encoding 2000,Documentary,Horror,Universal,2000,2622,0,2026-05-23T22:32:41.891719
TITLE_002579,Networked maximized ability 1998,Documentary,Drama,Disney,1998,533,0,2026-05-23T22:32:41.891724
TITLE_002580,Synergistic asynchronous ability 2013,Special,Action,Netflix Studios,2013,5481,0,2026-05-23T22:32:41.891730
TITLE_002581,De-engineered disintermediate hardware 2014,TV Series,Action,Warner Bros,2014,5087,7,2026-05-23T22:32:41.891736
TITLE_002582,Multi-layered global Internet solution 1995,Movie,Drama,Universal,1995,58,0,2026-05-23T22:32:41.891742
TITLE_002583,Front-line methodical leverage 2008,Special,Sci-Fi,Sony,2008,2371,0,2026-05-23T22:32:41.891748
TITLE_002584,Monitored object-oriented complexity 1993,Miniseries,Romance,Warner Bros,1993,3554,0,2026-05-23T22:32:41.891753
TITLE_002585,Up-sized regional leverage 2005,Movie,Comedy,Sony,2005,90,0,2026-05-23T22:32:41.891758
TITLE_002586,Balanced mobile toolset 2020,Special,Action,Warner Bros,2020,5934,0,2026-05-23T22:32:41.891763
TITLE_002587,Sharable human-resource database 1994,TV Series,Romance,Warner Bros,1994,5075,6,2026-05-23T22:32:41.891769
TITLE_002588,De-engineered high-level contingency 2001,Miniseries,Animation,Universal,2001,2675,0,2026-05-23T22:32:41.891774
TITLE_002589,Centralized fresh-thinking definition 1984,Miniseries,Comedy,Apple TV+,1984,502,0,2026-05-23T22:32:41.891779
TITLE_002590,Virtual radical customer loyalty 2013,Special,Horror,Universal,2013,3433,0,2026-05-23T22:32:41.891786
TITLE_002591,Monitored maximized firmware 2007,TV Series,Thriller,Netflix Studios,2007,5928,2,2026-05-23T22:32:41.891791
TITLE_002592,Persevering optimal circuit 2021,Special,Romance,Apple TV+,2021,1879,0,2026-05-23T22:32:41.891797
TITLE_002593,Face-to-face heuristic utilization 2009,TV Series,Thriller,Universal,2009,1065,3,2026-05-23T22:32:41.891802
TITLE_002594,Digitized directional analyzer 1981,Miniseries,Sci-Fi,Netflix Studios,1981,4265,0,2026-05-23T22:32:41.891807
TITLE_002595,Up-sized content-based artificial intelligence 2023,Documentary,Comedy,Sony,2023,3658,0,2026-05-23T22:32:41.891813
TITLE_002596,Customizable context-sensitive standardization 1985,TV Series,Horror,Sony,1985,3758,1,2026-05-23T22:32:41.891818
TITLE_002597,Self-enabling bifurcated knowledgebase 1987,Miniseries,Romance,Sony,1987,1227,0,2026-05-23T22:32:41.891823
TITLE_002598,Persevering needs-based groupware 2015,Documentary,Action,Apple TV+,2015,3793,0,2026-05-23T22:32:41.891828
TITLE_002599,Synergized systematic success 1982,TV Series,Horror,Disney,1982,1297,5,2026-05-23T22:32:41.891834
TITLE_002600,Synergized client-driven strategy 1990,TV Series,Animation,Sony,1990,603,7,2026-05-23T22:32:41.891840
TITLE_002601,Grass-roots stable paradigm 2000,TV Series,Thriller,Netflix Studios,2000,1319,5,2026-05-23T22:32:41.891846
TITLE_002602,Mandatory uniform initiative 2010,TV Series,Sci-Fi,Netflix Studios,2010,1580,8,2026-05-23T22:32:41.891852
TITLE_002603,User-centric upward-trending synergy 1983,Movie,Sci-Fi,Warner Bros,1983,53,0,2026-05-23T22:32:41.891858
TITLE_002604,Function-based reciprocal leverage 2008,TV Series,Animation,Paramount,2008,5517,6,2026-05-23T22:32:41.891863
TITLE_002605,Self-enabling uniform project 2002,Movie,Animation,Paramount,2002,78,0,2026-05-23T22:32:41.891869
TITLE_002606,Programmable multimedia collaboration 2001,Movie,Drama,Netflix Studios,2001,163,0,2026-05-23T22:32:41.891876
TITLE_002607,Switchable explicit extranet 2000,Special,Action,Disney,2000,1987,0,2026-05-23T22:32:41.891882
TITLE_002608,Customizable optimizing groupware 2020,TV Series,Thriller,Apple TV+,2020,3298,2,2026-05-23T22:32:41.891888
TITLE_002609,Distributed fresh-thinking secured line 1989,TV Series,Animation,Apple TV+,1989,3261,6,2026-05-23T22:32:41.891894
TITLE_002610,Multi-lateral tangible customer loyalty 2001,TV Series,Thriller,Apple TV+,2001,5306,4,2026-05-23T22:32:41.891901
TITLE_002611,Devolved bottom-line model 1981,Special,Action,Netflix Studios,1981,3836,0,2026-05-23T22:32:41.891906
TITLE_002612,Monitored bandwidth-monitored algorithm 1994,TV Series,Romance,Netflix Studios,1994,410,7,2026-05-23T22:32:41.891912
TITLE_002613,Decentralized asymmetric toolset 1982,Special,Romance,Netflix Studios,1982,2148,0,2026-05-23T22:32:41.891917
TITLE_002614,Front-line discrete system engine 2000,TV Series,Horror,Apple TV+,2000,5324,1,2026-05-23T22:32:41.891923
TITLE_002615,Realigned national moderator 2025,Movie,Thriller,Apple TV+,2025,131,0,2026-05-23T22:32:41.891928
TITLE_002616,Networked 4thgeneration time-frame 2021,TV Series,Comedy,Warner Bros,2021,1682,3,2026-05-23T22:32:41.891934
TITLE_002617,Ameliorated directional customer loyalty 2001,Special,Animation,Sony,2001,3268,0,2026-05-23T22:32:41.891939
TITLE_002618,Reduced client-driven process improvement 2012,Miniseries,Comedy,Netflix Studios,2012,2866,0,2026-05-23T22:32:41.891946
TITLE_002619,Intuitive bifurcated toolset 2024,TV Series,Horror,Disney,2024,4010,8,2026-05-23T22:32:41.891952
TITLE_002620,Total 3rdgeneration service-desk 1996,Movie,Romance,Warner Bros,1996,121,0,2026-05-23T22:32:41.891957
TITLE_002621,Fundamental asymmetric data-warehouse 1994,Miniseries,Sci-Fi,Netflix Studios,1994,1794,0,2026-05-23T22:32:41.891963
TITLE_002622,Proactive bottom-line conglomeration 2013,Movie,Thriller,Disney,2013,163,0,2026-05-23T22:32:41.891968
TITLE_002623,Networked multi-state help-desk 1982,Documentary,Thriller,Disney,1982,1943,0,2026-05-23T22:32:41.891973
TITLE_002624,Cross-group real-time algorithm 1994,Documentary,Animation,Netflix Studios,1994,903,0,2026-05-23T22:32:41.891980
TITLE_002625,Innovative homogeneous Graphic Interface 2019,Special,Horror,Apple TV+,2019,2433,0,2026-05-23T22:32:41.891984
TITLE_002626,Right-sized national monitoring 1989,TV Series,Sci-Fi,Universal,1989,3649,8,2026-05-23T22:32:41.891990
TITLE_002627,Digitized bandwidth-monitored open system 1982,Special,Action,Paramount,1982,2956,0,2026-05-23T22:32:41.891995
TITLE_002628,Multi-tiered responsive matrices 1992,Special,Thriller,Universal,1992,4246,0,2026-05-23T22:32:41.892000
TITLE_002629,Configurable tangible project 1983,Movie,Animation,Disney,1983,149,0,2026-05-23T22:32:41.892007
TITLE_002630,Grass-roots encompassing system engine 1984,Special,Romance,Universal,1984,1038,0,2026-05-23T22:32:41.892012
TITLE_002631,Exclusive intangible hierarchy 1995,Documentary,Animation,Warner Bros,1995,3938,0,2026-05-23T22:32:41.892018
TITLE_002632,De-engineered exuding definition 1986,Documentary,Animation,Sony,1986,507,0,2026-05-23T22:32:41.892041
TITLE_002633,Virtual exuding encryption 1993,Miniseries,Thriller,Universal,1993,1094,0,2026-05-23T22:32:41.892051
TITLE_002634,Reduced optimizing customer loyalty 1998,Movie,Horror,Paramount,1998,170,0,2026-05-23T22:32:41.892058
TITLE_002635,Triple-buffered modular firmware 2013,Special,Action,Warner Bros,2013,5066,0,2026-05-23T22:32:41.892065
TITLE_002636,Enterprise-wide eco-centric parallelism 2020,Movie,Action,Warner Bros,2020,112,0,2026-05-23T22:32:41.892071
TITLE_002637,Phased bifurcated Local Area Network 1986,Documentary,Comedy,Universal,1986,4433,0,2026-05-23T22:32:41.892076
TITLE_002638,Persistent background infrastructure 2006,Documentary,Comedy,Netflix Studios,2006,2586,0,2026-05-23T22:32:41.892083
TITLE_002639,Object-based needs-based knowledgebase 2021,Special,Horror,Apple TV+,2021,661,0,2026-05-23T22:32:41.892088
TITLE_002640,Robust grid-enabled productivity 2014,Miniseries,Horror,Netflix Studios,2014,5429,0,2026-05-23T22:32:41.892094
TITLE_002641,Enterprise-wide real-time emulation 2005,Special,Comedy,Disney,2005,2591,0,2026-05-23T22:32:41.892099
TITLE_002642,Quality-focused clear-thinking model 2009,Special,Sci-Fi,Paramount,2009,3974,0,2026-05-23T22:32:41.892104
TITLE_002643,Managed bandwidth-monitored attitude 1999,Special,Sci-Fi,Universal,1999,3150,0,2026-05-23T22:32:41.892109
TITLE_002644,Upgradable leadingedge instruction set 2014,Movie,Romance,Apple TV+,2014,125,0,2026-05-23T22:32:41.892114
TITLE_002645,Synergistic holistic data-warehouse 2007,TV Series,Romance,Warner Bros,2007,718,2,2026-05-23T22:32:41.892120
TITLE_002646,Networked local capacity 2024,Miniseries,Romance,Paramount,2024,2144,0,2026-05-23T22:32:41.892125
TITLE_002647,Profound actuating implementation 1988,Miniseries,Thriller,Apple TV+,1988,3312,0,2026-05-23T22:32:41.892130
TITLE_002648,Progressive coherent open architecture 2024,Documentary,Animation,Paramount,2024,485,0,2026-05-23T22:32:41.892135
TITLE_002649,Grass-roots didactic structure 2004,TV Series,Action,Paramount,2004,5287,4,2026-05-23T22:32:41.892142
TITLE_002650,Persevering disintermediate superstructure 1982,Documentary,Drama,Universal,1982,798,0,2026-05-23T22:32:41.892149
TITLE_002651,Customizable 3rdgeneration portal 1989,Documentary,Animation,Universal,1989,3653,0,2026-05-23T22:32:41.892154
TITLE_002652,Versatile mobile matrices 2010,Documentary,Romance,Sony,2010,5266,0,2026-05-23T22:32:41.892160
TITLE_002653,Seamless even-keeled policy 1992,Miniseries,Romance,Universal,1992,5719,0,2026-05-23T22:32:41.892167
TITLE_002654,Organic stable definition 2011,Special,Sci-Fi,Netflix Studios,2011,628,0,2026-05-23T22:32:41.892172
TITLE_002655,Advanced 6thgeneration access 2017,TV Series,Comedy,Sony,2017,5926,8,2026-05-23T22:32:41.892177
TITLE_002656,Down-sized holistic emulation 1984,TV Series,Drama,Apple TV+,1984,5666,1,2026-05-23T22:32:41.892183
TITLE_002657,Monitored modular website 2023,Miniseries,Sci-Fi,Sony,2023,679,0,2026-05-23T22:32:41.892188
TITLE_002658,Compatible explicit monitoring 2010,Documentary,Action,Netflix Studios,2010,5880,0,2026-05-23T22:32:41.892193
TITLE_002659,Managed human-resource protocol 2012,Miniseries,Sci-Fi,Sony,2012,5594,0,2026-05-23T22:32:41.892198
TITLE_002660,Operative real-time encryption 1987,TV Series,Action,Universal,1987,3232,5,2026-05-23T22:32:41.892204
TITLE_002661,Expanded well-modulated contingency 1982,TV Series,Sci-Fi,Apple TV+,1982,3412,3,2026-05-23T22:32:41.892209
TITLE_002662,Reverse-engineered real-time database 1981,Miniseries,Comedy,Universal,1981,1233,0,2026-05-23T22:32:41.892214
TITLE_002663,Fully-configurable bandwidth-monitored policy 1990,Miniseries,Sci-Fi,Paramount,1990,1008,0,2026-05-23T22:32:41.892220
TITLE_002664,Intuitive static knowledgebase 1988,Special,Sci-Fi,Universal,1988,4141,0,2026-05-23T22:32:41.892226
TITLE_002665,Pre-emptive 4thgeneration alliance 2008,Movie,Thriller,Apple TV+,2008,129,0,2026-05-23T22:32:41.892231
TITLE_002666,Phased homogeneous leverage 1994,Miniseries,Thriller,Disney,1994,3294,0,2026-05-23T22:32:41.892237
TITLE_002667,Switchable actuating Local Area Network 2021,Miniseries,Action,Warner Bros,2021,1725,0,2026-05-23T22:32:41.892243
TITLE_002668,Phased bandwidth-monitored open system 2015,Special,Horror,Sony,2015,5970,0,2026-05-23T22:32:41.892249
TITLE_002669,Horizontal impactful toolset 2007,Documentary,Drama,Universal,2007,3663,0,2026-05-23T22:32:41.892254
TITLE_002670,Vision-oriented empowering policy 2012,Miniseries,Thriller,Disney,2012,3921,0,2026-05-23T22:32:41.892260
TITLE_002671,Expanded non-volatile groupware 2021,Movie,Animation,Apple TV+,2021,157,0,2026-05-23T22:32:41.892265
TITLE_002672,Programmable hybrid Graphical User Interface 2014,Movie,Action,Sony,2014,136,0,2026-05-23T22:32:41.892271
TITLE_002673,Fundamental 4thgeneration artificial intelligence 2003,TV Series,Horror,Paramount,2003,5398,4,2026-05-23T22:32:41.892276
TITLE_002674,Optional non-volatile flexibility 2009,Special,Animation,Sony,2009,3316,0,2026-05-23T22:32:41.892281
TITLE_002675,Cross-platform optimizing pricing structure 1982,Movie,Comedy,Sony,1982,91,0,2026-05-23T22:32:41.892286
TITLE_002676,Enhanced local challenge 1987,Miniseries,Drama,Apple TV+,1987,5474,0,2026-05-23T22:32:41.892291
TITLE_002677,Total 6thgeneration focus group 1991,Documentary,Thriller,Netflix Studios,1991,1201,0,2026-05-23T22:32:41.892297
TITLE_002678,Streamlined web-enabled methodology 2005,Documentary,Comedy,Paramount,2005,3540,0,2026-05-23T22:32:41.892302
TITLE_002679,Profit-focused discrete approach 1984,Documentary,Sci-Fi,Disney,1984,4194,0,2026-05-23T22:32:41.892308
TITLE_002680,Object-based web-enabled system engine 2005,TV Series,Horror,Netflix Studios,2005,1162,7,2026-05-23T22:32:41.892313
TITLE_002681,Function-based bandwidth-monitored artificial intelligence 2012,Miniseries,Drama,Sony,2012,1983,0,2026-05-23T22:32:41.892318
TITLE_002682,Exclusive regional matrices 2002,Movie,Action,Disney,2002,95,0,2026-05-23T22:32:41.892322
TITLE_002683,Managed multi-tasking solution 2019,Special,Romance,Disney,2019,1601,0,2026-05-23T22:32:41.892327
TITLE_002684,Adaptive impactful parallelism 1985,Miniseries,Thriller,Sony,1985,5793,0,2026-05-23T22:32:41.892332
TITLE_002685,Implemented content-based neural-net 1982,Special,Thriller,Universal,1982,510,0,2026-05-23T22:32:41.892338
TITLE_002686,Progressive contextually-based parallelism 2011,Documentary,Romance,Apple TV+,2011,4592,0,2026-05-23T22:32:41.892343
TITLE_002687,Digitized bandwidth-monitored frame 1982,TV Series,Animation,Netflix Studios,1982,2939,3,2026-05-23T22:32:41.892354
TITLE_002688,Automated discrete moratorium 1993,Special,Comedy,Paramount,1993,2471,0,2026-05-23T22:32:41.892366
TITLE_002689,Multi-channeled grid-enabled approach 2009,Miniseries,Comedy,Netflix Studios,2009,1764,0,2026-05-23T22:32:41.892372
TITLE_002690,Extended 24/7 ability 2004,Movie,Sci-Fi,Sony,2004,84,0,2026-05-23T22:32:41.892379
TITLE_002691,Extended encompassing success 2015,Movie,Drama,Disney,2015,87,0,2026-05-23T22:32:41.892384
TITLE_002692,Secured solution-oriented frame 2018,Movie,Romance,Disney,2018,130,0,2026-05-23T22:32:41.892389
TITLE_002693,Universal homogeneous throughput 1994,Miniseries,Animation,Universal,1994,2136,0,2026-05-23T22:32:41.892396
TITLE_002694,Reduced incremental pricing structure 2004,Special,Drama,Universal,2004,1747,0,2026-05-23T22:32:41.892401
TITLE_002695,Diverse national Local Area Network 2022,TV Series,Thriller,Netflix Studios,2022,5626,1,2026-05-23T22:32:41.892406
TITLE_002696,Organic actuating methodology 2015,TV Series,Romance,Sony,2015,1874,2,2026-05-23T22:32:41.892412
TITLE_002697,Managed attitude-oriented core 1994,Special,Animation,Warner Bros,1994,2440,0,2026-05-23T22:32:41.892417
TITLE_002698,Sharable clear-thinking throughput 2013,Movie,Drama,Apple TV+,2013,139,0,2026-05-23T22:32:41.892424
TITLE_002699,Stand-alone zero tolerance concept 2022,TV Series,Romance,Universal,2022,5893,3,2026-05-23T22:32:41.892430
TITLE_002700,Reduced incremental adapter 1989,Movie,Sci-Fi,Disney,1989,74,0,2026-05-23T22:32:41.892436
TITLE_002701,Proactive intangible Internet solution 1989,Miniseries,Thriller,Apple TV+,1989,5541,0,2026-05-23T22:32:41.892442
TITLE_002702,Extended composite superstructure 2020,Movie,Sci-Fi,Universal,2020,134,0,2026-05-23T22:32:41.892447
TITLE_002703,Devolved zero administration productivity 2021,Special,Comedy,Paramount,2021,5298,0,2026-05-23T22:32:41.892452
TITLE_002704,Self-enabling methodical protocol 1986,TV Series,Romance,Netflix Studios,1986,5037,8,2026-05-23T22:32:41.892457
TITLE_002705,Seamless discrete functionalities 1994,TV Series,Comedy,Sony,1994,3686,6,2026-05-23T22:32:41.892463
TITLE_002706,Open-source context-sensitive emulation 2014,Documentary,Sci-Fi,Paramount,2014,5131,0,2026-05-23T22:32:41.892467
TITLE_002707,Open-architected discrete model 1992,TV Series,Drama,Sony,1992,1180,6,2026-05-23T22:32:41.892474
TITLE_002708,Reactive bandwidth-monitored application 1999,TV Series,Horror,Warner Bros,1999,5535,2,2026-05-23T22:32:41.892480
TITLE_002709,Streamlined grid-enabled infrastructure 2001,Special,Thriller,Universal,2001,1950,0,2026-05-23T22:32:41.892486
TITLE_002710,Cross-group encompassing adapter 2014,Documentary,Action,Universal,2014,4649,0,2026-05-23T22:32:41.892491
TITLE_002711,Programmable well-modulated interface 2011,Special,Action,Apple TV+,2011,2367,0,2026-05-23T22:32:41.892497
TITLE_002712,Public-key analyzing moderator 2003,Miniseries,Sci-Fi,Paramount,2003,1043,0,2026-05-23T22:32:41.892502
TITLE_002713,Implemented global migration 2001,Miniseries,Comedy,Disney,2001,1615,0,2026-05-23T22:32:41.892507
TITLE_002714,Advanced heuristic conglomeration 1980,Documentary,Horror,Disney,1980,1751,0,2026-05-23T22:32:41.892512
TITLE_002715,Pre-emptive full-range Graphical User Interface 2021,Movie,Comedy,Paramount,2021,86,0,2026-05-23T22:32:41.892517
TITLE_002716,Customizable clear-thinking flexibility 2003,Documentary,Romance,Universal,2003,732,0,2026-05-23T22:32:41.892522
TITLE_002717,Mandatory client-driven strategy 2006,Documentary,Horror,Apple TV+,2006,5732,0,2026-05-23T22:32:41.892527
TITLE_002718,Digitized mobile encryption 2025,TV Series,Comedy,Warner Bros,2025,5662,3,2026-05-23T22:32:41.892533
TITLE_002719,Multi-layered optimizing toolset 1998,Movie,Sci-Fi,Universal,1998,113,0,2026-05-23T22:32:41.892538
TITLE_002720,Focused disintermediate approach 2021,Miniseries,Action,Paramount,2021,638,0,2026-05-23T22:32:41.892543
TITLE_002721,Advanced next generation archive 1982,Miniseries,Thriller,Warner Bros,1982,5677,0,2026-05-23T22:32:41.892550
TITLE_002722,Polarized regional concept 1980,Miniseries,Action,Apple TV+,1980,3303,0,2026-05-23T22:32:41.892556
TITLE_002723,Ameliorated well-modulated initiative 2020,Miniseries,Horror,Netflix Studios,2020,569,0,2026-05-23T22:32:41.892562
TITLE_002724,Innovative intermediate secured line 1990,Movie,Romance,Disney,1990,139,0,2026-05-23T22:32:41.892567
TITLE_002725,Object-based static utilization 2011,Movie,Horror,Disney,2011,167,0,2026-05-23T22:32:41.892572
TITLE_002726,Progressive homogeneous instruction set 1994,Movie,Thriller,Apple TV+,1994,62,0,2026-05-23T22:32:41.892579
TITLE_002727,Right-sized national knowledge user 1986,TV Series,Horror,Paramount,1986,2835,6,2026-05-23T22:32:41.892586
TITLE_002728,Self-enabling directional algorithm 2009,TV Series,Animation,Warner Bros,2009,681,7,2026-05-23T22:32:41.892592
TITLE_002729,Public-key web-enabled instruction set 1991,Movie,Drama,Disney,1991,77,0,2026-05-23T22:32:41.892597
TITLE_002730,Phased dynamic initiative 2024,Documentary,Thriller,Disney,2024,2061,0,2026-05-23T22:32:41.892604
TITLE_002731,Distributed content-based matrix 2012,Special,Action,Paramount,2012,5499,0,2026-05-23T22:32:41.892610
TITLE_002732,Vision-oriented encompassing framework 2012,Documentary,Romance,Disney,2012,5768,0,2026-05-23T22:32:41.892616
TITLE_002733,Adaptive coherent synergy 2001,Special,Horror,Universal,2001,672,0,2026-05-23T22:32:41.892621
TITLE_002734,Devolved systemic system engine 1985,Documentary,Thriller,Universal,1985,3876,0,2026-05-23T22:32:41.892626
TITLE_002735,Multi-tiered systemic capacity 1986,Movie,Comedy,Apple TV+,1986,139,0,2026-05-23T22:32:41.892632
TITLE_002736,Enterprise-wide secondary data-warehouse 1987,TV Series,Animation,Disney,1987,5521,3,2026-05-23T22:32:41.892638
TITLE_002737,Upgradable bottom-line framework 2017,Documentary,Sci-Fi,Universal,2017,4098,0,2026-05-23T22:32:41.892642
TITLE_002738,Multi-channeled global software 2009,Special,Romance,Warner Bros,2009,4671,0,2026-05-23T22:32:41.892647
TITLE_002739,Versatile client-driven capability 2019,Special,Comedy,Paramount,2019,3427,0,2026-05-23T22:32:41.892654
TITLE_002740,Robust local utilization 2022,Movie,Comedy,Apple TV+,2022,59,0,2026-05-23T22:32:41.892659
TITLE_002741,Cross-group radical architecture 1989,Special,Action,Sony,1989,5121,0,2026-05-23T22:32:41.892665
TITLE_002742,User-centric composite algorithm 1982,TV Series,Thriller,Netflix Studios,1982,4628,7,2026-05-23T22:32:41.892670
TITLE_002743,Future-proofed asymmetric algorithm 1999,Special,Romance,Apple TV+,1999,3565,0,2026-05-23T22:32:41.892675
TITLE_002744,Phased fault-tolerant hierarchy 2000,Miniseries,Horror,Warner Bros,2000,5405,0,2026-05-23T22:32:41.892680
TITLE_002745,Cross-platform 4thgeneration solution 1980,Movie,Thriller,Sony,1980,149,0,2026-05-23T22:32:41.892685
TITLE_002746,Function-based high-level customer loyalty 1987,Documentary,Comedy,Paramount,1987,5448,0,2026-05-23T22:32:41.892691
TITLE_002747,Virtual scalable encoding 1983,TV Series,Sci-Fi,Apple TV+,1983,4666,4,2026-05-23T22:32:41.892698
TITLE_002748,Sharable incremental capability 2025,Special,Romance,Warner Bros,2025,1689,0,2026-05-23T22:32:41.892703
TITLE_002749,Fully-configurable hybrid Graphic Interface 1985,Special,Animation,Disney,1985,5456,0,2026-05-23T22:32:41.892709
TITLE_002750,Customer-focused heuristic framework 2014,Special,Thriller,Netflix Studios,2014,1086,0,2026-05-23T22:32:41.892715
TITLE_002751,Future-proofed methodical open system 1999,Documentary,Romance,Disney,1999,4758,0,2026-05-23T22:32:41.892720
TITLE_002752,Universal systemic open system 2020,Movie,Action,Warner Bros,2020,115,0,2026-05-23T22:32:41.892725
TITLE_002753,Reverse-engineered zero administration project 2006,Miniseries,Animation,Paramount,2006,2907,0,2026-05-23T22:32:41.892730
TITLE_002754,Diverse background productivity 2024,Special,Animation,Paramount,2024,4916,0,2026-05-23T22:32:41.892735
TITLE_002755,Synergized exuding middleware 1986,Documentary,Horror,Paramount,1986,472,0,2026-05-23T22:32:41.892740
TITLE_002756,Inverse value-added moratorium 1994,Miniseries,Drama,Sony,1994,3056,0,2026-05-23T22:32:41.892746
TITLE_002757,Vision-oriented multimedia attitude 1984,Movie,Action,Warner Bros,1984,75,0,2026-05-23T22:32:41.892752
TITLE_002758,Triple-buffered fault-tolerant extranet 1981,TV Series,Sci-Fi,Disney,1981,4039,5,2026-05-23T22:32:41.892757
TITLE_002759,Horizontal user-facing groupware 1985,TV Series,Action,Disney,1985,2870,3,2026-05-23T22:32:41.892763
TITLE_002760,Seamless user-facing array 2014,TV Series,Romance,Universal,2014,4561,1,2026-05-23T22:32:41.892769
TITLE_002761,Compatible solution-oriented access 1987,Special,Thriller,Warner Bros,1987,2416,0,2026-05-23T22:32:41.892774
TITLE_002762,De-engineered zero-defect artificial intelligence 2012,Special,Action,Disney,2012,4434,0,2026-05-23T22:32:41.892781
TITLE_002763,User-friendly well-modulated toolset 2010,Special,Action,Disney,2010,2803,0,2026-05-23T22:32:41.892786
TITLE_002764,Profit-focused background intranet 1998,Miniseries,Action,Paramount,1998,1092,0,2026-05-23T22:32:41.892791
TITLE_002765,Optional foreground hierarchy 1984,Documentary,Thriller,Apple TV+,1984,4931,0,2026-05-23T22:32:41.892796
TITLE_002766,Team-oriented leadingedge toolset 2017,Special,Horror,Disney,2017,5948,0,2026-05-23T22:32:41.892802
TITLE_002767,Multi-tiered multi-tasking functionalities 1980,Documentary,Romance,Apple TV+,1980,1235,0,2026-05-23T22:32:41.892808
TITLE_002768,Sharable exuding policy 2014,Special,Action,Paramount,2014,1370,0,2026-05-23T22:32:41.892813
TITLE_002769,Object-based neutral function 1996,Miniseries,Horror,Netflix Studios,1996,3886,0,2026-05-23T22:32:41.892818
TITLE_002770,Multi-channeled holistic workforce 2009,Movie,Horror,Sony,2009,108,0,2026-05-23T22:32:41.892822
TITLE_002771,Devolved dynamic superstructure 1992,Miniseries,Drama,Warner Bros,1992,3442,0,2026-05-23T22:32:41.892828
TITLE_002772,Open-architected dedicated emulation 1997,Documentary,Drama,Netflix Studios,1997,5461,0,2026-05-23T22:32:41.892833
TITLE_002773,De-engineered holistic benchmark 1981,Documentary,Action,Apple TV+,1981,3737,0,2026-05-23T22:32:41.892839
TITLE_002774,Multi-channeled system-worthy infrastructure 2009,Miniseries,Horror,Apple TV+,2009,1871,0,2026-05-23T22:32:41.892844
TITLE_002775,Object-based eco-centric benchmark 2025,Special,Animation,Universal,2025,550,0,2026-05-23T22:32:41.892849
TITLE_002776,Cross-platform high-level help-desk 1980,TV Series,Comedy,Paramount,1980,3895,7,2026-05-23T22:32:41.892855
TITLE_002777,Team-oriented stable emulation 1993,Movie,Comedy,Universal,1993,142,0,2026-05-23T22:32:41.892860
TITLE_002778,Object-based even-keeled collaboration 2025,Special,Horror,Disney,2025,5438,0,2026-05-23T22:32:41.892865
TITLE_002779,Pre-emptive web-enabled adapter 2017,Documentary,Action,Sony,2017,2176,0,2026-05-23T22:32:41.892871
TITLE_002780,Implemented asymmetric framework 1985,Special,Drama,Universal,1985,4770,0,2026-05-23T22:32:41.892876
TITLE_002781,Enhanced background focus group 2024,Documentary,Action,Warner Bros,2024,2398,0,2026-05-23T22:32:41.892882
TITLE_002782,Object-based multimedia website 2001,Movie,Thriller,Disney,2001,47,0,2026-05-23T22:32:41.892887
TITLE_002783,Inverse even-keeled access 1987,Miniseries,Sci-Fi,Netflix Studios,1987,4287,0,2026-05-23T22:32:41.892892
TITLE_002784,Centralized secondary strategy 2012,Documentary,Sci-Fi,Netflix Studios,2012,2623,0,2026-05-23T22:32:41.892897
TITLE_002785,Ergonomic bi-directional methodology 2015,Documentary,Horror,Warner Bros,2015,4251,0,2026-05-23T22:32:41.892904
TITLE_002786,Customizable motivating portal 1993,Miniseries,Drama,Disney,1993,1284,0,2026-05-23T22:32:41.892909
TITLE_002787,Streamlined even-keeled firmware 1988,Special,Sci-Fi,Sony,1988,829,0,2026-05-23T22:32:41.892914
TITLE_002788,Reduced human-resource adapter 2004,Documentary,Animation,Paramount,2004,2003,0,2026-05-23T22:32:41.892920
TITLE_002789,Triple-buffered systematic knowledgebase 2024,TV Series,Thriller,Apple TV+,2024,5423,1,2026-05-23T22:32:41.892926
TITLE_002790,Multi-lateral exuding product 1994,TV Series,Thriller,Apple TV+,1994,3457,8,2026-05-23T22:32:41.892934
TITLE_002791,Expanded asymmetric website 2013,Documentary,Sci-Fi,Apple TV+,2013,3512,0,2026-05-23T22:32:41.892940
TITLE_002792,Upgradable fault-tolerant secured line 1993,Special,Romance,Paramount,1993,1835,0,2026-05-23T22:32:41.892945
TITLE_002793,Advanced heuristic Graphical User Interface 1980,Documentary,Thriller,Netflix Studios,1980,2318,0,2026-05-23T22:32:41.892951
TITLE_002794,Multi-tiered radical support 2020,TV Series,Thriller,Warner Bros,2020,5868,4,2026-05-23T22:32:41.892960
TITLE_002795,Realigned incremental Graphic Interface 1997,Special,Animation,Disney,1997,2993,0,2026-05-23T22:32:41.892965
TITLE_002796,Extended demand-driven groupware 2015,Documentary,Comedy,Sony,2015,5668,0,2026-05-23T22:32:41.892970
TITLE_002797,De-engineered solution-oriented flexibility 1981,TV Series,Sci-Fi,Universal,1981,3018,1,2026-05-23T22:32:41.892975
TITLE_002798,Up-sized maximized hub 1993,TV Series,Thriller,Sony,1993,5746,3,2026-05-23T22:32:41.892980
TITLE_002799,De-engineered coherent capacity 1990,Movie,Thriller,Netflix Studios,1990,92,0,2026-05-23T22:32:41.892985
TITLE_002800,Optional directional frame 1982,Movie,Drama,Disney,1982,75,0,2026-05-23T22:32:41.892991
TITLE_002801,Optimized 24/7 Graphical User Interface 2001,TV Series,Action,Sony,2001,648,1,2026-05-23T22:32:41.892996
TITLE_002802,Integrated object-oriented customer loyalty 1992,Documentary,Horror,Paramount,1992,5295,0,2026-05-23T22:32:41.893001
TITLE_002803,Diverse reciprocal projection 1980,Special,Comedy,Netflix Studios,1980,4911,0,2026-05-23T22:32:41.893007
TITLE_002804,Streamlined motivating ability 2005,Miniseries,Thriller,Disney,2005,1166,0,2026-05-23T22:32:41.893012
TITLE_002805,Fully-configurable hybrid firmware 2001,Miniseries,Romance,Netflix Studios,2001,3758,0,2026-05-23T22:32:41.893018
TITLE_002806,Operative bandwidth-monitored monitoring 2025,Documentary,Sci-Fi,Paramount,2025,4850,0,2026-05-23T22:32:41.893024
TITLE_002807,Down-sized didactic help-desk 2006,Special,Horror,Paramount,2006,4604,0,2026-05-23T22:32:41.893029
TITLE_002808,Intuitive stable website 1992,Movie,Thriller,Sony,1992,89,0,2026-05-23T22:32:41.893034
TITLE_002809,Visionary intangible architecture 1981,Documentary,Animation,Universal,1981,1351,0,2026-05-23T22:32:41.893039
TITLE_002810,Assimilated tertiary frame 2024,Documentary,Romance,Warner Bros,2024,5888,0,2026-05-23T22:32:41.893045
TITLE_002811,Universal encompassing challenge 2018,Movie,Animation,Sony,2018,150,0,2026-05-23T22:32:41.893051
TITLE_002812,Assimilated real-time algorithm 2025,TV Series,Comedy,Warner Bros,2025,377,6,2026-05-23T22:32:41.893057
TITLE_002813,Grass-roots holistic superstructure 2022,Miniseries,Action,Warner Bros,2022,1034,0,2026-05-23T22:32:41.893061
TITLE_002814,Networked intangible benchmark 1995,Miniseries,Action,Netflix Studios,1995,3260,0,2026-05-23T22:32:41.893067
TITLE_002815,Compatible stable infrastructure 1991,TV Series,Sci-Fi,Warner Bros,1991,4934,1,2026-05-23T22:32:41.893072
TITLE_002816,Organized actuating capacity 2020,Special,Animation,Apple TV+,2020,4143,0,2026-05-23T22:32:41.893078
TITLE_002817,Customizable transitional open architecture 2005,Miniseries,Thriller,Universal,2005,386,0,2026-05-23T22:32:41.893084
TITLE_002818,Programmable empowering circuit 2020,Movie,Animation,Warner Bros,2020,179,0,2026-05-23T22:32:41.893089
TITLE_002819,Up-sized bandwidth-monitored leverage 1987,Miniseries,Comedy,Disney,1987,744,0,2026-05-23T22:32:41.893093
TITLE_002820,Down-sized bifurcated leverage 2016,Miniseries,Animation,Apple TV+,2016,1628,0,2026-05-23T22:32:41.893099
TITLE_002821,Compatible 6thgeneration parallelism 2008,Special,Comedy,Paramount,2008,4511,0,2026-05-23T22:32:41.893105
TITLE_002822,Configurable content-based knowledgebase 1993,Miniseries,Animation,Netflix Studios,1993,1027,0,2026-05-23T22:32:41.893110
TITLE_002823,Reactive upward-trending hub 1998,Special,Sci-Fi,Disney,1998,2949,0,2026-05-23T22:32:41.893115
TITLE_002824,Ergonomic didactic array 2008,Documentary,Sci-Fi,Sony,2008,3076,0,2026-05-23T22:32:41.893121
TITLE_002825,Exclusive hybrid circuit 1985,TV Series,Action,Netflix Studios,1985,1161,7,2026-05-23T22:32:41.893128
TITLE_002826,Cloned explicit application 2016,Documentary,Drama,Sony,2016,2791,0,2026-05-23T22:32:41.893135
TITLE_002827,Customer-focused grid-enabled artificial intelligence 2009,Miniseries,Animation,Sony,2009,4038,0,2026-05-23T22:32:41.893141
TITLE_002828,Right-sized demand-driven algorithm 1997,Miniseries,Drama,Paramount,1997,1811,0,2026-05-23T22:32:41.893147
TITLE_002829,Ameliorated responsive matrices 1989,Miniseries,Animation,Warner Bros,1989,5791,0,2026-05-23T22:32:41.893152
TITLE_002830,Cross-group actuating complexity 1997,TV Series,Animation,Universal,1997,4889,3,2026-05-23T22:32:41.893157
TITLE_002831,Phased secondary hierarchy 1997,Miniseries,Comedy,Disney,1997,1057,0,2026-05-23T22:32:41.893163
TITLE_002832,Switchable zero tolerance framework 2008,TV Series,Action,Paramount,2008,1148,3,2026-05-23T22:32:41.893169
TITLE_002833,Inverse real-time superstructure 2007,Miniseries,Comedy,Disney,2007,3084,0,2026-05-23T22:32:41.893174
TITLE_002834,Persistent tangible alliance 2022,Special,Sci-Fi,Netflix Studios,2022,811,0,2026-05-23T22:32:41.893180
TITLE_002835,Diverse responsive Graphical User Interface 2025,TV Series,Drama,Universal,2025,458,6,2026-05-23T22:32:41.893186
TITLE_002836,Versatile client-server budgetary management 2005,TV Series,Comedy,Paramount,2005,3506,7,2026-05-23T22:32:41.893192
TITLE_002837,Reduced bifurcated knowledgebase 2002,Special,Action,Netflix Studios,2002,3118,0,2026-05-23T22:32:41.893197
TITLE_002838,Proactive multi-tasking Internet solution 2020,Movie,Thriller,Universal,2020,76,0,2026-05-23T22:32:41.893205
TITLE_002839,Vision-oriented optimizing toolset 1989,Movie,Action,Apple TV+,1989,163,0,2026-05-23T22:32:41.893210
TITLE_002840,Optimized methodical algorithm 2023,Special,Action,Warner Bros,2023,3175,0,2026-05-23T22:32:41.893216
TITLE_002841,Versatile coherent circuit 2010,Special,Comedy,Disney,2010,1620,0,2026-05-23T22:32:41.893221
TITLE_002842,Reverse-engineered heuristic customer loyalty 2025,Special,Thriller,Netflix Studios,2025,4066,0,2026-05-23T22:32:41.893226
TITLE_002843,Expanded human-resource hub 2023,Documentary,Thriller,Paramount,2023,5329,0,2026-05-23T22:32:41.893232
TITLE_002844,Devolved composite moratorium 1982,Documentary,Romance,Paramount,1982,3903,0,2026-05-23T22:32:41.893239
TITLE_002845,Triple-buffered logistical hardware 1995,Special,Horror,Disney,1995,3814,0,2026-05-23T22:32:41.893244
TITLE_002846,Configurable global hub 1994,Special,Romance,Apple TV+,1994,2539,0,2026-05-23T22:32:41.893249
TITLE_002847,Open-architected actuating approach 2005,Movie,Animation,Disney,2005,85,0,2026-05-23T22:32:41.893254
TITLE_002848,Re-contextualized zero administration algorithm 2004,Special,Comedy,Universal,2004,4358,0,2026-05-23T22:32:41.893259
TITLE_002849,Face-to-face coherent open architecture 2007,TV Series,Drama,Disney,2007,5715,1,2026-05-23T22:32:41.893264
TITLE_002850,Re-contextualized systemic task-force 2002,Documentary,Action,Netflix Studios,2002,1826,0,2026-05-23T22:32:41.893270
TITLE_002851,Profit-focused hybrid attitude 2022,Movie,Romance,Disney,2022,108,0,2026-05-23T22:32:41.893275
TITLE_002852,Synergized user-facing emulation 2012,Documentary,Romance,Warner Bros,2012,1753,0,2026-05-23T22:32:41.893281
TITLE_002853,Public-key grid-enabled synergy 1985,Documentary,Comedy,Apple TV+,1985,2258,0,2026-05-23T22:32:41.893286
TITLE_002854,Open-source zero-defect hub 1994,TV Series,Drama,Warner Bros,1994,2276,7,2026-05-23T22:32:41.893292
TITLE_002855,Persevering user-facing matrices 1995,Special,Drama,Apple TV+,1995,3175,0,2026-05-23T22:32:41.893297
TITLE_002856,Organized fault-tolerant product 1998,Miniseries,Thriller,Sony,1998,3371,0,2026-05-23T22:32:41.893302
TITLE_002857,Ergonomic zero administration concept 1991,Documentary,Horror,Disney,1991,3224,0,2026-05-23T22:32:41.893307
TITLE_002858,Enhanced human-resource pricing structure 1991,TV Series,Romance,Apple TV+,1991,4217,4,2026-05-23T22:32:41.893313
TITLE_002859,Public-key attitude-oriented moratorium 1989,Movie,Drama,Paramount,1989,108,0,2026-05-23T22:32:41.893319
TITLE_002860,Assimilated bottom-line intranet 1984,Documentary,Drama,Disney,1984,4599,0,2026-05-23T22:32:41.893324
TITLE_002861,Ergonomic bi-directional process improvement 2023,Miniseries,Comedy,Warner Bros,2023,1024,0,2026-05-23T22:32:41.893330
TITLE_002862,Synergized responsive benchmark 1991,TV Series,Romance,Paramount,1991,623,4,2026-05-23T22:32:41.893334
TITLE_002863,Focused analyzing model 2004,TV Series,Romance,Sony,2004,5558,7,2026-05-23T22:32:41.893341
TITLE_002864,Front-line non-volatile structure 1987,TV Series,Animation,Sony,1987,945,4,2026-05-23T22:32:41.893347
TITLE_002865,Versatile 5thgeneration approach 2022,TV Series,Comedy,Netflix Studios,2022,5889,5,2026-05-23T22:32:41.893353
TITLE_002866,Implemented 3rdgeneration flexibility 2012,Miniseries,Romance,Apple TV+,2012,4135,0,2026-05-23T22:32:41.893358
TITLE_002867,Automated didactic archive 1984,Special,Horror,Apple TV+,1984,3117,0,2026-05-23T22:32:41.893364
TITLE_002868,Cross-platform interactive help-desk 2007,Miniseries,Thriller,Apple TV+,2007,4850,0,2026-05-23T22:32:41.893369
TITLE_002869,Re-engineered bi-directional conglomeration 2014,Documentary,Thriller,Warner Bros,2014,2891,0,2026-05-23T22:32:41.893374
TITLE_002870,Configurable heuristic project 2020,Special,Action,Paramount,2020,2858,0,2026-05-23T22:32:41.893379
TITLE_002871,Reverse-engineered actuating matrix 2021,Documentary,Thriller,Apple TV+,2021,3207,0,2026-05-23T22:32:41.893384
TITLE_002872,Fundamental heuristic service-desk 2017,Documentary,Horror,Warner Bros,2017,5050,0,2026-05-23T22:32:41.893389
TITLE_002873,Managed tertiary portal 2008,Special,Sci-Fi,Universal,2008,2284,0,2026-05-23T22:32:41.893394
TITLE_002874,Optional real-time budgetary management 2024,Special,Horror,Netflix Studios,2024,1207,0,2026-05-23T22:32:41.893399
TITLE_002875,Assimilated client-server data-warehouse 1995,Special,Comedy,Disney,1995,689,0,2026-05-23T22:32:41.893404
TITLE_002876,Enhanced stable migration 2009,Special,Horror,Paramount,2009,2975,0,2026-05-23T22:32:41.893408
TITLE_002877,Switchable systematic toolset 2025,Movie,Sci-Fi,Sony,2025,127,0,2026-05-23T22:32:41.893413
TITLE_002878,Monitored mobile benchmark 2018,Documentary,Romance,Warner Bros,2018,3069,0,2026-05-23T22:32:41.893418
TITLE_002879,User-centric responsive concept 2013,Miniseries,Romance,Sony,2013,413,0,2026-05-23T22:32:41.893423
TITLE_002880,Customizable eco-centric pricing structure 1987,Miniseries,Romance,Sony,1987,3312,0,2026-05-23T22:32:41.893430
TITLE_002881,Implemented system-worthy capacity 1984,Miniseries,Horror,Disney,1984,5385,0,2026-05-23T22:32:41.893434
TITLE_002882,Organic real-time concept 1981,Special,Thriller,Warner Bros,1981,4075,0,2026-05-23T22:32:41.893440
TITLE_002883,Stand-alone clear-thinking product 2023,Miniseries,Animation,Disney,2023,4637,0,2026-05-23T22:32:41.893446
TITLE_002884,Profound disintermediate orchestration 2023,Movie,Romance,Disney,2023,114,0,2026-05-23T22:32:41.893451
TITLE_002885,Customizable heuristic moratorium 2002,Miniseries,Thriller,Paramount,2002,1595,0,2026-05-23T22:32:41.893456
TITLE_002886,Focused grid-enabled moratorium 2010,Special,Action,Paramount,2010,2275,0,2026-05-23T22:32:41.893461
TITLE_002887,Enhanced human-resource application 2014,Documentary,Sci-Fi,Universal,2014,2066,0,2026-05-23T22:32:41.893467
TITLE_002888,Fully-configurable 5thgeneration workforce 2009,Documentary,Thriller,Sony,2009,3191,0,2026-05-23T22:32:41.893472
TITLE_002889,Switchable full-range intranet 2020,Special,Sci-Fi,Universal,2020,3962,0,2026-05-23T22:32:41.893477
TITLE_002890,Grass-roots scalable website 1980,Miniseries,Action,Netflix Studios,1980,4839,0,2026-05-23T22:32:41.893484
TITLE_002891,Face-to-face contextually-based concept 1989,Movie,Action,Apple TV+,1989,102,0,2026-05-23T22:32:41.893489
TITLE_002892,Integrated exuding methodology 2003,TV Series,Drama,Netflix Studios,2003,301,8,2026-05-23T22:32:41.893495
TITLE_002893,Down-sized explicit capacity 2023,Documentary,Drama,Netflix Studios,2023,4633,0,2026-05-23T22:32:41.893501
TITLE_002894,Reduced 24/7 synergy 2001,Miniseries,Romance,Universal,2001,4304,0,2026-05-23T22:32:41.893506
TITLE_002895,Total bandwidth-monitored software 1992,Miniseries,Comedy,Apple TV+,1992,3674,0,2026-05-23T22:32:41.893511
TITLE_002896,Cross-platform disintermediate definition 1984,Special,Animation,Universal,1984,1773,0,2026-05-23T22:32:41.893517
TITLE_002897,Quality-focused composite system engine 1994,Special,Sci-Fi,Sony,1994,997,0,2026-05-23T22:32:41.893522
TITLE_002898,Expanded impactful approach 1987,Movie,Thriller,Paramount,1987,120,0,2026-05-23T22:32:41.893528
TITLE_002899,Assimilated logistical approach 2008,Documentary,Comedy,Disney,2008,1623,0,2026-05-23T22:32:41.893533
TITLE_002900,Upgradable reciprocal matrix 1996,Documentary,Animation,Universal,1996,5614,0,2026-05-23T22:32:41.893538
TITLE_002901,Upgradable hybrid ability 2022,Special,Drama,Warner Bros,2022,5519,0,2026-05-23T22:32:41.893543
TITLE_002902,Configurable non-volatile portal 2000,Movie,Horror,Sony,2000,151,0,2026-05-23T22:32:41.893549
TITLE_002903,Inverse regional middleware 1999,Miniseries,Drama,Apple TV+,1999,4098,0,2026-05-23T22:32:41.893555
TITLE_002904,De-engineered client-driven implementation 2011,Miniseries,Romance,Sony,2011,845,0,2026-05-23T22:32:41.893562
TITLE_002905,Ameliorated 5thgeneration project 2007,Documentary,Horror,Universal,2007,3458,0,2026-05-23T22:32:41.893567
TITLE_002906,Fundamental incremental data-warehouse 2011,Special,Action,Netflix Studios,2011,3331,0,2026-05-23T22:32:41.893572
TITLE_002907,Integrated fresh-thinking emulation 1995,Special,Thriller,Warner Bros,1995,2468,0,2026-05-23T22:32:41.893578
TITLE_002908,Right-sized multi-state circuit 2005,TV Series,Drama,Universal,2005,3282,8,2026-05-23T22:32:41.893584
TITLE_002909,Optional neutral product 2016,Documentary,Comedy,Apple TV+,2016,4948,0,2026-05-23T22:32:41.893590
TITLE_002910,Decentralized local benchmark 1994,Movie,Action,Apple TV+,1994,112,0,2026-05-23T22:32:41.893594
TITLE_002911,Versatile bi-directional projection 2020,Miniseries,Thriller,Apple TV+,2020,2297,0,2026-05-23T22:32:41.893600
TITLE_002912,Operative 24/7 throughput 2024,TV Series,Romance,Apple TV+,2024,4074,5,2026-05-23T22:32:41.893605
TITLE_002913,Front-line 24hour protocol 1986,Special,Romance,Warner Bros,1986,4307,0,2026-05-23T22:32:41.893611
TITLE_002914,Ergonomic tangible data-warehouse 2007,Special,Thriller,Disney,2007,5136,0,2026-05-23T22:32:41.893616
TITLE_002915,Reverse-engineered bandwidth-monitored groupware 1996,Movie,Horror,Paramount,1996,179,0,2026-05-23T22:32:41.893621
TITLE_002916,Centralized composite budgetary management 2008,Special,Animation,Disney,2008,2731,0,2026-05-23T22:32:41.893626
TITLE_002917,Optional dynamic function 1993,Special,Drama,Warner Bros,1993,5282,0,2026-05-23T22:32:41.893631
TITLE_002918,Right-sized analyzing matrices 1997,Documentary,Animation,Apple TV+,1997,1770,0,2026-05-23T22:32:41.893636
TITLE_002919,Business-focused asymmetric Graphical User Interface 1996,TV Series,Animation,Sony,1996,4699,2,2026-05-23T22:32:41.893642
TITLE_002920,Upgradable intermediate open system 1985,TV Series,Sci-Fi,Paramount,1985,2332,2,2026-05-23T22:32:41.893648
TITLE_002921,Quality-focused solution-oriented functionalities 2003,Documentary,Romance,Apple TV+,2003,4604,0,2026-05-23T22:32:41.893654
TITLE_002922,Open-source multi-tasking knowledgebase 2003,Miniseries,Drama,Disney,2003,1611,0,2026-05-23T22:32:41.893661
TITLE_002923,Centralized intangible workforce 2003,TV Series,Sci-Fi,Universal,2003,1042,6,2026-05-23T22:32:41.893666
TITLE_002924,Compatible actuating protocol 1984,TV Series,Horror,Warner Bros,1984,3961,1,2026-05-23T22:32:41.893672
TITLE_002925,Front-line background encryption 2016,Special,Romance,Apple TV+,2016,4300,0,2026-05-23T22:32:41.893677
TITLE_002926,Focused systemic strategy 1987,Movie,Comedy,Netflix Studios,1987,59,0,2026-05-23T22:32:41.893684
TITLE_002927,Triple-buffered holistic service-desk 1998,TV Series,Romance,Apple TV+,1998,755,4,2026-05-23T22:32:41.893690
TITLE_002928,Digitized exuding array 1987,Documentary,Romance,Netflix Studios,1987,3354,0,2026-05-23T22:32:41.893696
TITLE_002929,Balanced homogeneous policy 2000,Miniseries,Drama,Disney,2000,5675,0,2026-05-23T22:32:41.893701
TITLE_002930,Front-line composite product 2024,Documentary,Romance,Sony,2024,1941,0,2026-05-23T22:32:41.893706
TITLE_002931,Open-source eco-centric adapter 2021,Documentary,Romance,Warner Bros,2021,1004,0,2026-05-23T22:32:41.893711
TITLE_002932,Progressive optimal frame 1986,Special,Horror,Netflix Studios,1986,5939,0,2026-05-23T22:32:41.893716
TITLE_002933,Proactive bi-directional info-mediaries 1989,Special,Thriller,Paramount,1989,1828,0,2026-05-23T22:32:41.893721
TITLE_002934,Public-key intangible ability 2019,Documentary,Sci-Fi,Universal,2019,3092,0,2026-05-23T22:32:41.893726
TITLE_002935,Operative systematic database 1988,TV Series,Action,Sony,1988,3238,1,2026-05-23T22:32:41.893731
TITLE_002936,Adaptive regional website 1995,Miniseries,Action,Warner Bros,1995,2183,0,2026-05-23T22:32:41.893736
TITLE_002937,Robust empowering Internet solution 2006,Documentary,Sci-Fi,Warner Bros,2006,1036,0,2026-05-23T22:32:41.893742
TITLE_002938,Realigned foreground product 2016,Documentary,Animation,Apple TV+,2016,2903,0,2026-05-23T22:32:41.893747
TITLE_002939,Optional intangible protocol 1995,Documentary,Action,Universal,1995,5789,0,2026-05-23T22:32:41.893752
TITLE_002940,Reduced 24/7 projection 1990,Documentary,Action,Apple TV+,1990,4971,0,2026-05-23T22:32:41.893758
TITLE_002941,Versatile context-sensitive application 2004,Movie,Action,Universal,2004,54,0,2026-05-23T22:32:41.893765
TITLE_002942,Persevering 3rdgeneration toolset 2001,Miniseries,Action,Warner Bros,2001,4624,0,2026-05-23T22:32:41.893770
TITLE_002943,Stand-alone exuding artificial intelligence 2001,TV Series,Drama,Netflix Studios,2001,3402,1,2026-05-23T22:32:41.893776
TITLE_002944,Cross-group secondary extranet 2008,Special,Sci-Fi,Apple TV+,2008,3469,0,2026-05-23T22:32:41.893781
TITLE_002945,Function-based multi-tasking access 2016,Documentary,Action,Paramount,2016,5836,0,2026-05-23T22:32:41.893786
TITLE_002946,Upgradable methodical focus group 2003,TV Series,Comedy,Sony,2003,2179,6,2026-05-23T22:32:41.893791
TITLE_002947,Optional needs-based paradigm 2001,Miniseries,Action,Apple TV+,2001,4963,0,2026-05-23T22:32:41.893797
TITLE_002948,Stand-alone neutral knowledge user 2025,Documentary,Romance,Disney,2025,5936,0,2026-05-23T22:32:41.893802
TITLE_002949,Multi-channeled multimedia middleware 2014,Miniseries,Sci-Fi,Paramount,2014,2965,0,2026-05-23T22:32:41.893807
TITLE_002950,Operative even-keeled Graphical User Interface 1981,Special,Romance,Netflix Studios,1981,3250,0,2026-05-23T22:32:41.893812
TITLE_002951,Sharable contextually-based implementation 2021,Miniseries,Action,Universal,2021,5835,0,2026-05-23T22:32:41.893817
TITLE_002952,Function-based 4thgeneration hierarchy 2010,Documentary,Animation,Universal,2010,2054,0,2026-05-23T22:32:41.893822
TITLE_002953,User-friendly tangible throughput 1985,Movie,Sci-Fi,Apple TV+,1985,178,0,2026-05-23T22:32:41.893829
TITLE_002954,Versatile cohesive definition 2001,TV Series,Thriller,Sony,2001,3095,1,2026-05-23T22:32:41.893835
TITLE_002955,De-engineered 3rdgeneration intranet 1998,Miniseries,Animation,Netflix Studios,1998,2940,0,2026-05-23T22:32:41.893841
TITLE_002956,Fundamental multi-tasking help-desk 2004,Movie,Thriller,Netflix Studios,2004,108,0,2026-05-23T22:32:41.893846
TITLE_002957,Monitored attitude-oriented archive 2009,Movie,Thriller,Paramount,2009,102,0,2026-05-23T22:32:41.893852
TITLE_002958,Phased impactful open system 2009,Documentary,Animation,Apple TV+,2009,1211,0,2026-05-23T22:32:41.893857
TITLE_002959,Multi-tiered zero administration framework 2019,Movie,Thriller,Warner Bros,2019,157,0,2026-05-23T22:32:41.893863
TITLE_002960,Organized next generation matrices 2004,Miniseries,Sci-Fi,Netflix Studios,2004,5666,0,2026-05-23T22:32:41.893869
TITLE_002961,Switchable global model 2012,Miniseries,Drama,Warner Bros,2012,5902,0,2026-05-23T22:32:41.893876
TITLE_002962,Quality-focused reciprocal knowledge user 1998,Documentary,Horror,Sony,1998,3753,0,2026-05-23T22:32:41.893882
TITLE_002963,Switchable homogeneous open architecture 1993,Special,Romance,Paramount,1993,5198,0,2026-05-23T22:32:41.893887
TITLE_002964,Future-proofed well-modulated secured line 2015,Movie,Action,Universal,2015,161,0,2026-05-23T22:32:41.893893
TITLE_002965,Up-sized secondary parallelism 1986,Miniseries,Sci-Fi,Apple TV+,1986,720,0,2026-05-23T22:32:41.893897
TITLE_002966,Open-source leadingedge firmware 2011,Miniseries,Action,Sony,2011,3478,0,2026-05-23T22:32:41.893903
TITLE_002967,Devolved reciprocal access 2014,Documentary,Horror,Paramount,2014,5179,0,2026-05-23T22:32:41.893908
TITLE_002968,Progressive well-modulated task-force 1992,Movie,Animation,Sony,1992,58,0,2026-05-23T22:32:41.893913
TITLE_002969,Monitored even-keeled flexibility 2023,Movie,Thriller,Netflix Studios,2023,160,0,2026-05-23T22:32:41.893918
TITLE_002970,Re-engineered heuristic database 2003,Movie,Romance,Apple TV+,2003,180,0,2026-05-23T22:32:41.893924
TITLE_002971,Advanced systematic encoding 2001,TV Series,Romance,Universal,2001,2392,4,2026-05-23T22:32:41.893930
TITLE_002972,Optimized executive model 1987,Special,Drama,Sony,1987,2027,0,2026-05-23T22:32:41.893935
TITLE_002973,Synergistic 6thgeneration protocol 1985,Movie,Animation,Netflix Studios,1985,133,0,2026-05-23T22:32:41.893940
TITLE_002974,Profit-focused multi-tasking superstructure 2000,Movie,Animation,Netflix Studios,2000,55,0,2026-05-23T22:32:41.893946
TITLE_002975,Reduced mobile migration 2019,TV Series,Animation,Netflix Studios,2019,2994,4,2026-05-23T22:32:41.893951
TITLE_002976,Face-to-face discrete customer loyalty 2014,Miniseries,Horror,Netflix Studios,2014,4154,0,2026-05-23T22:32:41.893957
TITLE_002977,Function-based 24hour task-force 1997,Documentary,Drama,Sony,1997,2936,0,2026-05-23T22:32:41.893962
TITLE_002978,Optional disintermediate task-force 2014,Special,Thriller,Sony,2014,5938,0,2026-05-23T22:32:41.893967
TITLE_002979,Versatile disintermediate customer loyalty 1984,Miniseries,Action,Paramount,1984,1974,0,2026-05-23T22:32:41.893973
TITLE_002980,Sharable cohesive installation 2017,Special,Comedy,Apple TV+,2017,1307,0,2026-05-23T22:32:41.893980
TITLE_002981,Automated contextually-based time-frame 1994,Miniseries,Thriller,Disney,1994,1021,0,2026-05-23T22:32:41.893985
TITLE_002982,Front-line logistical software 1991,Special,Animation,Netflix Studios,1991,5114,0,2026-05-23T22:32:41.893991
TITLE_002983,Reduced user-facing Local Area Network 2005,Documentary,Romance,Netflix Studios,2005,2377,0,2026-05-23T22:32:41.894012
TITLE_002984,Centralized dynamic array 2018,Special,Drama,Sony,2018,335,0,2026-05-23T22:32:41.894019
TITLE_002985,Intuitive asynchronous application 2010,Special,Comedy,Sony,2010,1911,0,2026-05-23T22:32:41.894026
TITLE_002986,Cross-group clear-thinking product 1998,TV Series,Comedy,Warner Bros,1998,3688,2,2026-05-23T22:32:41.894032
TITLE_002987,Team-oriented grid-enabled migration 1991,Documentary,Drama,Netflix Studios,1991,2242,0,2026-05-23T22:32:41.894038
TITLE_002988,Reverse-engineered intangible paradigm 2023,Documentary,Drama,Apple TV+,2023,3259,0,2026-05-23T22:32:41.894044
TITLE_002989,Stand-alone regional neural-net 2001,Documentary,Drama,Disney,2001,1668,0,2026-05-23T22:32:41.894049
TITLE_002990,Total attitude-oriented paradigm 2000,Miniseries,Horror,Sony,2000,5833,0,2026-05-23T22:32:41.894055
TITLE_002991,Down-sized disintermediate knowledge user 2002,Special,Action,Warner Bros,2002,5478,0,2026-05-23T22:32:41.894060
TITLE_002992,Optimized 5thgeneration solution 1993,TV Series,Thriller,Paramount,1993,392,8,2026-05-23T22:32:41.894065
TITLE_002993,Function-based scalable infrastructure 1987,TV Series,Action,Warner Bros,1987,4876,2,2026-05-23T22:32:41.894070
TITLE_002994,Sharable solution-oriented workforce 2006,Special,Drama,Paramount,2006,553,0,2026-05-23T22:32:41.894075
TITLE_002995,Upgradable high-level concept 1992,Miniseries,Romance,Apple TV+,1992,804,0,2026-05-23T22:32:41.894080
TITLE_002996,Programmable methodical project 2016,Documentary,Thriller,Apple TV+,2016,5643,0,2026-05-23T22:32:41.894088
TITLE_002997,Mandatory next generation model 2000,Movie,Drama,Universal,2000,62,0,2026-05-23T22:32:41.894094
TITLE_002998,Open-architected asymmetric function 2005,TV Series,Action,Paramount,2005,474,4,2026-05-23T22:32:41.894100
TITLE_002999,Right-sized intangible leverage 2023,Miniseries,Sci-Fi,Warner Bros,2023,5859,0,2026-05-23T22:32:41.894105
TITLE_003000,Synergistic real-time Internet solution 1999,Movie,Animation,Apple TV+,1999,45,0,2026-05-23T22:32:41.894112
TITLE_003001,Grass-roots tertiary productivity 2023,Special,Drama,Apple TV+,2023,5088,0,2026-05-23T22:32:41.894117
TITLE_003002,Polarized 24hour solution 1995,TV Series,Romance,Paramount,1995,5914,7,2026-05-23T22:32:41.894123
TITLE_003003,Fundamental homogeneous circuit 1992,TV Series,Animation,Disney,1992,1119,4,2026-05-23T22:32:41.894128
TITLE_003004,Monitored grid-enabled archive 1990,Miniseries,Animation,Universal,1990,5012,0,2026-05-23T22:32:41.894134
TITLE_003005,Grass-roots neutral software 2023,Movie,Thriller,Sony,2023,82,0,2026-05-23T22:32:41.894139
TITLE_003006,Optimized user-facing initiative 1984,Special,Comedy,Sony,1984,5042,0,2026-05-23T22:32:41.894144
TITLE_003007,Sharable hybrid matrix 2005,Movie,Animation,Netflix Studios,2005,125,0,2026-05-23T22:32:41.894149
TITLE_003008,Pre-emptive user-facing concept 2021,Special,Animation,Sony,2021,5179,0,2026-05-23T22:32:41.894155
TITLE_003009,Advanced high-level leverage 1988,TV Series,Drama,Sony,1988,5538,5,2026-05-23T22:32:41.894160
TITLE_003010,Front-line 3rdgeneration encoding 2020,Documentary,Animation,Warner Bros,2020,5892,0,2026-05-23T22:32:41.894167
TITLE_003011,Reduced 3rdgeneration knowledgebase 1981,Special,Comedy,Universal,1981,3319,0,2026-05-23T22:32:41.894173
TITLE_003012,De-engineered local concept 1999,Movie,Action,Netflix Studios,1999,180,0,2026-05-23T22:32:41.894178
TITLE_003013,Customizable bifurcated encryption 2000,Special,Action,Apple TV+,2000,878,0,2026-05-23T22:32:41.894183
TITLE_003014,Re-contextualized heuristic initiative 2006,Special,Action,Disney,2006,5194,0,2026-05-23T22:32:41.894188
TITLE_003015,Organized demand-driven pricing structure 1989,Documentary,Thriller,Netflix Studios,1989,578,0,2026-05-23T22:32:41.894193
TITLE_003016,Enterprise-wide value-added infrastructure 2015,Miniseries,Comedy,Warner Bros,2015,519,0,2026-05-23T22:32:41.894200
TITLE_003017,Progressive global parallelism 2014,Movie,Romance,Disney,2014,159,0,2026-05-23T22:32:41.894207
TITLE_003018,Quality-focused methodical open architecture 2017,Documentary,Drama,Paramount,2017,1221,0,2026-05-23T22:32:41.894212
TITLE_003019,Realigned web-enabled moratorium 2022,Special,Sci-Fi,Sony,2022,5632,0,2026-05-23T22:32:41.894218
TITLE_003020,Team-oriented asynchronous emulation 2007,Documentary,Romance,Warner Bros,2007,3985,0,2026-05-23T22:32:41.894224
TITLE_003021,Progressive object-oriented leverage 2012,Miniseries,Horror,Paramount,2012,1553,0,2026-05-23T22:32:41.894229
TITLE_003022,Synergized fault-tolerant attitude 2005,Movie,Action,Universal,2005,174,0,2026-05-23T22:32:41.894234
TITLE_003023,Reactive interactive hardware 1984,Documentary,Thriller,Apple TV+,1984,1520,0,2026-05-23T22:32:41.894239
TITLE_003024,Focused modular orchestration 1986,Documentary,Action,Warner Bros,1986,5758,0,2026-05-23T22:32:41.894244
TITLE_003025,Organic multi-state productivity 1981,TV Series,Drama,Universal,1981,5054,8,2026-05-23T22:32:41.894250
TITLE_003026,Ameliorated asynchronous protocol 1983,Documentary,Horror,Paramount,1983,1119,0,2026-05-23T22:32:41.894256
TITLE_003027,Future-proofed bi-directional focus group 2019,TV Series,Romance,Disney,2019,4711,7,2026-05-23T22:32:41.894262
TITLE_003028,Cross-group client-driven firmware 2025,Miniseries,Thriller,Netflix Studios,2025,5475,0,2026-05-23T22:32:41.894267
TITLE_003029,Sharable intermediate array 1987,Documentary,Thriller,Apple TV+,1987,5739,0,2026-05-23T22:32:41.894273
TITLE_003030,Diverse 6thgeneration array 2025,Movie,Action,Disney,2025,105,0,2026-05-23T22:32:41.894278
TITLE_003031,Quality-focused leadingedge contingency 1995,Documentary,Horror,Universal,1995,1754,0,2026-05-23T22:32:41.894284
TITLE_003032,Synergistic neutral matrix 2006,TV Series,Thriller,Netflix Studios,2006,3667,7,2026-05-23T22:32:41.894289
TITLE_003033,Secured reciprocal structure 1994,Special,Drama,Disney,1994,1022,0,2026-05-23T22:32:41.894294
TITLE_003034,Monitored global forecast 2015,Movie,Horror,Paramount,2015,101,0,2026-05-23T22:32:41.894300
TITLE_003035,Stand-alone clear-thinking hub 1998,Movie,Drama,Warner Bros,1998,118,0,2026-05-23T22:32:41.894306
TITLE_003036,Advanced cohesive policy 1997,TV Series,Sci-Fi,Netflix Studios,1997,547,7,2026-05-23T22:32:41.894312
TITLE_003037,Multi-channeled explicit product 2012,Special,Drama,Netflix Studios,2012,4367,0,2026-05-23T22:32:41.894318
TITLE_003038,Stand-alone asynchronous flexibility 1993,Movie,Action,Universal,1993,66,0,2026-05-23T22:32:41.894324
TITLE_003039,Visionary 4thgeneration capacity 2021,Documentary,Sci-Fi,Netflix Studios,2021,2058,0,2026-05-23T22:32:41.894330
TITLE_003040,Synergistic scalable hub 1995,TV Series,Sci-Fi,Universal,1995,479,3,2026-05-23T22:32:41.894336
TITLE_003041,Centralized even-keeled methodology 2016,TV Series,Animation,Netflix Studios,2016,5113,7,2026-05-23T22:32:41.894342
TITLE_003042,Mandatory client-server middleware 2008,Documentary,Drama,Sony,2008,3753,0,2026-05-23T22:32:41.894346
TITLE_003043,Reverse-engineered content-based database 2012,TV Series,Action,Sony,2012,5083,2,2026-05-23T22:32:41.894352
TITLE_003044,Universal background access 2002,Special,Comedy,Apple TV+,2002,2754,0,2026-05-23T22:32:41.894357
TITLE_003045,Cross-group grid-enabled task-force 1984,Miniseries,Action,Paramount,1984,4791,0,2026-05-23T22:32:41.894363
TITLE_003046,Enterprise-wide asynchronous model 2001,TV Series,Animation,Apple TV+,2001,5639,6,2026-05-23T22:32:41.894369
TITLE_003047,Universal upward-trending success 1990,Special,Drama,Paramount,1990,1295,0,2026-05-23T22:32:41.894374
TITLE_003048,Centralized secondary standardization 2012,Special,Romance,Apple TV+,2012,3594,0,2026-05-23T22:32:41.894379
TITLE_003049,Assimilated national infrastructure 2007,Movie,Sci-Fi,Warner Bros,2007,45,0,2026-05-23T22:32:41.894386
TITLE_003050,Re-engineered value-added project 1984,Documentary,Action,Apple TV+,1984,4628,0,2026-05-23T22:32:41.894391
TITLE_003051,Versatile asynchronous database 1992,TV Series,Romance,Universal,1992,3784,6,2026-05-23T22:32:41.894397
TITLE_003052,De-engineered system-worthy middleware 1984,Special,Sci-Fi,Disney,1984,816,0,2026-05-23T22:32:41.894402
TITLE_003053,Up-sized 5thgeneration middleware 2019,Documentary,Drama,Paramount,2019,3052,0,2026-05-23T22:32:41.894408
TITLE_003054,Innovative background monitoring 2012,Documentary,Horror,Universal,2012,5189,0,2026-05-23T22:32:41.894414
TITLE_003055,Ameliorated eco-centric software 1987,Movie,Drama,Disney,1987,170,0,2026-05-23T22:32:41.894419
TITLE_003056,Triple-buffered clear-thinking support 1990,Documentary,Comedy,Warner Bros,1990,1713,0,2026-05-23T22:32:41.894424
TITLE_003057,Total multimedia leverage 1987,TV Series,Drama,Apple TV+,1987,5390,7,2026-05-23T22:32:41.894429
TITLE_003058,Ergonomic radical product 2008,Documentary,Animation,Apple TV+,2008,2762,0,2026-05-23T22:32:41.894436
TITLE_003059,Integrated homogeneous array 1997,Special,Action,Sony,1997,898,0,2026-05-23T22:32:41.894441
TITLE_003060,Re-engineered methodical system engine 2014,Miniseries,Animation,Universal,2014,3849,0,2026-05-23T22:32:41.894447
TITLE_003061,Pre-emptive transitional website 2018,Movie,Horror,Universal,2018,63,0,2026-05-23T22:32:41.894453
TITLE_003062,Down-sized responsive software 1980,TV Series,Drama,Disney,1980,1864,6,2026-05-23T22:32:41.894460
TITLE_003063,Centralized systematic concept 2013,Documentary,Drama,Netflix Studios,2013,3679,0,2026-05-23T22:32:41.894466
TITLE_003064,Public-key web-enabled instruction set 2012,Documentary,Horror,Sony,2012,4483,0,2026-05-23T22:32:41.894471
TITLE_003065,Right-sized zero administration frame 1997,Special,Sci-Fi,Sony,1997,680,0,2026-05-23T22:32:41.894477
TITLE_003066,Total foreground algorithm 2007,Documentary,Thriller,Disney,2007,4142,0,2026-05-23T22:32:41.894483
TITLE_003067,Inverse exuding monitoring 2019,Miniseries,Thriller,Disney,2019,3057,0,2026-05-23T22:32:41.894489
TITLE_003068,Centralized non-volatile open system 2001,Movie,Comedy,Netflix Studios,2001,150,0,2026-05-23T22:32:41.894496
TITLE_003069,Re-engineered attitude-oriented portal 2004,Movie,Romance,Warner Bros,2004,163,0,2026-05-23T22:32:41.894503
TITLE_003070,Face-to-face client-server middleware 1994,Special,Romance,Paramount,1994,2074,0,2026-05-23T22:32:41.894508
TITLE_003071,Digitized real-time time-frame 2016,TV Series,Comedy,Netflix Studios,2016,2350,8,2026-05-23T22:32:41.894514
TITLE_003072,Automated reciprocal Graphic Interface 2007,Miniseries,Sci-Fi,Sony,2007,5905,0,2026-05-23T22:32:41.894519
TITLE_003073,Cross-group multi-state service-desk 1993,Special,Sci-Fi,Universal,1993,511,0,2026-05-23T22:32:41.894525
TITLE_003074,Reverse-engineered user-facing leverage 2004,TV Series,Sci-Fi,Netflix Studios,2004,2015,3,2026-05-23T22:32:41.894530
TITLE_003075,Upgradable cohesive structure 1996,Miniseries,Thriller,Apple TV+,1996,2466,0,2026-05-23T22:32:41.894535
TITLE_003076,Synchronized exuding frame 1985,Miniseries,Animation,Universal,1985,1507,0,2026-05-23T22:32:41.894539
TITLE_003077,Cross-group well-modulated strategy 1985,Documentary,Action,Universal,1985,3378,0,2026-05-23T22:32:41.894544
TITLE_003078,Business-focused foreground solution 2016,TV Series,Drama,Disney,2016,4307,7,2026-05-23T22:32:41.894551
TITLE_003079,Programmable coherent approach 1980,Movie,Thriller,Disney,1980,133,0,2026-05-23T22:32:41.894557
TITLE_003080,Multi-tiered leadingedge collaboration 2007,Movie,Romance,Warner Bros,2007,144,0,2026-05-23T22:32:41.894562
TITLE_003081,Balanced modular system engine 1991,Documentary,Animation,Apple TV+,1991,4765,0,2026-05-23T22:32:41.894569
TITLE_003082,Diverse client-server capability 1994,Miniseries,Drama,Disney,1994,5925,0,2026-05-23T22:32:41.894574
TITLE_003083,Profit-focused systemic collaboration 2024,Miniseries,Thriller,Paramount,2024,563,0,2026-05-23T22:32:41.894579
TITLE_003084,Cross-group clear-thinking groupware 2014,Documentary,Drama,Sony,2014,1514,0,2026-05-23T22:32:41.894584
TITLE_003085,Sharable zero administration neural-net 2012,TV Series,Sci-Fi,Warner Bros,2012,5186,6,2026-05-23T22:32:41.894589
TITLE_003086,Inverse object-oriented methodology 2024,Documentary,Romance,Universal,2024,3696,0,2026-05-23T22:32:41.894595
TITLE_003087,Advanced neutral emulation 2016,Miniseries,Comedy,Netflix Studios,2016,3867,0,2026-05-23T22:32:41.894600
TITLE_003088,Enterprise-wide user-facing task-force 2001,Documentary,Animation,Universal,2001,3597,0,2026-05-23T22:32:41.894605
TITLE_003089,Persistent zero-defect infrastructure 2006,Miniseries,Drama,Netflix Studios,2006,4503,0,2026-05-23T22:32:41.894610
TITLE_003090,Adaptive holistic throughput 2001,TV Series,Romance,Universal,2001,3006,6,2026-05-23T22:32:41.894615
TITLE_003091,Realigned incremental success 2018,Documentary,Animation,Netflix Studios,2018,5269,0,2026-05-23T22:32:41.894620
TITLE_003092,User-friendly holistic capability 2022,Special,Thriller,Netflix Studios,2022,3080,0,2026-05-23T22:32:41.894625
TITLE_003093,Re-engineered zero tolerance utilization 2010,Documentary,Sci-Fi,Sony,2010,1423,0,2026-05-23T22:32:41.894630
TITLE_003094,Extended human-resource collaboration 1995,Miniseries,Thriller,Apple TV+,1995,3168,0,2026-05-23T22:32:41.894635
TITLE_003095,Diverse discrete archive 2022,TV Series,Action,Apple TV+,2022,5623,6,2026-05-23T22:32:41.894640
TITLE_003096,Streamlined actuating standardization 2021,TV Series,Comedy,Disney,2021,1895,6,2026-05-23T22:32:41.894645
TITLE_003097,Business-focused tangible website 1980,Documentary,Horror,Paramount,1980,538,0,2026-05-23T22:32:41.894651
TITLE_003098,Innovative analyzing neural-net 1994,Miniseries,Animation,Universal,1994,3088,0,2026-05-23T22:32:41.894656
TITLE_003099,Stand-alone context-sensitive support 1990,TV Series,Action,Universal,1990,4203,8,2026-05-23T22:32:41.894662
TITLE_003100,Advanced even-keeled functionalities 2020,Special,Comedy,Netflix Studios,2020,4155,0,2026-05-23T22:32:41.894667
TITLE_003101,Front-line responsive definition 2018,Movie,Romance,Paramount,2018,107,0,2026-05-23T22:32:41.894672
TITLE_003102,Face-to-face content-based infrastructure 2015,Movie,Action,Sony,2015,171,0,2026-05-23T22:32:41.894678
TITLE_003103,Balanced local emulation 1997,Documentary,Action,Paramount,1997,685,0,2026-05-23T22:32:41.894683
TITLE_003104,Operative multi-state access 1990,Movie,Animation,Warner Bros,1990,77,0,2026-05-23T22:32:41.894689
TITLE_003105,Diverse empowering moderator 2015,Documentary,Romance,Paramount,2015,1032,0,2026-05-23T22:32:41.894695
TITLE_003106,Inverse impactful customer loyalty 1981,Miniseries,Thriller,Apple TV+,1981,4216,0,2026-05-23T22:32:41.894701
TITLE_003107,Multi-channeled 24/7 capacity 2012,TV Series,Animation,Warner Bros,2012,2387,7,2026-05-23T22:32:41.894707
TITLE_003108,Assimilated coherent model 2017,Special,Comedy,Disney,2017,2350,0,2026-05-23T22:32:41.894713
TITLE_003109,Reactive analyzing algorithm 1981,Miniseries,Horror,Universal,1981,4057,0,2026-05-23T22:32:41.894718
TITLE_003110,Assimilated secondary approach 2017,Documentary,Action,Sony,2017,3266,0,2026-05-23T22:32:41.894724
TITLE_003111,Secured neutral project 2013,Documentary,Comedy,Universal,2013,5924,0,2026-05-23T22:32:41.894729
TITLE_003112,Quality-focused 24hour frame 2018,TV Series,Thriller,Paramount,2018,2431,8,2026-05-23T22:32:41.894735
TITLE_003113,Enhanced transitional utilization 1990,Special,Sci-Fi,Sony,1990,4693,0,2026-05-23T22:32:41.894741
TITLE_003114,Future-proofed composite customer loyalty 2004,Special,Animation,Warner Bros,2004,4318,0,2026-05-23T22:32:41.894746
TITLE_003115,Automated web-enabled Internet solution 2022,Movie,Thriller,Netflix Studios,2022,102,0,2026-05-23T22:32:41.894751
TITLE_003116,Profound composite model 2011,Movie,Sci-Fi,Universal,2011,50,0,2026-05-23T22:32:41.894757
TITLE_003117,Triple-buffered mission-critical support 2008,Special,Drama,Paramount,2008,5780,0,2026-05-23T22:32:41.894763
TITLE_003118,Self-enabling tangible Local Area Network 2014,TV Series,Romance,Universal,2014,4559,8,2026-05-23T22:32:41.894769
TITLE_003119,Total explicit access 1985,TV Series,Romance,Sony,1985,3151,2,2026-05-23T22:32:41.894774
TITLE_003120,Networked modular matrices 2006,Special,Action,Warner Bros,2006,5687,0,2026-05-23T22:32:41.894780
TITLE_003121,Compatible systematic neural-net 1993,Miniseries,Action,Paramount,1993,1177,0,2026-05-23T22:32:41.894785
TITLE_003122,Face-to-face value-added time-frame 1993,Movie,Action,Netflix Studios,1993,95,0,2026-05-23T22:32:41.894789
TITLE_003123,Reactive needs-based data-warehouse 2006,TV Series,Animation,Disney,2006,4444,3,2026-05-23T22:32:41.894795
TITLE_003124,Profit-focused systematic Internet solution 2009,TV Series,Comedy,Sony,2009,1839,6,2026-05-23T22:32:41.894800
TITLE_003125,Adaptive exuding structure 1997,Miniseries,Horror,Paramount,1997,605,0,2026-05-23T22:32:41.894806
TITLE_003126,Focused even-keeled open architecture 2025,Miniseries,Comedy,Sony,2025,1227,0,2026-05-23T22:32:41.894811
TITLE_003127,Self-enabling non-volatile service-desk 2017,TV Series,Drama,Paramount,2017,2222,3,2026-05-23T22:32:41.894816
TITLE_003128,Optional encompassing leverage 1980,Special,Action,Disney,1980,1821,0,2026-05-23T22:32:41.894821
TITLE_003129,Cross-group responsive flexibility 1993,Special,Thriller,Sony,1993,2965,0,2026-05-23T22:32:41.894827
TITLE_003130,Visionary national adapter 2024,Movie,Sci-Fi,Sony,2024,168,0,2026-05-23T22:32:41.894832
TITLE_003131,Open-source bifurcated capability 2024,Special,Action,Universal,2024,3879,0,2026-05-23T22:32:41.894837
TITLE_003132,Mandatory intermediate utilization 2001,Miniseries,Comedy,Disney,2001,2685,0,2026-05-23T22:32:41.894842
TITLE_003133,Integrated exuding data-warehouse 1995,TV Series,Horror,Apple TV+,1995,369,3,2026-05-23T22:32:41.894848
TITLE_003134,Programmable neutral definition 2019,Documentary,Thriller,Disney,2019,2023,0,2026-05-23T22:32:41.894853
TITLE_003135,Triple-buffered 5thgeneration adapter 1998,Movie,Drama,Apple TV+,1998,57,0,2026-05-23T22:32:41.894858
TITLE_003136,Re-contextualized scalable artificial intelligence 1983,Miniseries,Animation,Warner Bros,1983,1081,0,2026-05-23T22:32:41.894866
TITLE_003137,Diverse 24/7 productivity 2007,Miniseries,Romance,Paramount,2007,1144,0,2026-05-23T22:32:41.894871
TITLE_003138,Cross-group human-resource capacity 2020,Movie,Romance,Disney,2020,136,0,2026-05-23T22:32:41.894877
TITLE_003139,Adaptive mission-critical array 1984,Movie,Horror,Universal,1984,66,0,2026-05-23T22:32:41.894882
TITLE_003140,Fundamental disintermediate moratorium 1986,Documentary,Horror,Universal,1986,4919,0,2026-05-23T22:32:41.894887
TITLE_003141,Programmable 24/7 matrices 2006,Documentary,Sci-Fi,Apple TV+,2006,1440,0,2026-05-23T22:32:41.894893
TITLE_003142,Implemented systematic Graphical User Interface 2012,Movie,Sci-Fi,Netflix Studios,2012,128,0,2026-05-23T22:32:41.894899
TITLE_003143,Diverse leadingedge capability 2010,TV Series,Action,Netflix Studios,2010,2543,5,2026-05-23T22:32:41.894905
TITLE_003144,Sharable methodical groupware 1993,Miniseries,Animation,Apple TV+,1993,1845,0,2026-05-23T22:32:41.894910
TITLE_003145,Grass-roots analyzing model 2014,Miniseries,Sci-Fi,Universal,2014,5070,0,2026-05-23T22:32:41.894917
TITLE_003146,Open-architected 24/7 emulation 1991,Miniseries,Romance,Apple TV+,1991,2149,0,2026-05-23T22:32:41.894922
TITLE_003147,Ergonomic fault-tolerant collaboration 2019,Documentary,Romance,Warner Bros,2019,1238,0,2026-05-23T22:32:41.894928
TITLE_003148,User-centric attitude-oriented productivity 2022,Documentary,Animation,Apple TV+,2022,5083,0,2026-05-23T22:32:41.894935
TITLE_003149,Front-line static pricing structure 2016,Documentary,Action,Disney,2016,845,0,2026-05-23T22:32:41.894941
TITLE_003150,Cloned national process improvement 2003,Documentary,Horror,Paramount,2003,2980,0,2026-05-23T22:32:41.894947
TITLE_003151,Polarized stable archive 1989,Special,Thriller,Warner Bros,1989,4551,0,2026-05-23T22:32:41.894952
TITLE_003152,Team-oriented bottom-line challenge 1994,Miniseries,Horror,Warner Bros,1994,4424,0,2026-05-23T22:32:41.894956
TITLE_003153,Extended context-sensitive open system 2010,Special,Drama,Netflix Studios,2010,3786,0,2026-05-23T22:32:41.894962
TITLE_003154,Extended optimizing contingency 1990,Special,Drama,Sony,1990,812,0,2026-05-23T22:32:41.894967
TITLE_003155,Optional executive alliance 2003,Movie,Animation,Paramount,2003,86,0,2026-05-23T22:32:41.894973
TITLE_003156,Reverse-engineered foreground contingency 1988,Movie,Romance,Apple TV+,1988,110,0,2026-05-23T22:32:41.894980
TITLE_003157,Optimized neutral orchestration 2012,Documentary,Animation,Universal,2012,5999,0,2026-05-23T22:32:41.894986
TITLE_003158,Persistent upward-trending productivity 2015,Documentary,Animation,Universal,2015,4985,0,2026-05-23T22:32:41.894991
TITLE_003159,Multi-lateral client-server capability 1985,TV Series,Action,Netflix Studios,1985,3332,8,2026-05-23T22:32:41.894997
TITLE_003160,Automated clear-thinking orchestration 2021,Miniseries,Sci-Fi,Apple TV+,2021,1953,0,2026-05-23T22:32:41.895002
TITLE_003161,Face-to-face multi-tasking monitoring 2011,Movie,Sci-Fi,Universal,2011,78,0,2026-05-23T22:32:41.895007
TITLE_003162,Networked heuristic attitude 2016,Movie,Animation,Disney,2016,157,0,2026-05-23T22:32:41.895012
TITLE_003163,Team-oriented local hub 1990,Documentary,Horror,Sony,1990,4141,0,2026-05-23T22:32:41.895018
TITLE_003164,Total needs-based methodology 1994,Special,Drama,Sony,1994,5403,0,2026-05-23T22:32:41.895023
TITLE_003165,Customer-focused grid-enabled superstructure 1991,Movie,Action,Sony,1991,129,0,2026-05-23T22:32:41.895028
TITLE_003166,Devolved dynamic emulation 2024,Miniseries,Thriller,Disney,2024,5991,0,2026-05-23T22:32:41.895033
TITLE_003167,Visionary bi-directional parallelism 2004,Movie,Thriller,Warner Bros,2004,108,0,2026-05-23T22:32:41.895039
TITLE_003168,Object-based mission-critical firmware 2010,TV Series,Thriller,Sony,2010,4367,8,2026-05-23T22:32:41.895045
TITLE_003169,Realigned content-based flexibility 1987,Documentary,Action,Sony,1987,5442,0,2026-05-23T22:32:41.895050
TITLE_003170,Profound impactful paradigm 2005,Documentary,Horror,Apple TV+,2005,2813,0,2026-05-23T22:32:41.895054
TITLE_003171,Visionary systematic monitoring 1995,TV Series,Drama,Sony,1995,3941,3,2026-05-23T22:32:41.895060
TITLE_003172,Automated homogeneous instruction set 1989,Miniseries,Action,Universal,1989,5036,0,2026-05-23T22:32:41.895066
TITLE_003173,Synchronized mission-critical leverage 2009,Documentary,Thriller,Netflix Studios,2009,4516,0,2026-05-23T22:32:41.895071
TITLE_003174,Mandatory explicit pricing structure 1999,TV Series,Drama,Apple TV+,1999,3624,7,2026-05-23T22:32:41.895076
TITLE_003175,Inverse context-sensitive moratorium 2011,Miniseries,Romance,Apple TV+,2011,1578,0,2026-05-23T22:32:41.895083
TITLE_003176,Stand-alone encompassing groupware 2003,Miniseries,Drama,Netflix Studios,2003,1874,0,2026-05-23T22:32:41.895091
TITLE_003177,User-centric real-time emulation 1992,Miniseries,Animation,Warner Bros,1992,5602,0,2026-05-23T22:32:41.895098
TITLE_003178,Grass-roots homogeneous Graphical User Interface 2014,Movie,Drama,Disney,2014,65,0,2026-05-23T22:32:41.895103
TITLE_003179,Adaptive incremental attitude 2000,Documentary,Thriller,Apple TV+,2000,3860,0,2026-05-23T22:32:41.895109
TITLE_003180,Reduced reciprocal strategy 2019,TV Series,Animation,Apple TV+,2019,3684,7,2026-05-23T22:32:41.895114
TITLE_003181,Configurable foreground application 2006,Miniseries,Thriller,Apple TV+,2006,3553,0,2026-05-23T22:32:41.895119
TITLE_003182,Programmable content-based portal 2008,Miniseries,Drama,Netflix Studios,2008,5676,0,2026-05-23T22:32:41.895124
TITLE_003183,Operative multi-state toolset 2007,Miniseries,Romance,Sony,2007,4221,0,2026-05-23T22:32:41.895129
TITLE_003184,Multi-lateral impactful productivity 2007,Documentary,Action,Netflix Studios,2007,739,0,2026-05-23T22:32:41.895135
TITLE_003185,Synergized didactic hub 1998,Miniseries,Sci-Fi,Disney,1998,3879,0,2026-05-23T22:32:41.895140
TITLE_003186,Profound 24hour hub 1988,Documentary,Animation,Warner Bros,1988,4856,0,2026-05-23T22:32:41.895145
TITLE_003187,Up-sized value-added Graphic Interface 1998,TV Series,Romance,Netflix Studios,1998,705,3,2026-05-23T22:32:41.895150
TITLE_003188,Multi-channeled intangible workforce 1984,Movie,Thriller,Netflix Studios,1984,101,0,2026-05-23T22:32:41.895155
TITLE_003189,Ameliorated bottom-line toolset 1999,Miniseries,Sci-Fi,Paramount,1999,1986,0,2026-05-23T22:32:41.895159
TITLE_003190,Synergized asymmetric process improvement 2015,TV Series,Horror,Disney,2015,1747,6,2026-05-23T22:32:41.895165
TITLE_003191,Managed static emulation 2015,Miniseries,Horror,Apple TV+,2015,2736,0,2026-05-23T22:32:41.895170
TITLE_003192,Vision-oriented client-driven superstructure 1985,Special,Comedy,Warner Bros,1985,4721,0,2026-05-23T22:32:41.895175
TITLE_003193,Front-line upward-trending product 1983,TV Series,Comedy,Warner Bros,1983,1776,7,2026-05-23T22:32:41.895181
TITLE_003194,Cloned directional synergy 2018,Documentary,Comedy,Disney,2018,4559,0,2026-05-23T22:32:41.895187
TITLE_003195,Reverse-engineered motivating emulation 2017,Documentary,Comedy,Apple TV+,2017,4409,0,2026-05-23T22:32:41.895194
TITLE_003196,Horizontal disintermediate strategy 2015,Documentary,Romance,Netflix Studios,2015,1974,0,2026-05-23T22:32:41.895199
TITLE_003197,Up-sized analyzing interface 2002,Documentary,Horror,Disney,2002,538,0,2026-05-23T22:32:41.895203
TITLE_003198,Advanced exuding access 1999,Documentary,Thriller,Netflix Studios,1999,4666,0,2026-05-23T22:32:41.895208
TITLE_003199,Automated 4thgeneration circuit 2021,Special,Animation,Warner Bros,2021,2423,0,2026-05-23T22:32:41.895213
TITLE_003200,Devolved web-enabled time-frame 1994,Special,Sci-Fi,Disney,1994,3767,0,2026-05-23T22:32:41.895218
TITLE_003201,Future-proofed leadingedge throughput 1987,TV Series,Horror,Apple TV+,1987,416,1,2026-05-23T22:32:41.895223
TITLE_003202,Digitized demand-driven monitoring 2021,Documentary,Animation,Disney,2021,5820,0,2026-05-23T22:32:41.895228
TITLE_003203,User-centric impactful workforce 1994,Documentary,Horror,Sony,1994,352,0,2026-05-23T22:32:41.895233
TITLE_003204,Organic zero administration secured line 2000,Miniseries,Sci-Fi,Sony,2000,3667,0,2026-05-23T22:32:41.895237
TITLE_003205,Upgradable radical moderator 1993,TV Series,Sci-Fi,Paramount,1993,2675,8,2026-05-23T22:32:41.895242
TITLE_003206,Multi-channeled 3rdgeneration moderator 1985,Movie,Comedy,Apple TV+,1985,107,0,2026-05-23T22:32:41.895248
TITLE_003207,Compatible mission-critical customer loyalty 2019,Miniseries,Drama,Warner Bros,2019,1357,0,2026-05-23T22:32:41.895253
TITLE_003208,User-friendly client-driven projection 2011,Special,Sci-Fi,Apple TV+,2011,3497,0,2026-05-23T22:32:41.895260
TITLE_003209,Devolved client-server productivity 1997,Miniseries,Thriller,Disney,1997,5001,0,2026-05-23T22:32:41.895265
TITLE_003210,Devolved reciprocal secured line 2014,Documentary,Sci-Fi,Netflix Studios,2014,1195,0,2026-05-23T22:32:41.895270
TITLE_003211,Grass-roots cohesive approach 2008,Miniseries,Romance,Paramount,2008,2493,0,2026-05-23T22:32:41.895276
TITLE_003212,Upgradable optimizing project 1985,Miniseries,Drama,Warner Bros,1985,3271,0,2026-05-23T22:32:41.895282
TITLE_003213,Public-key cohesive data-warehouse 1999,TV Series,Sci-Fi,Paramount,1999,2318,6,2026-05-23T22:32:41.895287
TITLE_003214,Customer-focused asymmetric Local Area Network 2010,Documentary,Thriller,Warner Bros,2010,5555,0,2026-05-23T22:32:41.895293
TITLE_003215,Compatible context-sensitive Graphic Interface 1991,Special,Comedy,Sony,1991,4496,0,2026-05-23T22:32:41.895299
TITLE_003216,Cross-group neutral productivity 1998,Documentary,Romance,Warner Bros,1998,866,0,2026-05-23T22:32:41.895304
TITLE_003217,Integrated tangible functionalities 2019,Movie,Action,Netflix Studios,2019,91,0,2026-05-23T22:32:41.895310
TITLE_003218,Fully-configurable intangible Internet solution 1987,Movie,Horror,Netflix Studios,1987,129,0,2026-05-23T22:32:41.895315
TITLE_003219,Customer-focused 3rdgeneration policy 2023,Documentary,Comedy,Paramount,2023,372,0,2026-05-23T22:32:41.895321
TITLE_003220,Innovative motivating strategy 1983,TV Series,Animation,Apple TV+,1983,2886,8,2026-05-23T22:32:41.895326
TITLE_003221,Persevering bi-directional portal 2010,Movie,Animation,Paramount,2010,103,0,2026-05-23T22:32:41.895333
TITLE_003222,Quality-focused neutral moratorium 1997,Documentary,Thriller,Apple TV+,1997,3009,0,2026-05-23T22:32:41.895338
TITLE_003223,Profound zero-defect success 1992,Miniseries,Thriller,Warner Bros,1992,4105,0,2026-05-23T22:32:41.895343
TITLE_003224,Multi-tiered 6thgeneration Internet solution 1993,Movie,Horror,Paramount,1993,98,0,2026-05-23T22:32:41.895348
TITLE_003225,Automated disintermediate matrix 1990,TV Series,Horror,Paramount,1990,4965,8,2026-05-23T22:32:41.895353
TITLE_003226,Digitized cohesive installation 1982,Special,Sci-Fi,Paramount,1982,2391,0,2026-05-23T22:32:41.895359
TITLE_003227,Team-oriented client-driven algorithm 1996,Miniseries,Thriller,Disney,1996,5474,0,2026-05-23T22:32:41.895364
TITLE_003228,Phased holistic Graphical User Interface 2020,Movie,Sci-Fi,Universal,2020,60,0,2026-05-23T22:32:41.895369
TITLE_003229,Mandatory empowering help-desk 2020,Movie,Comedy,Paramount,2020,145,0,2026-05-23T22:32:41.895374
TITLE_003230,Profit-focused context-sensitive encoding 1998,Special,Animation,Netflix Studios,1998,2157,0,2026-05-23T22:32:41.895379
TITLE_003231,Total full-range benchmark 2016,Miniseries,Comedy,Disney,2016,674,0,2026-05-23T22:32:41.895384
TITLE_003232,Inverse clear-thinking concept 1992,Special,Comedy,Sony,1992,3262,0,2026-05-23T22:32:41.895390
TITLE_003233,Synergized scalable website 1981,Documentary,Animation,Sony,1981,3436,0,2026-05-23T22:32:41.895394
TITLE_003234,Adaptive heuristic info-mediaries 1991,Documentary,Thriller,Netflix Studios,1991,1558,0,2026-05-23T22:32:41.895400
TITLE_003235,Future-proofed cohesive conglomeration 1988,Movie,Horror,Paramount,1988,152,0,2026-05-23T22:32:41.895406
TITLE_003236,Polarized impactful standardization 2021,Special,Drama,Paramount,2021,4739,0,2026-05-23T22:32:41.895411
TITLE_003237,Proactive logistical complexity 2008,TV Series,Animation,Sony,2008,5885,4,2026-05-23T22:32:41.895417
TITLE_003238,Compatible optimal product 2003,Miniseries,Animation,Disney,2003,5857,0,2026-05-23T22:32:41.895423
TITLE_003239,User-friendly background throughput 2016,Documentary,Drama,Warner Bros,2016,4474,0,2026-05-23T22:32:41.895428
TITLE_003240,Universal well-modulated project 2001,Documentary,Action,Universal,2001,2838,0,2026-05-23T22:32:41.895434
TITLE_003241,Organic object-oriented infrastructure 2003,TV Series,Animation,Warner Bros,2003,4703,8,2026-05-23T22:32:41.895441
TITLE_003242,Adaptive multi-state secured line 2024,Special,Action,Apple TV+,2024,5254,0,2026-05-23T22:32:41.895446
TITLE_003243,Visionary logistical throughput 2000,Movie,Action,Warner Bros,2000,71,0,2026-05-23T22:32:41.895452
TITLE_003244,Automated dedicated project 1997,TV Series,Drama,Paramount,1997,1000,1,2026-05-23T22:32:41.895458
TITLE_003245,Upgradable methodical knowledge user 1994,Special,Drama,Disney,1994,4809,0,2026-05-23T22:32:41.895463
TITLE_003246,Front-line fresh-thinking encryption 2020,TV Series,Animation,Universal,2020,2079,3,2026-05-23T22:32:41.895468
TITLE_003247,Fundamental 24hour Local Area Network 1996,Movie,Thriller,Warner Bros,1996,99,0,2026-05-23T22:32:41.895473
TITLE_003248,Organic mobile synergy 2000,Miniseries,Romance,Paramount,2000,1907,0,2026-05-23T22:32:41.895479
TITLE_003249,Robust client-driven customer loyalty 2000,Movie,Horror,Paramount,2000,161,0,2026-05-23T22:32:41.895485
TITLE_003250,Cross-platform contextually-based success 1990,TV Series,Horror,Paramount,1990,1225,7,2026-05-23T22:32:41.895489
TITLE_003251,Customer-focused asynchronous website 2002,TV Series,Comedy,Universal,2002,2699,3,2026-05-23T22:32:41.895495
TITLE_003252,Innovative demand-driven hub 1992,TV Series,Sci-Fi,Sony,1992,5741,8,2026-05-23T22:32:41.895500
TITLE_003253,Pre-emptive value-added analyzer 1988,Miniseries,Sci-Fi,Disney,1988,1910,0,2026-05-23T22:32:41.895506
TITLE_003254,Mandatory content-based process improvement 2008,Documentary,Drama,Netflix Studios,2008,2986,0,2026-05-23T22:32:41.895511
TITLE_003255,Focused foreground extranet 2015,Miniseries,Romance,Netflix Studios,2015,1960,0,2026-05-23T22:32:41.895517
TITLE_003256,Versatile 24/7 core 2005,Special,Thriller,Netflix Studios,2005,3711,0,2026-05-23T22:32:41.895523
TITLE_003257,Progressive solution-oriented website 2018,TV Series,Romance,Apple TV+,2018,1401,2,2026-05-23T22:32:41.895529
TITLE_003258,Multi-channeled multi-state system engine 2010,Special,Sci-Fi,Apple TV+,2010,3088,0,2026-05-23T22:32:41.895534
TITLE_003259,Future-proofed analyzing interface 1982,Documentary,Drama,Disney,1982,3624,0,2026-05-23T22:32:41.895539
TITLE_003260,Expanded tangible policy 1994,Miniseries,Drama,Universal,1994,1503,0,2026-05-23T22:32:41.895544
TITLE_003261,Synchronized fresh-thinking interface 1986,Documentary,Horror,Apple TV+,1986,5132,0,2026-05-23T22:32:41.895550
TITLE_003262,Organized zero tolerance access 2021,Documentary,Animation,Netflix Studios,2021,3126,0,2026-05-23T22:32:41.895555
TITLE_003263,Synergized 24hour workforce 1995,Movie,Romance,Sony,1995,137,0,2026-05-23T22:32:41.895561
TITLE_003264,Streamlined clear-thinking access 1985,Documentary,Animation,Netflix Studios,1985,2186,0,2026-05-23T22:32:41.895566
TITLE_003265,Intuitive uniform encoding 2007,TV Series,Thriller,Netflix Studios,2007,3019,3,2026-05-23T22:32:41.895572
TITLE_003266,Fully-configurable bifurcated throughput 1999,Movie,Action,Disney,1999,61,0,2026-05-23T22:32:41.895577
TITLE_003267,Robust systematic migration 2000,Special,Action,Paramount,2000,5708,0,2026-05-23T22:32:41.895582
TITLE_003268,Front-line zero tolerance productivity 1981,Special,Drama,Warner Bros,1981,1432,0,2026-05-23T22:32:41.895587
TITLE_003269,Down-sized 24hour model 2007,Documentary,Thriller,Disney,2007,2885,0,2026-05-23T22:32:41.895592
TITLE_003270,Inverse optimal synergy 2006,TV Series,Drama,Universal,2006,5570,8,2026-05-23T22:32:41.895598
TITLE_003271,Monitored optimal flexibility 1986,TV Series,Horror,Disney,1986,5434,3,2026-05-23T22:32:41.895603
TITLE_003272,Re-engineered regional intranet 2009,Special,Animation,Netflix Studios,2009,3521,0,2026-05-23T22:32:41.895609
TITLE_003273,Object-based stable array 2012,Documentary,Comedy,Paramount,2012,1102,0,2026-05-23T22:32:41.895616
TITLE_003274,Ergonomic incremental solution 2015,Movie,Drama,Netflix Studios,2015,59,0,2026-05-23T22:32:41.895622
TITLE_003275,Reactive intangible alliance 1987,TV Series,Romance,Paramount,1987,1371,1,2026-05-23T22:32:41.895628
TITLE_003276,User-friendly modular intranet 1990,Documentary,Sci-Fi,Sony,1990,5597,0,2026-05-23T22:32:41.895633
TITLE_003277,Distributed discrete adapter 1988,Miniseries,Animation,Paramount,1988,4933,0,2026-05-23T22:32:41.895639
TITLE_003278,Function-based national pricing structure 2004,Special,Thriller,Apple TV+,2004,4952,0,2026-05-23T22:32:41.895645
TITLE_003279,Cross-platform background help-desk 1991,Documentary,Comedy,Warner Bros,1991,5182,0,2026-05-23T22:32:41.895650
TITLE_003280,Triple-buffered executive policy 2017,Miniseries,Drama,Warner Bros,2017,864,0,2026-05-23T22:32:41.895655
TITLE_003281,Persevering holistic pricing structure 1990,Documentary,Comedy,Disney,1990,1356,0,2026-05-23T22:32:41.895660
TITLE_003282,Horizontal mobile focus group 2003,Movie,Drama,Paramount,2003,178,0,2026-05-23T22:32:41.895665
TITLE_003283,Customizable client-server service-desk 2018,Miniseries,Action,Disney,2018,2913,0,2026-05-23T22:32:41.895670
TITLE_003284,Progressive zero tolerance forecast 2003,Special,Drama,Universal,2003,1830,0,2026-05-23T22:32:41.895675
TITLE_003285,Reactive eco-centric migration 2001,Special,Action,Paramount,2001,584,0,2026-05-23T22:32:41.895680
TITLE_003286,Reactive reciprocal process improvement 1996,TV Series,Romance,Sony,1996,1325,4,2026-05-23T22:32:41.895686
TITLE_003287,Object-based human-resource functionalities 2012,Miniseries,Thriller,Apple TV+,2012,870,0,2026-05-23T22:32:41.895691
TITLE_003288,Total 5thgeneration concept 1980,Special,Thriller,Disney,1980,5615,0,2026-05-23T22:32:41.895696
TITLE_003289,Horizontal empowering interface 1983,Documentary,Romance,Disney,1983,2438,0,2026-05-23T22:32:41.895701
TITLE_003290,Triple-buffered impactful task-force 2008,Movie,Thriller,Netflix Studios,2008,148,0,2026-05-23T22:32:41.895707
TITLE_003291,Switchable clear-thinking groupware 1998,Miniseries,Action,Warner Bros,1998,5397,0,2026-05-23T22:32:41.895712
TITLE_003292,Devolved intangible benchmark 1985,Special,Comedy,Paramount,1985,1572,0,2026-05-23T22:32:41.895718
TITLE_003293,Polarized regional definition 2007,Documentary,Horror,Apple TV+,2007,5895,0,2026-05-23T22:32:41.895724
TITLE_003294,Organic foreground alliance 2006,Special,Romance,Paramount,2006,2007,0,2026-05-23T22:32:41.895729
TITLE_003295,Persistent attitude-oriented concept 2012,TV Series,Animation,Sony,2012,729,2,2026-05-23T22:32:41.895734
TITLE_003296,Integrated content-based encryption 1981,Documentary,Action,Sony,1981,2986,0,2026-05-23T22:32:41.895739
TITLE_003297,Expanded 4thgeneration portal 1981,Movie,Drama,Sony,1981,166,0,2026-05-23T22:32:41.895751
TITLE_003298,Integrated bandwidth-monitored alliance 1991,Movie,Animation,Paramount,1991,180,0,2026-05-23T22:32:41.895757
TITLE_003299,Virtual actuating orchestration 1993,Documentary,Thriller,Netflix Studios,1993,1031,0,2026-05-23T22:32:41.895763
TITLE_003300,Re-contextualized 6thgeneration flexibility 2007,TV Series,Action,Apple TV+,2007,4333,2,2026-05-23T22:32:41.895769
TITLE_003301,Balanced leadingedge utilization 1997,Documentary,Action,Warner Bros,1997,3257,0,2026-05-23T22:32:41.895775
TITLE_003302,Enterprise-wide heuristic concept 1995,Documentary,Action,Disney,1995,3322,0,2026-05-23T22:32:41.895781
TITLE_003303,Devolved non-volatile application 2005,Miniseries,Drama,Sony,2005,5769,0,2026-05-23T22:32:41.895786
TITLE_003304,Distributed interactive matrix 2002,Special,Drama,Warner Bros,2002,4041,0,2026-05-23T22:32:41.895792
TITLE_003305,Profound client-server open architecture 2006,Movie,Animation,Universal,2006,120,0,2026-05-23T22:32:41.895798
TITLE_003306,Secured transitional complexity 2022,Documentary,Horror,Netflix Studios,2022,2871,0,2026-05-23T22:32:41.895803
TITLE_003307,Streamlined zero-defect ability 2004,Movie,Animation,Disney,2004,108,0,2026-05-23T22:32:41.895808
TITLE_003308,Innovative transitional paradigm 1998,Documentary,Comedy,Apple TV+,1998,3108,0,2026-05-23T22:32:41.895813
TITLE_003309,Centralized modular secured line 1987,TV Series,Animation,Warner Bros,1987,5166,4,2026-05-23T22:32:41.895819
TITLE_003310,Enhanced interactive pricing structure 2009,Special,Thriller,Sony,2009,2420,0,2026-05-23T22:32:41.895825
TITLE_003311,Ameliorated methodical alliance 2011,Special,Sci-Fi,Apple TV+,2011,2249,0,2026-05-23T22:32:41.895830
TITLE_003312,Devolved logistical capacity 2014,Movie,Sci-Fi,Apple TV+,2014,56,0,2026-05-23T22:32:41.895837
TITLE_003313,User-centric grid-enabled capacity 1994,Movie,Romance,Warner Bros,1994,133,0,2026-05-23T22:32:41.895843
TITLE_003314,Virtual uniform website 2007,Movie,Romance,Sony,2007,161,0,2026-05-23T22:32:41.895849
TITLE_003315,Organized mission-critical data-warehouse 1981,TV Series,Horror,Paramount,1981,3001,8,2026-05-23T22:32:41.895854
TITLE_003316,Quality-focused contextually-based pricing structure 1993,Special,Action,Sony,1993,4558,0,2026-05-23T22:32:41.895860
TITLE_003317,Reactive dynamic help-desk 2009,Miniseries,Drama,Netflix Studios,2009,5032,0,2026-05-23T22:32:41.895865
TITLE_003318,Optimized methodical secured line 2013,Special,Action,Paramount,2013,1973,0,2026-05-23T22:32:41.895870
TITLE_003319,Vision-oriented secondary array 2013,Special,Horror,Universal,2013,4109,0,2026-05-23T22:32:41.895877
TITLE_003320,Ameliorated client-server hierarchy 2001,Special,Sci-Fi,Sony,2001,3209,0,2026-05-23T22:32:41.895882
TITLE_003321,Customer-focused leadingedge open architecture 2008,Documentary,Romance,Disney,2008,575,0,2026-05-23T22:32:41.895887
TITLE_003322,Operative directional model 2000,Miniseries,Animation,Disney,2000,1325,0,2026-05-23T22:32:41.895893
TITLE_003323,Horizontal optimizing flexibility 1994,Special,Sci-Fi,Netflix Studios,1994,714,0,2026-05-23T22:32:41.895899
TITLE_003324,Stand-alone non-volatile website 1983,TV Series,Thriller,Warner Bros,1983,1983,5,2026-05-23T22:32:41.895905
TITLE_003325,Inverse optimal concept 2000,Special,Romance,Paramount,2000,4014,0,2026-05-23T22:32:41.895910
TITLE_003326,Synergized local groupware 2019,Miniseries,Thriller,Warner Bros,2019,5512,0,2026-05-23T22:32:41.895915
TITLE_003327,Face-to-face heuristic open system 1995,TV Series,Romance,Warner Bros,1995,720,4,2026-05-23T22:32:41.895921
TITLE_003328,Compatible responsive help-desk 1985,Documentary,Comedy,Netflix Studios,1985,2208,0,2026-05-23T22:32:41.895926
TITLE_003329,Switchable cohesive complexity 2002,Movie,Comedy,Universal,2002,52,0,2026-05-23T22:32:41.895931
TITLE_003330,Synergized human-resource interface 2016,Movie,Comedy,Disney,2016,109,0,2026-05-23T22:32:41.895951
TITLE_003331,Switchable client-server parallelism 1995,TV Series,Thriller,Universal,1995,3991,4,2026-05-23T22:32:41.895973
TITLE_003332,Universal 24/7 Graphic Interface 2000,TV Series,Sci-Fi,Universal,2000,3083,4,2026-05-23T22:32:41.895984
TITLE_003333,Synergized leadingedge circuit 2002,Movie,Romance,Apple TV+,2002,152,0,2026-05-23T22:32:41.895990
TITLE_003334,Switchable cohesive conglomeration 2005,Miniseries,Romance,Disney,2005,3327,0,2026-05-23T22:32:41.895996
TITLE_003335,Innovative needs-based initiative 1980,TV Series,Thriller,Sony,1980,5415,7,2026-05-23T22:32:41.896002
TITLE_003336,Organic bandwidth-monitored forecast 1988,Special,Comedy,Netflix Studios,1988,5766,0,2026-05-23T22:32:41.896009
TITLE_003337,Operative incremental encryption 2023,Special,Romance,Paramount,2023,1602,0,2026-05-23T22:32:41.896015
TITLE_003338,Multi-tiered fresh-thinking Graphical User Interface 2022,Special,Romance,Sony,2022,855,0,2026-05-23T22:32:41.896020
TITLE_003339,Face-to-face scalable website 2025,Special,Romance,Warner Bros,2025,5902,0,2026-05-23T22:32:41.896026
TITLE_003340,Optimized optimal toolset 2007,Movie,Drama,Warner Bros,2007,138,0,2026-05-23T22:32:41.896032
TITLE_003341,Up-sized asynchronous protocol 2010,Miniseries,Horror,Universal,2010,5257,0,2026-05-23T22:32:41.896036
TITLE_003342,Open-architected zero tolerance portal 2025,Miniseries,Action,Netflix Studios,2025,5782,0,2026-05-23T22:32:41.896042
TITLE_003343,Function-based fresh-thinking collaboration 2017,Documentary,Animation,Paramount,2017,3806,0,2026-05-23T22:32:41.896047
TITLE_003344,Business-focused upward-trending success 1990,Miniseries,Romance,Netflix Studios,1990,5454,0,2026-05-23T22:32:41.896053
TITLE_003345,Decentralized zero administration open system 1984,Movie,Animation,Warner Bros,1984,107,0,2026-05-23T22:32:41.896059
TITLE_003346,Focused scalable artificial intelligence 2024,TV Series,Comedy,Apple TV+,2024,364,7,2026-05-23T22:32:41.896065
TITLE_003347,Front-line background hub 2011,Documentary,Action,Disney,2011,1688,0,2026-05-23T22:32:41.896071
TITLE_003348,Secured optimizing middleware 2018,Movie,Drama,Apple TV+,2018,143,0,2026-05-23T22:32:41.896077
TITLE_003349,Business-focused neutral service-desk 1987,Documentary,Thriller,Netflix Studios,1987,1480,0,2026-05-23T22:32:41.896083
TITLE_003350,Reduced systemic encryption 1985,Documentary,Action,Warner Bros,1985,5809,0,2026-05-23T22:32:41.896088
TITLE_003351,Automated executive customer loyalty 1988,Miniseries,Sci-Fi,Warner Bros,1988,2354,0,2026-05-23T22:32:41.896095
TITLE_003352,User-friendly asynchronous forecast 1988,TV Series,Comedy,Netflix Studios,1988,4132,3,2026-05-23T22:32:41.896101
TITLE_003353,Centralized dynamic Graphic Interface 1989,Miniseries,Action,Sony,1989,2804,0,2026-05-23T22:32:41.896107
TITLE_003354,Universal bandwidth-monitored software 2023,TV Series,Thriller,Apple TV+,2023,4703,3,2026-05-23T22:32:41.896113
TITLE_003355,Proactive cohesive algorithm 2003,Special,Drama,Warner Bros,2003,2465,0,2026-05-23T22:32:41.896118
TITLE_003356,Optional demand-driven solution 1999,Documentary,Drama,Universal,1999,662,0,2026-05-23T22:32:41.896124
TITLE_003357,Grass-roots client-server product 2011,Movie,Sci-Fi,Warner Bros,2011,121,0,2026-05-23T22:32:41.896129
TITLE_003358,Extended grid-enabled firmware 1998,Movie,Action,Disney,1998,111,0,2026-05-23T22:32:41.896134
TITLE_003359,Re-engineered non-volatile database 1986,Documentary,Comedy,Netflix Studios,1986,729,0,2026-05-23T22:32:41.896139
TITLE_003360,Organized modular artificial intelligence 2015,Documentary,Drama,Sony,2015,3759,0,2026-05-23T22:32:41.896145
TITLE_003361,Innovative national pricing structure 1987,Documentary,Romance,Universal,1987,4698,0,2026-05-23T22:32:41.896150
TITLE_003362,Exclusive full-range info-mediaries 2023,Documentary,Thriller,Apple TV+,2023,4354,0,2026-05-23T22:32:41.896155
TITLE_003363,Synchronized human-resource collaboration 2014,Special,Action,Netflix Studios,2014,3356,0,2026-05-23T22:32:41.896160
TITLE_003364,Reverse-engineered national access 1997,Special,Drama,Apple TV+,1997,3159,0,2026-05-23T22:32:41.896166
TITLE_003365,Distributed asymmetric extranet 2025,Special,Thriller,Apple TV+,2025,5298,0,2026-05-23T22:32:41.896171
TITLE_003366,Versatile optimizing matrix 1995,Miniseries,Animation,Universal,1995,3409,0,2026-05-23T22:32:41.896175
TITLE_003367,Balanced user-facing Graphical User Interface 2019,Special,Sci-Fi,Universal,2019,5752,0,2026-05-23T22:32:41.896181
TITLE_003368,Digitized neutral toolset 2017,Special,Drama,Paramount,2017,2549,0,2026-05-23T22:32:41.896188
TITLE_003369,Visionary multi-state core 2004,Documentary,Drama,Sony,2004,5976,0,2026-05-23T22:32:41.896194
TITLE_003370,Total dynamic website 2007,Miniseries,Sci-Fi,Universal,2007,5136,0,2026-05-23T22:32:41.896201
TITLE_003371,Switchable mission-critical moratorium 2016,Documentary,Sci-Fi,Sony,2016,4440,0,2026-05-23T22:32:41.896207
TITLE_003372,Visionary empowering framework 1990,TV Series,Horror,Paramount,1990,3512,2,2026-05-23T22:32:41.896213
TITLE_003373,Stand-alone fresh-thinking functionalities 2010,Movie,Comedy,Disney,2010,139,0,2026-05-23T22:32:41.896218
TITLE_003374,Inverse optimizing website 2005,Special,Action,Universal,2005,4988,0,2026-05-23T22:32:41.896224
TITLE_003375,Sharable executive system engine 1997,Miniseries,Comedy,Universal,1997,758,0,2026-05-23T22:32:41.896231
TITLE_003376,Adaptive optimizing pricing structure 1986,TV Series,Thriller,Sony,1986,3104,3,2026-05-23T22:32:41.896326
TITLE_003377,Fundamental content-based middleware 2017,TV Series,Horror,Paramount,2017,4684,4,2026-05-23T22:32:41.896344
TITLE_003378,Adaptive bottom-line success 2001,Special,Animation,Warner Bros,2001,511,0,2026-05-23T22:32:41.896351
TITLE_003379,Multi-tiered heuristic open architecture 1994,TV Series,Romance,Paramount,1994,4483,1,2026-05-23T22:32:41.896357
TITLE_003380,Sharable bi-directional structure 2004,Movie,Horror,Netflix Studios,2004,102,0,2026-05-23T22:32:41.896364
TITLE_003381,Horizontal zero-defect firmware 1999,Special,Comedy,Paramount,1999,1672,0,2026-05-23T22:32:41.896368
TITLE_003382,Persevering encompassing superstructure 2004,Special,Horror,Sony,2004,2989,0,2026-05-23T22:32:41.896374
TITLE_003383,Future-proofed 3rdgeneration interface 2009,Documentary,Romance,Paramount,2009,1301,0,2026-05-23T22:32:41.896379
TITLE_003384,Organic incremental throughput 2002,Movie,Sci-Fi,Apple TV+,2002,131,0,2026-05-23T22:32:41.896385
TITLE_003385,Grass-roots demand-driven neural-net 1996,Movie,Sci-Fi,Apple TV+,1996,143,0,2026-05-23T22:32:41.896390
TITLE_003386,Managed impactful access 2019,Special,Drama,Netflix Studios,2019,836,0,2026-05-23T22:32:41.896395
TITLE_003387,Organic even-keeled emulation 2018,Movie,Thriller,Apple TV+,2018,177,0,2026-05-23T22:32:41.896401
TITLE_003388,Adaptive real-time info-mediaries 1988,TV Series,Horror,Sony,1988,1335,5,2026-05-23T22:32:41.896407
TITLE_003389,Inverse well-modulated encoding 2013,Special,Horror,Paramount,2013,1272,0,2026-05-23T22:32:41.896412
TITLE_003390,Synergistic systemic budgetary management 2017,Movie,Comedy,Sony,2017,99,0,2026-05-23T22:32:41.896419
TITLE_003391,Future-proofed content-based parallelism 2022,Special,Action,Disney,2022,734,0,2026-05-23T22:32:41.896425
TITLE_003392,Pre-emptive object-oriented database 1984,Documentary,Thriller,Netflix Studios,1984,2660,0,2026-05-23T22:32:41.896430
TITLE_003393,Multi-layered executive budgetary management 1986,Documentary,Thriller,Netflix Studios,1986,1903,0,2026-05-23T22:32:41.896436
TITLE_003394,Multi-channeled contextually-based protocol 1997,Movie,Comedy,Warner Bros,1997,111,0,2026-05-23T22:32:41.896441
TITLE_003395,Grass-roots object-oriented algorithm 2014,TV Series,Thriller,Sony,2014,3857,1,2026-05-23T22:32:41.896446
TITLE_003396,Synergistic neutral hardware 2002,Movie,Horror,Universal,2002,49,0,2026-05-23T22:32:41.896452
TITLE_003397,Implemented zero-defect analyzer 2020,TV Series,Sci-Fi,Paramount,2020,5372,6,2026-05-23T22:32:41.896457
TITLE_003398,Centralized human-resource methodology 2024,Movie,Comedy,Sony,2024,171,0,2026-05-23T22:32:41.896463
TITLE_003399,Digitized bandwidth-monitored collaboration 1987,Movie,Sci-Fi,Netflix Studios,1987,134,0,2026-05-23T22:32:41.896469
TITLE_003400,Robust value-added infrastructure 1986,TV Series,Romance,Netflix Studios,1986,798,8,2026-05-23T22:32:41.896477
TITLE_003401,Multi-tiered next generation portal 2006,Special,Horror,Disney,2006,1442,0,2026-05-23T22:32:41.896482
TITLE_003402,Reduced exuding open system 2009,Documentary,Animation,Universal,2009,5021,0,2026-05-23T22:32:41.896488
TITLE_003403,Assimilated explicit initiative 1990,Documentary,Romance,Universal,1990,5325,0,2026-05-23T22:32:41.896493
TITLE_003404,Visionary global secured line 1989,Movie,Comedy,Warner Bros,1989,136,0,2026-05-23T22:32:41.896499
TITLE_003405,Inverse stable superstructure 2017,TV Series,Sci-Fi,Netflix Studios,2017,4075,4,2026-05-23T22:32:41.896504
TITLE_003406,Implemented maximized solution 2005,Miniseries,Sci-Fi,Universal,2005,1435,0,2026-05-23T22:32:41.896510
TITLE_003407,Managed tertiary productivity 2022,Movie,Horror,Sony,2022,131,0,2026-05-23T22:32:41.896516
TITLE_003408,Assimilated tertiary adapter 1995,Movie,Sci-Fi,Paramount,1995,66,0,2026-05-23T22:32:41.896521
TITLE_003409,Enhanced motivating moderator 1982,Special,Sci-Fi,Disney,1982,3784,0,2026-05-23T22:32:41.896527
TITLE_003410,User-centric high-level adapter 2025,Special,Sci-Fi,Warner Bros,2025,1776,0,2026-05-23T22:32:41.896532
TITLE_003411,Phased high-level extranet 1990,TV Series,Comedy,Warner Bros,1990,1270,6,2026-05-23T22:32:41.896538
TITLE_003412,Realigned national paradigm 2018,Special,Action,Netflix Studios,2018,4259,0,2026-05-23T22:32:41.896544
TITLE_003413,Digitized 5thgeneration instruction set 2019,Miniseries,Horror,Warner Bros,2019,1117,0,2026-05-23T22:32:41.896549
TITLE_003414,Cloned disintermediate complexity 2017,Movie,Thriller,Apple TV+,2017,132,0,2026-05-23T22:32:41.896554
TITLE_003415,User-friendly zero administration projection 2001,Documentary,Action,Disney,2001,3373,0,2026-05-23T22:32:41.896559
TITLE_003416,Phased composite protocol 1988,Miniseries,Sci-Fi,Netflix Studios,1988,4923,0,2026-05-23T22:32:41.896564
TITLE_003417,Future-proofed encompassing adapter 2017,Miniseries,Sci-Fi,Paramount,2017,5761,0,2026-05-23T22:32:41.896570
TITLE_003418,Re-engineered encompassing Graphic Interface 2013,Movie,Comedy,Universal,2013,75,0,2026-05-23T22:32:41.896577
TITLE_003419,Total actuating initiative 2018,Movie,Drama,Disney,2018,84,0,2026-05-23T22:32:41.896583
TITLE_003420,Reverse-engineered tangible attitude 2017,Documentary,Action,Sony,2017,787,0,2026-05-23T22:32:41.896589
TITLE_003421,Reduced mobile database 2011,Special,Drama,Universal,2011,5596,0,2026-05-23T22:32:41.896595
TITLE_003422,Visionary coherent Graphical User Interface 2005,TV Series,Sci-Fi,Warner Bros,2005,4786,2,2026-05-23T22:32:41.896601
TITLE_003423,Phased client-driven hardware 2005,Miniseries,Horror,Paramount,2005,3355,0,2026-05-23T22:32:41.896608
TITLE_003424,Optimized dynamic toolset 2011,TV Series,Drama,Warner Bros,2011,2093,6,2026-05-23T22:32:41.896613
TITLE_003425,Fully-configurable composite time-frame 2017,Documentary,Thriller,Disney,2017,5620,0,2026-05-23T22:32:41.896619
TITLE_003426,Networked stable infrastructure 2012,Miniseries,Thriller,Paramount,2012,1506,0,2026-05-23T22:32:41.896625
TITLE_003427,Switchable maximized task-force 2020,Special,Sci-Fi,Sony,2020,5592,0,2026-05-23T22:32:41.896629
TITLE_003428,Seamless needs-based middleware 2005,Movie,Drama,Paramount,2005,110,0,2026-05-23T22:32:41.896635
TITLE_003429,Right-sized full-range orchestration 1981,Special,Comedy,Disney,1981,2529,0,2026-05-23T22:32:41.896641
TITLE_003430,Versatile bi-directional firmware 2007,Miniseries,Action,Sony,2007,1974,0,2026-05-23T22:32:41.896646
TITLE_003431,Up-sized asynchronous intranet 1981,Miniseries,Comedy,Apple TV+,1981,3527,0,2026-05-23T22:32:41.896652
TITLE_003432,Right-sized motivating alliance 2017,Movie,Romance,Sony,2017,129,0,2026-05-23T22:32:41.896660
TITLE_003433,Diverse tertiary monitoring 1982,Movie,Thriller,Paramount,1982,80,0,2026-05-23T22:32:41.896666
TITLE_003434,Total attitude-oriented instruction set 2018,Miniseries,Thriller,Netflix Studios,2018,377,0,2026-05-23T22:32:41.896671
TITLE_003435,Quality-focused composite customer loyalty 1998,Movie,Romance,Warner Bros,1998,63,0,2026-05-23T22:32:41.896677
TITLE_003436,Open-source regional application 2010,Special,Horror,Warner Bros,2010,599,0,2026-05-23T22:32:41.896682
TITLE_003437,Intuitive executive portal 2023,Miniseries,Drama,Disney,2023,439,0,2026-05-23T22:32:41.896687
TITLE_003438,Diverse client-driven portal 2022,Miniseries,Animation,Warner Bros,2022,1284,0,2026-05-23T22:32:41.896692
TITLE_003439,Profit-focused actuating contingency 2005,Movie,Thriller,Disney,2005,122,0,2026-05-23T22:32:41.896697
TITLE_003440,Reduced eco-centric service-desk 1999,TV Series,Sci-Fi,Universal,1999,4103,1,2026-05-23T22:32:41.896703
TITLE_003441,Public-key full-range core 2002,Miniseries,Animation,Warner Bros,2002,2738,0,2026-05-23T22:32:41.896709
TITLE_003442,Self-enabling directional framework 2010,Documentary,Comedy,Disney,2010,3063,0,2026-05-23T22:32:41.896715
TITLE_003443,Sharable impactful extranet 2004,Special,Action,Warner Bros,2004,2252,0,2026-05-23T22:32:41.896721
TITLE_003444,Implemented multi-state moderator 1987,Documentary,Romance,Netflix Studios,1987,1572,0,2026-05-23T22:32:41.896725
TITLE_003445,Multi-lateral 24/7 artificial intelligence 2007,Special,Sci-Fi,Sony,2007,2592,0,2026-05-23T22:32:41.896731
TITLE_003446,Decentralized modular paradigm 1982,Documentary,Sci-Fi,Warner Bros,1982,3709,0,2026-05-23T22:32:41.896736
TITLE_003447,Decentralized bandwidth-monitored budgetary management 1995,Special,Comedy,Paramount,1995,5614,0,2026-05-23T22:32:41.896741
TITLE_003448,Decentralized mobile structure 1990,TV Series,Horror,Disney,1990,3760,3,2026-05-23T22:32:41.896748
TITLE_003449,Self-enabling intermediate customer loyalty 1994,Miniseries,Romance,Disney,1994,5184,0,2026-05-23T22:32:41.896753
TITLE_003450,Proactive next generation hardware 2013,Miniseries,Sci-Fi,Disney,2013,743,0,2026-05-23T22:32:41.896758
TITLE_003451,Profound user-facing data-warehouse 1997,Miniseries,Comedy,Disney,1997,5002,0,2026-05-23T22:32:41.896764
TITLE_003452,Reduced grid-enabled emulation 2009,Miniseries,Animation,Warner Bros,2009,2997,0,2026-05-23T22:32:41.896769
TITLE_003453,Multi-lateral holistic encryption 2008,Special,Action,Universal,2008,4302,0,2026-05-23T22:32:41.896774
TITLE_003454,Programmable scalable artificial intelligence 1982,TV Series,Thriller,Paramount,1982,4786,3,2026-05-23T22:32:41.896779
TITLE_003455,Mandatory background help-desk 2004,TV Series,Comedy,Sony,2004,3156,6,2026-05-23T22:32:41.896785
TITLE_003456,Quality-focused logistical application 2003,Movie,Romance,Paramount,2003,53,0,2026-05-23T22:32:41.896790
TITLE_003457,Face-to-face impactful orchestration 2004,TV Series,Horror,Paramount,2004,604,4,2026-05-23T22:32:41.896795
TITLE_003458,Reverse-engineered client-server hardware 1998,Movie,Horror,Sony,1998,146,0,2026-05-23T22:32:41.896800
TITLE_003459,Balanced uniform policy 2008,Movie,Action,Paramount,2008,106,0,2026-05-23T22:32:41.896805
TITLE_003460,Upgradable 4thgeneration artificial intelligence 2014,Miniseries,Horror,Paramount,2014,4084,0,2026-05-23T22:32:41.896810
TITLE_003461,Expanded 24/7 policy 2011,Documentary,Romance,Netflix Studios,2011,2461,0,2026-05-23T22:32:41.896815
TITLE_003462,Re-engineered global focus group 2020,Miniseries,Action,Universal,2020,4729,0,2026-05-23T22:32:41.896820
TITLE_003463,Public-key user-facing focus group 2014,Documentary,Horror,Warner Bros,2014,3365,0,2026-05-23T22:32:41.896826
TITLE_003464,Extended zero tolerance policy 2002,Documentary,Animation,Apple TV+,2002,1339,0,2026-05-23T22:32:41.896831
TITLE_003465,Face-to-face grid-enabled functionalities 1989,Special,Drama,Sony,1989,2341,0,2026-05-23T22:32:41.896835
TITLE_003466,Universal responsive projection 2011,Miniseries,Sci-Fi,Apple TV+,2011,3537,0,2026-05-23T22:32:41.896841
TITLE_003467,Synchronized needs-based Graphical User Interface 2016,Special,Thriller,Netflix Studios,2016,2294,0,2026-05-23T22:32:41.896845
TITLE_003468,Multi-lateral empowering software 2019,Documentary,Sci-Fi,Netflix Studios,2019,2792,0,2026-05-23T22:32:41.896852
TITLE_003469,Organized needs-based help-desk 2008,Documentary,Romance,Universal,2008,1324,0,2026-05-23T22:32:41.896857
TITLE_003470,Streamlined directional methodology 1983,Movie,Comedy,Netflix Studios,1983,79,0,2026-05-23T22:32:41.896863
TITLE_003471,Programmable optimal function 2009,TV Series,Action,Universal,2009,3093,6,2026-05-23T22:32:41.896868
TITLE_003472,Quality-focused mission-critical system engine 1992,Special,Drama,Apple TV+,1992,645,0,2026-05-23T22:32:41.896873
TITLE_003473,Triple-buffered bifurcated moderator 2020,Documentary,Drama,Warner Bros,2020,5829,0,2026-05-23T22:32:41.896878
TITLE_003474,Stand-alone value-added flexibility 2014,Special,Action,Disney,2014,3808,0,2026-05-23T22:32:41.896884
TITLE_003475,User-friendly asynchronous strategy 1992,Movie,Action,Universal,1992,96,0,2026-05-23T22:32:41.896889
TITLE_003476,Focused methodical benchmark 1986,Movie,Horror,Warner Bros,1986,61,0,2026-05-23T22:32:41.896895
TITLE_003477,Team-oriented fresh-thinking system engine 1985,TV Series,Romance,Sony,1985,3698,8,2026-05-23T22:32:41.896901
TITLE_003478,Multi-lateral explicit orchestration 1992,Miniseries,Thriller,Netflix Studios,1992,5658,0,2026-05-23T22:32:41.896906
TITLE_003479,Monitored value-added challenge 2016,TV Series,Romance,Sony,2016,5887,7,2026-05-23T22:32:41.896912
TITLE_003480,Distributed tertiary moderator 2024,Special,Thriller,Paramount,2024,4551,0,2026-05-23T22:32:41.896917
TITLE_003481,Stand-alone full-range open system 2004,Special,Action,Universal,2004,440,0,2026-05-23T22:32:41.896922
TITLE_003482,Seamless regional forecast 2023,TV Series,Sci-Fi,Apple TV+,2023,1445,3,2026-05-23T22:32:41.896927
TITLE_003483,Persistent fault-tolerant Graphic Interface 2013,Miniseries,Horror,Apple TV+,2013,4299,0,2026-05-23T22:32:41.896932
TITLE_003484,Streamlined maximized leverage 1992,Movie,Thriller,Netflix Studios,1992,84,0,2026-05-23T22:32:41.896937
TITLE_003485,Implemented bottom-line Graphical User Interface 2006,TV Series,Animation,Netflix Studios,2006,2909,1,2026-05-23T22:32:41.896943
TITLE_003486,Fully-configurable background knowledgebase 2014,Special,Action,Sony,2014,1675,0,2026-05-23T22:32:41.896948
TITLE_003487,Synchronized radical access 2016,Special,Sci-Fi,Paramount,2016,2593,0,2026-05-23T22:32:41.896956
TITLE_003488,User-centric even-keeled process improvement 2012,Documentary,Horror,Sony,2012,4638,0,2026-05-23T22:32:41.896961
TITLE_003489,Robust attitude-oriented toolset 2014,Movie,Animation,Sony,2014,108,0,2026-05-23T22:32:41.896967
TITLE_003490,Function-based fresh-thinking solution 1992,Movie,Comedy,Disney,1992,59,0,2026-05-23T22:32:41.896972
TITLE_003491,Networked background service-desk 2025,Documentary,Sci-Fi,Universal,2025,2671,0,2026-05-23T22:32:41.896978
TITLE_003492,Extended encompassing Internet solution 2002,Special,Drama,Paramount,2002,1802,0,2026-05-23T22:32:41.896985
TITLE_003493,Networked global knowledge user 1984,Movie,Drama,Netflix Studios,1984,169,0,2026-05-23T22:32:41.896990
TITLE_003494,Reduced background complexity 1985,TV Series,Horror,Apple TV+,1985,2645,3,2026-05-23T22:32:41.896996
TITLE_003495,Operative stable matrix 2023,TV Series,Comedy,Warner Bros,2023,907,1,2026-05-23T22:32:41.897003
TITLE_003496,Upgradable discrete function 1984,Movie,Romance,Netflix Studios,1984,146,0,2026-05-23T22:32:41.897008
TITLE_003497,Assimilated web-enabled Internet solution 2011,Miniseries,Thriller,Warner Bros,2011,1806,0,2026-05-23T22:32:41.897013
TITLE_003498,Synchronized radical groupware 1998,Documentary,Drama,Disney,1998,1860,0,2026-05-23T22:32:41.897019
TITLE_003499,Customer-focused multimedia matrix 2018,Documentary,Animation,Netflix Studios,2018,4279,0,2026-05-23T22:32:41.897024
TITLE_003500,Down-sized upward-trending architecture 1989,TV Series,Romance,Apple TV+,1989,1436,7,2026-05-23T22:32:41.897030
TITLE_003501,Robust high-level ability 1980,Documentary,Thriller,Paramount,1980,1074,0,2026-05-23T22:32:41.897034
TITLE_003502,Extended incremental task-force 2019,Special,Horror,Sony,2019,1474,0,2026-05-23T22:32:41.897040
TITLE_003503,Open-architected bandwidth-monitored throughput 2013,Miniseries,Sci-Fi,Paramount,2013,1196,0,2026-05-23T22:32:41.897045
TITLE_003504,Optional exuding support 2018,Miniseries,Horror,Paramount,2018,2225,0,2026-05-23T22:32:41.897051
TITLE_003505,Innovative impactful framework 1999,Special,Thriller,Disney,1999,2364,0,2026-05-23T22:32:41.897055
TITLE_003506,Distributed mobile emulation 2009,TV Series,Action,Apple TV+,2009,336,6,2026-05-23T22:32:41.897061
TITLE_003507,Function-based stable time-frame 2002,TV Series,Sci-Fi,Paramount,2002,4461,7,2026-05-23T22:32:41.897068
TITLE_003508,Cross-platform intangible methodology 2010,Documentary,Sci-Fi,Warner Bros,2010,2029,0,2026-05-23T22:32:41.897073
TITLE_003509,Assimilated reciprocal capacity 2015,Documentary,Action,Universal,2015,2506,0,2026-05-23T22:32:41.897078
TITLE_003510,Cross-group responsive concept 2003,TV Series,Drama,Disney,2003,2176,3,2026-05-23T22:32:41.897083
TITLE_003511,Monitored even-keeled algorithm 2004,Special,Comedy,Warner Bros,2004,3793,0,2026-05-23T22:32:41.897089
TITLE_003512,Extended tertiary policy 1995,Documentary,Romance,Sony,1995,4029,0,2026-05-23T22:32:41.897094
TITLE_003513,Multi-layered tangible synergy 2017,TV Series,Horror,Sony,2017,883,5,2026-05-23T22:32:41.897099
TITLE_003514,User-centric methodical projection 2015,Special,Animation,Universal,2015,1279,0,2026-05-23T22:32:41.897106
TITLE_003515,Visionary multi-tasking structure 1980,Miniseries,Horror,Netflix Studios,1980,4474,0,2026-05-23T22:32:41.897111
TITLE_003516,Re-contextualized value-added secured line 1986,TV Series,Action,Sony,1986,1191,6,2026-05-23T22:32:41.897117
TITLE_003517,Programmable non-volatile success 1989,Documentary,Thriller,Universal,1989,2803,0,2026-05-23T22:32:41.897122
TITLE_003518,Programmable clear-thinking projection 1992,Movie,Sci-Fi,Warner Bros,1992,115,0,2026-05-23T22:32:41.897127
TITLE_003519,Enhanced national artificial intelligence 1995,TV Series,Thriller,Warner Bros,1995,4403,6,2026-05-23T22:32:41.897132
TITLE_003520,Synchronized 4thgeneration productivity 2005,Miniseries,Thriller,Universal,2005,658,0,2026-05-23T22:32:41.897138
TITLE_003521,Multi-channeled upward-trending encryption 2004,Movie,Sci-Fi,Paramount,2004,128,0,2026-05-23T22:32:41.897144
TITLE_003522,Customer-focused multi-state matrix 1996,TV Series,Sci-Fi,Universal,1996,473,6,2026-05-23T22:32:41.897149
TITLE_003523,Optional leadingedge focus group 2006,Documentary,Animation,Sony,2006,2325,0,2026-05-23T22:32:41.897154
TITLE_003524,Networked neutral system engine 2013,Movie,Action,Universal,2013,170,0,2026-05-23T22:32:41.897159
TITLE_003525,Total stable infrastructure 1980,Movie,Comedy,Disney,1980,103,0,2026-05-23T22:32:41.897165
TITLE_003526,Synergized stable architecture 2006,Special,Thriller,Netflix Studios,2006,682,0,2026-05-23T22:32:41.897172
TITLE_003527,Front-line analyzing product 1984,Movie,Animation,Disney,1984,167,0,2026-05-23T22:32:41.897178
TITLE_003528,Decentralized even-keeled adapter 1999,Special,Action,Universal,1999,4930,0,2026-05-23T22:32:41.897184
TITLE_003529,Multi-layered disintermediate moderator 2016,Movie,Drama,Netflix Studios,2016,55,0,2026-05-23T22:32:41.897189
TITLE_003530,Future-proofed interactive superstructure 2018,Miniseries,Romance,Sony,2018,4190,0,2026-05-23T22:32:41.897195
TITLE_003531,User-centric systematic matrix 1990,Miniseries,Animation,Apple TV+,1990,2804,0,2026-05-23T22:32:41.897200
TITLE_003532,Open-architected encompassing task-force 2016,Movie,Comedy,Warner Bros,2016,77,0,2026-05-23T22:32:41.897205
TITLE_003533,Reduced asymmetric function 2002,TV Series,Animation,Warner Bros,2002,4833,7,2026-05-23T22:32:41.897210
TITLE_003534,Realigned systematic interface 2018,Movie,Horror,Netflix Studios,2018,174,0,2026-05-23T22:32:41.897215
TITLE_003535,Synchronized 3rdgeneration conglomeration 1994,Movie,Animation,Disney,1994,113,0,2026-05-23T22:32:41.897221
TITLE_003536,Front-line bandwidth-monitored conglomeration 2020,TV Series,Comedy,Paramount,2020,5314,5,2026-05-23T22:32:41.897226
TITLE_003537,Future-proofed local paradigm 2003,TV Series,Sci-Fi,Apple TV+,2003,5406,6,2026-05-23T22:32:41.897232
TITLE_003538,Seamless human-resource ability 1997,TV Series,Comedy,Paramount,1997,1739,4,2026-05-23T22:32:41.897238
TITLE_003539,Integrated logistical project 2023,Documentary,Thriller,Sony,2023,1759,0,2026-05-23T22:32:41.897245
TITLE_003540,Cross-platform zero tolerance application 1981,Special,Thriller,Sony,1981,1105,0,2026-05-23T22:32:41.897250
TITLE_003541,Automated actuating hierarchy 1992,Special,Drama,Apple TV+,1992,4732,0,2026-05-23T22:32:41.897255
TITLE_003542,Innovative holistic instruction set 1983,Documentary,Action,Apple TV+,1983,386,0,2026-05-23T22:32:41.897260
TITLE_003543,Innovative 4thgeneration synergy 2011,TV Series,Horror,Warner Bros,2011,655,7,2026-05-23T22:32:41.897266
TITLE_003544,Right-sized composite paradigm 1997,Movie,Drama,Disney,1997,63,0,2026-05-23T22:32:41.897270
TITLE_003545,Ameliorated multi-tasking neural-net 2015,Miniseries,Action,Universal,2015,695,0,2026-05-23T22:32:41.897275
TITLE_003546,Centralized discrete framework 2002,Documentary,Action,Sony,2002,3541,0,2026-05-23T22:32:41.897282
TITLE_003547,Diverse asynchronous complexity 1992,Movie,Horror,Disney,1992,166,0,2026-05-23T22:32:41.897288
TITLE_003548,Visionary didactic adapter 1990,TV Series,Horror,Sony,1990,2616,7,2026-05-23T22:32:41.897293
TITLE_003549,Upgradable motivating moratorium 1995,Movie,Action,Warner Bros,1995,111,0,2026-05-23T22:32:41.897299
TITLE_003550,Persistent interactive synergy 2007,Documentary,Thriller,Paramount,2007,542,0,2026-05-23T22:32:41.897303
TITLE_003551,Diverse zero administration system engine 2010,Special,Horror,Netflix Studios,2010,602,0,2026-05-23T22:32:41.897308
TITLE_003552,Reactive solution-oriented software 1993,Documentary,Animation,Netflix Studios,1993,5686,0,2026-05-23T22:32:41.897314
TITLE_003553,Pre-emptive high-level challenge 1990,Miniseries,Comedy,Apple TV+,1990,2882,0,2026-05-23T22:32:41.897319
TITLE_003554,Object-based directional software 2018,Special,Thriller,Sony,2018,5115,0,2026-05-23T22:32:41.897325
TITLE_003555,Upgradable 4thgeneration implementation 2019,Movie,Drama,Warner Bros,2019,85,0,2026-05-23T22:32:41.897330
TITLE_003556,Sharable solution-oriented approach 2005,Movie,Comedy,Paramount,2005,107,0,2026-05-23T22:32:41.897335
TITLE_003557,Up-sized well-modulated attitude 1994,Special,Thriller,Warner Bros,1994,4201,0,2026-05-23T22:32:41.897340
TITLE_003558,Stand-alone actuating secured line 2022,Movie,Drama,Sony,2022,180,0,2026-05-23T22:32:41.897345
TITLE_003559,Integrated mission-critical Graphic Interface 2012,Special,Comedy,Disney,2012,5202,0,2026-05-23T22:32:41.897352
TITLE_003560,Streamlined stable model 2009,Documentary,Comedy,Apple TV+,2009,3015,0,2026-05-23T22:32:41.897357
TITLE_003561,De-engineered eco-centric alliance 2007,Miniseries,Comedy,Disney,2007,3599,0,2026-05-23T22:32:41.897363
TITLE_003562,Advanced contextually-based system engine 2011,Movie,Action,Netflix Studios,2011,138,0,2026-05-23T22:32:41.897368
TITLE_003563,Re-engineered solution-oriented orchestration 2023,Miniseries,Animation,Netflix Studios,2023,5412,0,2026-05-23T22:32:41.897375
TITLE_003564,Enterprise-wide zero tolerance service-desk 1985,Movie,Drama,Netflix Studios,1985,175,0,2026-05-23T22:32:41.897380
TITLE_003565,Visionary holistic projection 2004,Movie,Thriller,Disney,2004,60,0,2026-05-23T22:32:41.897387
TITLE_003566,Quality-focused global groupware 1987,Special,Comedy,Paramount,1987,1893,0,2026-05-23T22:32:41.897394
TITLE_003567,Optimized national structure 2008,Documentary,Romance,Universal,2008,2078,0,2026-05-23T22:32:41.897399
TITLE_003568,Optimized explicit challenge 1982,Documentary,Romance,Paramount,1982,4937,0,2026-05-23T22:32:41.897404
TITLE_003569,Fundamental fresh-thinking data-warehouse 2012,Special,Horror,Paramount,2012,2230,0,2026-05-23T22:32:41.897410
TITLE_003570,De-engineered tertiary success 1985,Miniseries,Thriller,Sony,1985,1191,0,2026-05-23T22:32:41.897431
TITLE_003571,Object-based analyzing Graphical User Interface 2005,Movie,Sci-Fi,Paramount,2005,86,0,2026-05-23T22:32:41.897441
TITLE_003572,Front-line optimizing Local Area Network 1990,Miniseries,Action,Apple TV+,1990,3156,0,2026-05-23T22:32:41.897447
TITLE_003573,Automated interactive methodology 2025,Documentary,Drama,Netflix Studios,2025,4229,0,2026-05-23T22:32:41.897453
TITLE_003574,Profound mission-critical conglomeration 1999,Documentary,Animation,Paramount,1999,1490,0,2026-05-23T22:32:41.897458
TITLE_003575,Innovative 4thgeneration toolset 2008,Movie,Thriller,Apple TV+,2008,111,0,2026-05-23T22:32:41.897463
TITLE_003576,Cross-group interactive solution 1984,Miniseries,Animation,Disney,1984,4752,0,2026-05-23T22:32:41.897468
TITLE_003577,Implemented responsive circuit 1998,TV Series,Sci-Fi,Apple TV+,1998,3994,5,2026-05-23T22:32:41.897474
TITLE_003578,Vision-oriented web-enabled definition 2001,TV Series,Thriller,Universal,2001,3426,3,2026-05-23T22:32:41.897480
TITLE_003579,Synergized motivating Local Area Network 2006,Special,Romance,Warner Bros,2006,3265,0,2026-05-23T22:32:41.897485
TITLE_003580,Virtual global methodology 1988,Movie,Romance,Paramount,1988,137,0,2026-05-23T22:32:41.897491
TITLE_003581,Persistent bi-directional service-desk 2005,TV Series,Action,Warner Bros,2005,5920,7,2026-05-23T22:32:41.897497
TITLE_003582,Sharable optimal artificial intelligence 2001,Movie,Horror,Netflix Studios,2001,160,0,2026-05-23T22:32:41.897502
TITLE_003583,Reverse-engineered tangible Graphical User Interface 2016,Documentary,Animation,Paramount,2016,4799,0,2026-05-23T22:32:41.897507
TITLE_003584,Business-focused multimedia artificial intelligence 1989,Miniseries,Comedy,Netflix Studios,1989,5423,0,2026-05-23T22:32:41.897512
TITLE_003585,Compatible content-based architecture 1980,Movie,Romance,Paramount,1980,107,0,2026-05-23T22:32:41.897519
TITLE_003586,Re-contextualized uniform forecast 2001,Special,Comedy,Universal,2001,2091,0,2026-05-23T22:32:41.897524
TITLE_003587,Visionary dynamic secured line 1984,Miniseries,Animation,Universal,1984,3891,0,2026-05-23T22:32:41.897530
TITLE_003588,Realigned analyzing infrastructure 1987,Movie,Horror,Warner Bros,1987,67,0,2026-05-23T22:32:41.897535
TITLE_003589,Realigned asymmetric complexity 2011,Documentary,Action,Apple TV+,2011,4545,0,2026-05-23T22:32:41.897541
TITLE_003590,Re-contextualized upward-trending monitoring 1989,TV Series,Thriller,Disney,1989,3478,4,2026-05-23T22:32:41.897548
TITLE_003591,Distributed 24hour emulation 1985,Documentary,Action,Sony,1985,3338,0,2026-05-23T22:32:41.897554
TITLE_003592,Universal regional encoding 2010,TV Series,Sci-Fi,Paramount,2010,2054,3,2026-05-23T22:32:41.897560
TITLE_003593,Persevering actuating instruction set 2004,TV Series,Comedy,Netflix Studios,2004,2734,4,2026-05-23T22:32:41.897565
TITLE_003594,Stand-alone executive open architecture 2022,Special,Action,Universal,2022,3561,0,2026-05-23T22:32:41.897570
TITLE_003595,Intuitive homogeneous encoding 1985,Special,Romance,Netflix Studios,1985,4540,0,2026-05-23T22:32:41.897575
TITLE_003596,Optimized explicit benchmark 2008,TV Series,Comedy,Netflix Studios,2008,2611,2,2026-05-23T22:32:41.897580
TITLE_003597,Total 6thgeneration customer loyalty 2012,Special,Thriller,Sony,2012,4829,0,2026-05-23T22:32:41.897586
TITLE_003598,Synchronized static moderator 1992,Miniseries,Horror,Paramount,1992,2173,0,2026-05-23T22:32:41.897591
TITLE_003599,Multi-channeled analyzing capacity 2015,Special,Comedy,Paramount,2015,769,0,2026-05-23T22:32:41.897597
TITLE_003600,Robust user-facing hub 2018,Special,Sci-Fi,Apple TV+,2018,915,0,2026-05-23T22:32:41.897602
TITLE_003601,Operative client-server contingency 2022,Special,Horror,Warner Bros,2022,1829,0,2026-05-23T22:32:41.897607
TITLE_003602,Customer-focused neutral adapter 1982,Special,Romance,Warner Bros,1982,3386,0,2026-05-23T22:32:41.897612
TITLE_003603,User-friendly national access 2016,Special,Comedy,Universal,2016,3357,0,2026-05-23T22:32:41.897618
TITLE_003604,Compatible bi-directional focus group 1996,Movie,Animation,Paramount,1996,86,0,2026-05-23T22:32:41.897624
TITLE_003605,Streamlined mobile support 2007,Special,Horror,Disney,2007,1079,0,2026-05-23T22:32:41.897630
TITLE_003606,Vision-oriented foreground algorithm 1980,Special,Sci-Fi,Netflix Studios,1980,2127,0,2026-05-23T22:32:41.897635
TITLE_003607,Digitized foreground extranet 2003,Documentary,Romance,Warner Bros,2003,5237,0,2026-05-23T22:32:41.897640
TITLE_003608,Face-to-face eco-centric collaboration 1999,Miniseries,Comedy,Apple TV+,1999,4775,0,2026-05-23T22:32:41.897645
TITLE_003609,Vision-oriented exuding instruction set 2009,Miniseries,Animation,Apple TV+,2009,4742,0,2026-05-23T22:32:41.897651
TITLE_003610,Implemented foreground customer loyalty 1983,Special,Animation,Paramount,1983,2416,0,2026-05-23T22:32:41.897657
TITLE_003611,Cross-platform static project 2019,Miniseries,Horror,Netflix Studios,2019,2449,0,2026-05-23T22:32:41.897662
TITLE_003612,Pre-emptive clear-thinking Local Area Network 2012,Special,Animation,Universal,2012,794,0,2026-05-23T22:32:41.897669
TITLE_003613,Managed empowering Graphical User Interface 2025,Documentary,Action,Warner Bros,2025,2944,0,2026-05-23T22:32:41.897675
TITLE_003614,Configurable asynchronous Graphic Interface 1984,Special,Romance,Netflix Studios,1984,4608,0,2026-05-23T22:32:41.897680
TITLE_003615,Multi-tiered 24hour emulation 2002,Miniseries,Animation,Warner Bros,2002,4480,0,2026-05-23T22:32:41.897685
TITLE_003616,Enhanced zero administration attitude 2014,TV Series,Action,Apple TV+,2014,1735,6,2026-05-23T22:32:41.897691
TITLE_003617,Right-sized multi-tasking Local Area Network 1998,Documentary,Thriller,Universal,1998,2835,0,2026-05-23T22:32:41.897696
TITLE_003618,Horizontal eco-centric core 2006,Miniseries,Horror,Apple TV+,2006,2208,0,2026-05-23T22:32:41.897701
TITLE_003619,Reduced disintermediate time-frame 1994,Movie,Romance,Netflix Studios,1994,69,0,2026-05-23T22:32:41.897706
TITLE_003620,User-centric content-based approach 1996,Miniseries,Romance,Paramount,1996,4730,0,2026-05-23T22:32:41.897712
TITLE_003621,Switchable asynchronous hub 2021,TV Series,Horror,Paramount,2021,4268,6,2026-05-23T22:32:41.897717
TITLE_003622,Expanded user-facing pricing structure 1992,TV Series,Action,Universal,1992,4970,3,2026-05-23T22:32:41.897722
TITLE_003623,Total systematic protocol 2004,TV Series,Drama,Netflix Studios,2004,1519,8,2026-05-23T22:32:41.897729
TITLE_003624,Switchable methodical model 1987,Special,Thriller,Sony,1987,2405,0,2026-05-23T22:32:41.897736
TITLE_003625,Networked dynamic knowledgebase 2004,Special,Romance,Universal,2004,1290,0,2026-05-23T22:32:41.897741
TITLE_003626,Upgradable leadingedge access 1996,Documentary,Comedy,Paramount,1996,1068,0,2026-05-23T22:32:41.897746
TITLE_003627,Advanced exuding initiative 2012,Special,Comedy,Apple TV+,2012,1738,0,2026-05-23T22:32:41.897751
TITLE_003628,Fundamental zero tolerance time-frame 1985,Special,Horror,Universal,1985,3385,0,2026-05-23T22:32:41.897757
TITLE_003629,Integrated needs-based synergy 1989,Miniseries,Drama,Apple TV+,1989,3737,0,2026-05-23T22:32:41.897762
TITLE_003630,Stand-alone exuding paradigm 1994,Documentary,Sci-Fi,Apple TV+,1994,1775,0,2026-05-23T22:32:41.897768
TITLE_003631,Reverse-engineered actuating solution 2022,TV Series,Horror,Disney,2022,3909,1,2026-05-23T22:32:41.897772
TITLE_003632,Public-key responsive contingency 2016,Movie,Comedy,Sony,2016,90,0,2026-05-23T22:32:41.897778
TITLE_003633,Secured methodical parallelism 2018,Movie,Animation,Sony,2018,104,0,2026-05-23T22:32:41.897784
TITLE_003634,Fully-configurable intermediate ability 2017,Special,Romance,Paramount,2017,4682,0,2026-05-23T22:32:41.897791
TITLE_003635,Seamless demand-driven hardware 1986,Documentary,Thriller,Disney,1986,3998,0,2026-05-23T22:32:41.897796
TITLE_003636,User-friendly asynchronous adapter 2019,Miniseries,Sci-Fi,Paramount,2019,2310,0,2026-05-23T22:32:41.897801
TITLE_003637,Visionary actuating methodology 1984,Special,Comedy,Netflix Studios,1984,5470,0,2026-05-23T22:32:41.897807
TITLE_003638,Business-focused directional capacity 1982,TV Series,Thriller,Paramount,1982,1531,3,2026-05-23T22:32:41.897813
TITLE_003639,Self-enabling dedicated functionalities 2009,Movie,Action,Disney,2009,135,0,2026-05-23T22:32:41.897819
TITLE_003640,Optional attitude-oriented challenge 1995,Special,Action,Netflix Studios,1995,3562,0,2026-05-23T22:32:41.897824
TITLE_003641,Right-sized intermediate Local Area Network 1990,Movie,Animation,Netflix Studios,1990,102,0,2026-05-23T22:32:41.897829
TITLE_003642,Decentralized 4thgeneration database 1983,Miniseries,Romance,Netflix Studios,1983,3859,0,2026-05-23T22:32:41.897834
TITLE_003643,Progressive homogeneous implementation 1996,Miniseries,Action,Sony,1996,3753,0,2026-05-23T22:32:41.897841
TITLE_003644,Vision-oriented incremental instruction set 2025,Miniseries,Comedy,Sony,2025,3155,0,2026-05-23T22:32:41.897846
TITLE_003645,Team-oriented holistic superstructure 2014,Special,Animation,Sony,2014,2886,0,2026-05-23T22:32:41.897852
TITLE_003646,Ergonomic full-range secured line 1981,Movie,Sci-Fi,Disney,1981,139,0,2026-05-23T22:32:41.897857
TITLE_003647,Exclusive non-volatile core 2006,TV Series,Action,Universal,2006,612,5,2026-05-23T22:32:41.897863
TITLE_003648,Innovative local architecture 1999,Special,Thriller,Sony,1999,3057,0,2026-05-23T22:32:41.897868
TITLE_003649,Open-architected even-keeled challenge 2011,Movie,Comedy,Netflix Studios,2011,106,0,2026-05-23T22:32:41.897873
TITLE_003650,Versatile discrete infrastructure 2017,Documentary,Thriller,Disney,2017,2110,0,2026-05-23T22:32:41.897879
TITLE_003651,Implemented reciprocal help-desk 2020,Documentary,Drama,Universal,2020,2177,0,2026-05-23T22:32:41.897884
TITLE_003652,Multi-layered client-server monitoring 1994,Documentary,Action,Netflix Studios,1994,4506,0,2026-05-23T22:32:41.897890
TITLE_003653,Implemented content-based leverage 1992,TV Series,Comedy,Sony,1992,3436,6,2026-05-23T22:32:41.897896
TITLE_003654,Fundamental 6thgeneration hub 1999,Documentary,Comedy,Warner Bros,1999,5762,0,2026-05-23T22:32:41.897902
TITLE_003655,Managed attitude-oriented knowledge user 2022,TV Series,Drama,Sony,2022,3104,6,2026-05-23T22:32:41.897909
TITLE_003656,Assimilated user-facing service-desk 2019,Movie,Action,Netflix Studios,2019,147,0,2026-05-23T22:32:41.897914
TITLE_003657,Multi-tiered 6thgeneration open architecture 1988,Movie,Action,Universal,1988,158,0,2026-05-23T22:32:41.897920
TITLE_003658,Inverse global methodology 1993,Miniseries,Sci-Fi,Universal,1993,3538,0,2026-05-23T22:32:41.897926
TITLE_003659,Function-based zero administration parallelism 1995,TV Series,Action,Netflix Studios,1995,2943,1,2026-05-23T22:32:41.897932
TITLE_003660,Phased methodical groupware 1989,Movie,Sci-Fi,Warner Bros,1989,164,0,2026-05-23T22:32:41.897939
TITLE_003661,Vision-oriented responsive frame 2000,TV Series,Thriller,Netflix Studios,2000,4321,3,2026-05-23T22:32:41.897945
TITLE_003662,Persistent incremental installation 1992,Movie,Comedy,Disney,1992,126,0,2026-05-23T22:32:41.897951
TITLE_003663,Extended multi-state open system 1997,Miniseries,Romance,Disney,1997,4956,0,2026-05-23T22:32:41.897958
TITLE_003664,Exclusive coherent flexibility 2010,Movie,Comedy,Apple TV+,2010,82,0,2026-05-23T22:32:41.897963
TITLE_003665,Centralized non-volatile core 2012,TV Series,Thriller,Apple TV+,2012,3405,8,2026-05-23T22:32:41.897969
TITLE_003666,Versatile encompassing software 1994,TV Series,Thriller,Sony,1994,5724,2,2026-05-23T22:32:41.897974
TITLE_003667,Team-oriented bi-directional hierarchy 2004,Documentary,Drama,Netflix Studios,2004,2795,0,2026-05-23T22:32:41.897978
TITLE_003668,Managed upward-trending groupware 2007,Miniseries,Comedy,Warner Bros,2007,4935,0,2026-05-23T22:32:41.897984
TITLE_003669,Enterprise-wide tangible installation 1990,TV Series,Animation,Warner Bros,1990,4076,2,2026-05-23T22:32:41.897989
TITLE_003670,Implemented reciprocal analyzer 2008,TV Series,Animation,Sony,2008,3506,8,2026-05-23T22:32:41.897994
TITLE_003671,Synergized intermediate success 1990,Special,Action,Universal,1990,4543,0,2026-05-23T22:32:41.897999
TITLE_003672,Adaptive global forecast 2023,Special,Romance,Warner Bros,2023,3188,0,2026-05-23T22:32:41.898005
TITLE_003673,Inverse directional installation 2018,Special,Drama,Netflix Studios,2018,3014,0,2026-05-23T22:32:41.898010
TITLE_003674,Public-key homogeneous benchmark 2018,Miniseries,Action,Paramount,2018,5017,0,2026-05-23T22:32:41.898015
TITLE_003675,Synergized bi-directional support 1999,Documentary,Action,Paramount,1999,3315,0,2026-05-23T22:32:41.898021
TITLE_003676,Function-based multi-tasking firmware 1998,Movie,Drama,Apple TV+,1998,109,0,2026-05-23T22:32:41.898026
TITLE_003677,Secured motivating standardization 2017,Documentary,Comedy,Apple TV+,2017,5768,0,2026-05-23T22:32:41.898031
TITLE_003678,Multi-lateral neutral groupware 2023,TV Series,Romance,Sony,2023,1456,5,2026-05-23T22:32:41.898036
TITLE_003679,Open-architected contextually-based implementation 1982,Movie,Sci-Fi,Warner Bros,1982,169,0,2026-05-23T22:32:41.898042
TITLE_003680,Enterprise-wide interactive info-mediaries 1989,Documentary,Action,Paramount,1989,4509,0,2026-05-23T22:32:41.898048
TITLE_003681,Robust non-volatile system engine 1993,Movie,Thriller,Sony,1993,133,0,2026-05-23T22:32:41.898054
TITLE_003682,Reduced system-worthy open architecture 2021,Special,Animation,Netflix Studios,2021,804,0,2026-05-23T22:32:41.898061
TITLE_003683,Balanced optimizing ability 2017,Documentary,Horror,Apple TV+,2017,5153,0,2026-05-23T22:32:41.898066
TITLE_003684,Intuitive interactive portal 1999,TV Series,Drama,Sony,1999,2545,1,2026-05-23T22:32:41.898071
TITLE_003685,Mandatory scalable moderator 2002,Miniseries,Romance,Disney,2002,365,0,2026-05-23T22:32:41.898076
TITLE_003686,Reduced explicit moderator 1993,Special,Action,Warner Bros,1993,5260,0,2026-05-23T22:32:41.898082
TITLE_003687,Centralized radical algorithm 1980,Miniseries,Drama,Disney,1980,4508,0,2026-05-23T22:32:41.898088
TITLE_003688,Managed leadingedge Graphic Interface 2015,TV Series,Thriller,Universal,2015,1711,7,2026-05-23T22:32:41.898093
TITLE_003689,Inverse intangible adapter 2019,Special,Sci-Fi,Paramount,2019,2053,0,2026-05-23T22:32:41.898098
TITLE_003690,Grass-roots client-driven infrastructure 2008,Miniseries,Romance,Netflix Studios,2008,4663,0,2026-05-23T22:32:41.898104
TITLE_003691,Progressive didactic access 2004,Documentary,Sci-Fi,Universal,2004,1374,0,2026-05-23T22:32:41.898110
TITLE_003692,Programmable logistical emulation 1997,Movie,Comedy,Sony,1997,77,0,2026-05-23T22:32:41.898117
TITLE_003693,Balanced modular encryption 2024,TV Series,Action,Netflix Studios,2024,707,5,2026-05-23T22:32:41.898123
TITLE_003694,Open-architected modular challenge 2005,TV Series,Comedy,Paramount,2005,1927,8,2026-05-23T22:32:41.898129
TITLE_003695,Triple-buffered web-enabled extranet 2017,Special,Animation,Apple TV+,2017,4766,0,2026-05-23T22:32:41.898135
TITLE_003696,Multi-tiered directional algorithm 1999,Movie,Romance,Apple TV+,1999,126,0,2026-05-23T22:32:41.898140
TITLE_003697,Fully-configurable fresh-thinking secured line 2019,TV Series,Romance,Paramount,2019,4797,3,2026-05-23T22:32:41.898146
TITLE_003698,Public-key dynamic access 2017,Miniseries,Horror,Disney,2017,2613,0,2026-05-23T22:32:41.898151
TITLE_003699,Adaptive zero-defect open system 1991,Miniseries,Horror,Warner Bros,1991,936,0,2026-05-23T22:32:41.898156
TITLE_003700,Horizontal multimedia product 2000,Documentary,Sci-Fi,Sony,2000,3855,0,2026-05-23T22:32:41.898163
TITLE_003701,Future-proofed 24hour contingency 2021,Miniseries,Thriller,Universal,2021,835,0,2026-05-23T22:32:41.898168
TITLE_003702,Phased mobile protocol 2025,TV Series,Horror,Warner Bros,2025,3089,7,2026-05-23T22:32:41.898174
TITLE_003703,Persevering homogeneous functionalities 1981,Documentary,Action,Disney,1981,4168,0,2026-05-23T22:32:41.898180
TITLE_003704,Centralized impactful website 2000,TV Series,Sci-Fi,Disney,2000,913,4,2026-05-23T22:32:41.898186
TITLE_003705,Sharable maximized knowledgebase 2025,TV Series,Thriller,Universal,2025,647,4,2026-05-23T22:32:41.898193
TITLE_003706,Inverse dynamic projection 2000,Special,Sci-Fi,Apple TV+,2000,4012,0,2026-05-23T22:32:41.898199
TITLE_003707,Optimized bifurcated intranet 2014,Miniseries,Horror,Netflix Studios,2014,4095,0,2026-05-23T22:32:41.898204
TITLE_003708,Realigned discrete array 1982,Documentary,Comedy,Universal,1982,1803,0,2026-05-23T22:32:41.898209
TITLE_003709,Reactive clear-thinking moderator 2002,Documentary,Romance,Disney,2002,2008,0,2026-05-23T22:32:41.898215
TITLE_003710,Realigned regional capacity 2004,Miniseries,Romance,Sony,2004,4050,0,2026-05-23T22:32:41.898220
TITLE_003711,Horizontal cohesive Graphic Interface 2011,Miniseries,Comedy,Universal,2011,2289,0,2026-05-23T22:32:41.898225
TITLE_003712,Fully-configurable hybrid synergy 2013,Movie,Horror,Paramount,2013,102,0,2026-05-23T22:32:41.898231
TITLE_003713,Decentralized motivating task-force 1984,Movie,Drama,Warner Bros,1984,149,0,2026-05-23T22:32:41.898236
TITLE_003714,Public-key bifurcated service-desk 1997,Special,Romance,Warner Bros,1997,959,0,2026-05-23T22:32:41.898241
TITLE_003715,Future-proofed high-level hierarchy 2015,Movie,Romance,Disney,2015,166,0,2026-05-23T22:32:41.898246
TITLE_003716,Robust needs-based framework 2009,Movie,Drama,Paramount,2009,179,0,2026-05-23T22:32:41.898251
TITLE_003717,Total composite core 2021,TV Series,Romance,Apple TV+,2021,4443,8,2026-05-23T22:32:41.898257
TITLE_003718,Adaptive clear-thinking adapter 1980,Special,Romance,Paramount,1980,4954,0,2026-05-23T22:32:41.898263
TITLE_003719,Monitored transitional process improvement 2012,Movie,Animation,Paramount,2012,157,0,2026-05-23T22:32:41.898268
TITLE_003720,Diverse real-time knowledge user 2005,Miniseries,Horror,Paramount,2005,2074,0,2026-05-23T22:32:41.898274
TITLE_003721,De-engineered real-time attitude 2008,Special,Horror,Paramount,2008,1466,0,2026-05-23T22:32:41.898280
TITLE_003722,User-centric mobile knowledge user 1982,TV Series,Animation,Disney,1982,2049,2,2026-05-23T22:32:41.898286
TITLE_003723,Assimilated zero tolerance toolset 2019,Miniseries,Animation,Universal,2019,3429,0,2026-05-23T22:32:41.898292
TITLE_003724,Devolved multimedia artificial intelligence 2012,Special,Animation,Universal,2012,3156,0,2026-05-23T22:32:41.898298
TITLE_003725,Networked multimedia access 2009,Special,Sci-Fi,Netflix Studios,2009,4116,0,2026-05-23T22:32:41.898302
TITLE_003726,Upgradable attitude-oriented matrix 1995,Miniseries,Thriller,Sony,1995,5141,0,2026-05-23T22:32:41.898308
TITLE_003727,Customizable background infrastructure 1996,Movie,Romance,Sony,1996,46,0,2026-05-23T22:32:41.898313
TITLE_003728,Business-focused 24/7 instruction set 2002,Movie,Romance,Disney,2002,103,0,2026-05-23T22:32:41.898320
TITLE_003729,Switchable coherent flexibility 2003,Miniseries,Sci-Fi,Disney,2003,4431,0,2026-05-23T22:32:41.898325
TITLE_003730,Quality-focused dynamic leverage 2007,Special,Sci-Fi,Netflix Studios,2007,3114,0,2026-05-23T22:32:41.898330
TITLE_003731,Down-sized web-enabled secured line 2019,TV Series,Romance,Sony,2019,1325,1,2026-05-23T22:32:41.898336
TITLE_003732,Front-line multi-state adapter 2015,Special,Action,Netflix Studios,2015,4682,0,2026-05-23T22:32:41.898342
TITLE_003733,Multi-lateral radical parallelism 2011,Documentary,Sci-Fi,Netflix Studios,2011,610,0,2026-05-23T22:32:41.898348
TITLE_003734,Extended contextually-based encoding 2014,Movie,Comedy,Apple TV+,2014,158,0,2026-05-23T22:32:41.898353
TITLE_003735,Enterprise-wide bandwidth-monitored forecast 2016,Special,Horror,Warner Bros,2016,4465,0,2026-05-23T22:32:41.898359
TITLE_003736,Persistent high-level interface 2009,Documentary,Romance,Netflix Studios,2009,2914,0,2026-05-23T22:32:41.898364
TITLE_003737,Fundamental static extranet 2014,Special,Thriller,Paramount,2014,1590,0,2026-05-23T22:32:41.898369
TITLE_003738,Realigned reciprocal instruction set 2020,Miniseries,Comedy,Netflix Studios,2020,2953,0,2026-05-23T22:32:41.898374
TITLE_003739,Organic client-driven collaboration 1987,TV Series,Animation,Universal,1987,5786,8,2026-05-23T22:32:41.898380
TITLE_003740,User-centric executive software 2014,Movie,Comedy,Universal,2014,132,0,2026-05-23T22:32:41.898385
TITLE_003741,Re-engineered demand-driven customer loyalty 1991,Movie,Comedy,Warner Bros,1991,178,0,2026-05-23T22:32:41.898392
TITLE_003742,Reduced encompassing implementation 2016,TV Series,Sci-Fi,Sony,2016,1823,3,2026-05-23T22:32:41.898397
TITLE_003743,Customizable asymmetric array 2001,TV Series,Comedy,Netflix Studios,2001,889,8,2026-05-23T22:32:41.898403
TITLE_003744,Cross-platform grid-enabled structure 2011,TV Series,Thriller,Disney,2011,1951,5,2026-05-23T22:32:41.898411
TITLE_003745,Diverse actuating workforce 1992,Movie,Thriller,Warner Bros,1992,71,0,2026-05-23T22:32:41.898418
TITLE_003746,De-engineered uniform firmware 1985,Miniseries,Horror,Universal,1985,3950,0,2026-05-23T22:32:41.898423
TITLE_003747,Multi-channeled zero-defect ability 1996,Movie,Horror,Netflix Studios,1996,60,0,2026-05-23T22:32:41.898428
TITLE_003748,Profit-focused didactic task-force 2012,Documentary,Thriller,Warner Bros,2012,1704,0,2026-05-23T22:32:41.898433
TITLE_003749,Synergistic fault-tolerant Graphical User Interface 2009,Special,Comedy,Universal,2009,2320,0,2026-05-23T22:32:41.898439
TITLE_003750,Optional 4thgeneration capability 2004,Special,Horror,Netflix Studios,2004,4108,0,2026-05-23T22:32:41.898446
TITLE_003751,Reverse-engineered user-facing projection 2013,Special,Thriller,Apple TV+,2013,4589,0,2026-05-23T22:32:41.898452
TITLE_003752,Secured upward-trending hardware 2015,TV Series,Romance,Paramount,2015,318,4,2026-05-23T22:32:41.898458
TITLE_003753,Horizontal value-added benchmark 2024,TV Series,Sci-Fi,Warner Bros,2024,5526,6,2026-05-23T22:32:41.898463
TITLE_003754,Seamless 5thgeneration open architecture 1992,Movie,Drama,Paramount,1992,128,0,2026-05-23T22:32:41.898470
TITLE_003755,Face-to-face human-resource utilization 1982,TV Series,Sci-Fi,Apple TV+,1982,1143,7,2026-05-23T22:32:41.898476
TITLE_003756,Progressive background productivity 1998,TV Series,Horror,Paramount,1998,678,2,2026-05-23T22:32:41.898482
TITLE_003757,Versatile analyzing moderator 1994,Special,Horror,Sony,1994,3262,0,2026-05-23T22:32:41.898488
TITLE_003758,Monitored leadingedge parallelism 2001,Miniseries,Sci-Fi,Disney,2001,4151,0,2026-05-23T22:32:41.898493
TITLE_003759,Universal web-enabled knowledgebase 2012,Special,Comedy,Sony,2012,5177,0,2026-05-23T22:32:41.898498
TITLE_003760,Multi-channeled didactic strategy 2017,Documentary,Horror,Netflix Studios,2017,5842,0,2026-05-23T22:32:41.898505
TITLE_003761,Robust attitude-oriented encryption 1994,TV Series,Drama,Disney,1994,5121,8,2026-05-23T22:32:41.898511
TITLE_003762,Secured intangible function 1998,Movie,Drama,Paramount,1998,148,0,2026-05-23T22:32:41.898516
TITLE_003763,Persistent 24hour implementation 1987,Documentary,Sci-Fi,Universal,1987,4478,0,2026-05-23T22:32:41.898521
TITLE_003764,Ameliorated systemic neural-net 1996,TV Series,Thriller,Disney,1996,651,8,2026-05-23T22:32:41.898527
TITLE_003765,Profound zero tolerance throughput 1986,Documentary,Thriller,Apple TV+,1986,1033,0,2026-05-23T22:32:41.898534
TITLE_003766,Upgradable discrete Graphic Interface 2012,Documentary,Horror,Sony,2012,2647,0,2026-05-23T22:32:41.898540
TITLE_003767,Configurable tangible database 2001,Movie,Thriller,Warner Bros,2001,113,0,2026-05-23T22:32:41.898545
TITLE_003768,Operative 5thgeneration standardization 1987,Movie,Drama,Netflix Studios,1987,80,0,2026-05-23T22:32:41.898550
TITLE_003769,Focused mobile application 1994,Special,Comedy,Sony,1994,2668,0,2026-05-23T22:32:41.898555
TITLE_003770,Vision-oriented tertiary circuit 2011,Miniseries,Romance,Warner Bros,2011,4855,0,2026-05-23T22:32:41.898561
TITLE_003771,Cloned mobile capability 1993,Miniseries,Comedy,Netflix Studios,1993,5652,0,2026-05-23T22:32:41.898566
TITLE_003772,Integrated local definition 1998,TV Series,Thriller,Disney,1998,5201,7,2026-05-23T22:32:41.898571
TITLE_003773,Fundamental eco-centric encryption 2015,Documentary,Thriller,Paramount,2015,1928,0,2026-05-23T22:32:41.898576
TITLE_003774,Programmable full-range collaboration 1999,Movie,Drama,Apple TV+,1999,162,0,2026-05-23T22:32:41.898581
TITLE_003775,Cloned zero administration Graphic Interface 1982,Movie,Romance,Netflix Studios,1982,123,0,2026-05-23T22:32:41.898587
TITLE_003776,Re-contextualized empowering implementation 1992,Special,Drama,Apple TV+,1992,5225,0,2026-05-23T22:32:41.898592
TITLE_003777,Switchable 4thgeneration utilization 2011,TV Series,Drama,Warner Bros,2011,1273,8,2026-05-23T22:32:41.898599
TITLE_003778,Vision-oriented cohesive approach 2014,Movie,Romance,Netflix Studios,2014,98,0,2026-05-23T22:32:41.898605
TITLE_003779,Monitored multi-tasking archive 1983,Miniseries,Drama,Paramount,1983,2114,0,2026-05-23T22:32:41.898610
TITLE_003780,Future-proofed maximized function 1998,Special,Romance,Warner Bros,1998,3679,0,2026-05-23T22:32:41.898616
TITLE_003781,Managed foreground throughput 1995,Documentary,Sci-Fi,Paramount,1995,3817,0,2026-05-23T22:32:41.898622
TITLE_003782,Monitored hybrid contingency 2023,Movie,Sci-Fi,Warner Bros,2023,172,0,2026-05-23T22:32:41.898629
TITLE_003783,Multi-channeled heuristic encoding 1992,Miniseries,Comedy,Universal,1992,4326,0,2026-05-23T22:32:41.898636
TITLE_003784,Upgradable well-modulated productivity 2016,Movie,Comedy,Disney,2016,137,0,2026-05-23T22:32:41.898640
TITLE_003785,Reverse-engineered 24hour groupware 1988,Documentary,Animation,Universal,1988,5205,0,2026-05-23T22:32:41.898646
TITLE_003786,Distributed mission-critical process improvement 1989,TV Series,Horror,Universal,1989,4861,6,2026-05-23T22:32:41.898652
TITLE_003787,Universal regional system engine 2025,TV Series,Action,Disney,2025,3007,1,2026-05-23T22:32:41.898658
TITLE_003788,Persistent fresh-thinking task-force 1987,TV Series,Action,Warner Bros,1987,2990,1,2026-05-23T22:32:41.898664
TITLE_003789,Grass-roots web-enabled data-warehouse 1988,Movie,Horror,Apple TV+,1988,92,0,2026-05-23T22:32:41.898669
TITLE_003790,Synchronized well-modulated challenge 2020,TV Series,Action,Disney,2020,1060,7,2026-05-23T22:32:41.898675
TITLE_003791,Self-enabling non-volatile projection 1989,Special,Comedy,Warner Bros,1989,5853,0,2026-05-23T22:32:41.898681
TITLE_003792,Adaptive bottom-line flexibility 2020,Movie,Comedy,Sony,2020,171,0,2026-05-23T22:32:41.898687
TITLE_003793,Open-source grid-enabled hub 2002,TV Series,Drama,Paramount,2002,4464,5,2026-05-23T22:32:41.898692
TITLE_003794,Organic next generation function 2009,Special,Sci-Fi,Disney,2009,1241,0,2026-05-23T22:32:41.898698
TITLE_003795,Streamlined demand-driven software 2019,Special,Drama,Disney,2019,4915,0,2026-05-23T22:32:41.898703
TITLE_003796,Monitored full-range Internet solution 1983,TV Series,Comedy,Universal,1983,4618,4,2026-05-23T22:32:41.898708
TITLE_003797,Upgradable responsive focus group 2014,Movie,Sci-Fi,Universal,2014,109,0,2026-05-23T22:32:41.898713
TITLE_003798,Mandatory even-keeled software 2003,TV Series,Sci-Fi,Disney,2003,5667,1,2026-05-23T22:32:41.898719
TITLE_003799,Implemented zero tolerance application 1981,Special,Thriller,Sony,1981,2287,0,2026-05-23T22:32:41.898727
TITLE_003800,Re-contextualized systematic Local Area Network 1996,Miniseries,Horror,Apple TV+,1996,5320,0,2026-05-23T22:32:41.898732
TITLE_003801,Team-oriented composite strategy 1980,Documentary,Drama,Sony,1980,4304,0,2026-05-23T22:32:41.898738
TITLE_003802,Optional zero administration open system 1990,TV Series,Thriller,Warner Bros,1990,2514,4,2026-05-23T22:32:41.898743
TITLE_003803,De-engineered solution-oriented project 1982,Special,Comedy,Sony,1982,5387,0,2026-05-23T22:32:41.898749
TITLE_003804,Compatible actuating circuit 2014,Movie,Horror,Netflix Studios,2014,148,0,2026-05-23T22:32:41.898756
TITLE_003805,Operative empowering intranet 1994,Movie,Animation,Universal,1994,79,0,2026-05-23T22:32:41.898762
TITLE_003806,Compatible multimedia secured line 2025,Special,Drama,Universal,2025,2037,0,2026-05-23T22:32:41.898767
TITLE_003807,Multi-channeled bottom-line service-desk 2021,Documentary,Drama,Paramount,2021,2981,0,2026-05-23T22:32:41.898773
TITLE_003808,Optional high-level Local Area Network 2025,Special,Sci-Fi,Paramount,2025,630,0,2026-05-23T22:32:41.898778
TITLE_003809,Fully-configurable upward-trending process improvement 1993,Movie,Drama,Paramount,1993,67,0,2026-05-23T22:32:41.898784
TITLE_003810,Cross-platform multimedia strategy 2015,Movie,Drama,Netflix Studios,2015,158,0,2026-05-23T22:32:41.898790
TITLE_003811,Streamlined national hierarchy 1988,TV Series,Comedy,Universal,1988,5742,5,2026-05-23T22:32:41.898795
TITLE_003812,Re-engineered asynchronous challenge 1991,TV Series,Romance,Warner Bros,1991,3257,2,2026-05-23T22:32:41.898801
TITLE_003813,Face-to-face 6thgeneration archive 2024,Miniseries,Thriller,Disney,2024,5544,0,2026-05-23T22:32:41.898807
TITLE_003814,User-friendly zero administration hardware 1985,Special,Action,Paramount,1985,2990,0,2026-05-23T22:32:41.898813
TITLE_003815,Object-based logistical approach 2010,Documentary,Sci-Fi,Paramount,2010,2727,0,2026-05-23T22:32:41.898818
TITLE_003816,Future-proofed user-facing data-warehouse 2002,Documentary,Animation,Paramount,2002,2094,0,2026-05-23T22:32:41.898823
TITLE_003817,Operative cohesive methodology 2020,Special,Romance,Apple TV+,2020,4194,0,2026-05-23T22:32:41.898829
TITLE_003818,Extended upward-trending methodology 1986,Miniseries,Animation,Apple TV+,1986,5684,0,2026-05-23T22:32:41.898835
TITLE_003819,Re-contextualized 24/7 core 1995,Movie,Romance,Netflix Studios,1995,57,0,2026-05-23T22:32:41.898842
TITLE_003820,Focused methodical matrices 2018,Movie,Thriller,Disney,2018,102,0,2026-05-23T22:32:41.898848
TITLE_003821,Multi-channeled global collaboration 2016,Documentary,Comedy,Universal,2016,2317,0,2026-05-23T22:32:41.898853
TITLE_003822,Pre-emptive fault-tolerant monitoring 2002,Documentary,Comedy,Apple TV+,2002,4190,0,2026-05-23T22:32:41.898858
TITLE_003823,Public-key analyzing open architecture 1993,Special,Action,Paramount,1993,4373,0,2026-05-23T22:32:41.898864
TITLE_003824,Vision-oriented disintermediate application 2017,Documentary,Romance,Paramount,2017,4089,0,2026-05-23T22:32:41.898869
TITLE_003825,Configurable radical standardization 1986,TV Series,Thriller,Disney,1986,1406,5,2026-05-23T22:32:41.898873
TITLE_003826,Cross-platform demand-driven function 1987,Special,Horror,Warner Bros,1987,1297,0,2026-05-23T22:32:41.898879
TITLE_003827,Inverse multi-state architecture 1995,Special,Animation,Disney,1995,396,0,2026-05-23T22:32:41.898884
TITLE_003828,Team-oriented disintermediate architecture 2004,TV Series,Action,Sony,2004,5973,1,2026-05-23T22:32:41.898889
TITLE_003829,Multi-channeled global circuit 2013,TV Series,Sci-Fi,Netflix Studios,2013,4269,8,2026-05-23T22:32:41.898895
TITLE_003830,Fundamental didactic moderator 1992,TV Series,Sci-Fi,Netflix Studios,1992,5509,3,2026-05-23T22:32:41.898901
TITLE_003831,Switchable bifurcated monitoring 2004,Special,Action,Apple TV+,2004,3456,0,2026-05-23T22:32:41.898906
TITLE_003832,Innovative content-based algorithm 1997,Miniseries,Thriller,Warner Bros,1997,2825,0,2026-05-23T22:32:41.898910
TITLE_003833,Streamlined holistic installation 1992,Movie,Horror,Paramount,1992,107,0,2026-05-23T22:32:41.898916
TITLE_003834,Intuitive human-resource Graphic Interface 2000,Miniseries,Sci-Fi,Universal,2000,1449,0,2026-05-23T22:32:41.898921
TITLE_003835,Up-sized dedicated implementation 2010,Documentary,Drama,Disney,2010,5968,0,2026-05-23T22:32:41.898926
TITLE_003836,Secured upward-trending Internet solution 1984,Special,Thriller,Apple TV+,1984,5479,0,2026-05-23T22:32:41.898932
TITLE_003837,Down-sized content-based architecture 1997,Miniseries,Romance,Apple TV+,1997,2403,0,2026-05-23T22:32:41.898937
TITLE_003838,Proactive eco-centric forecast 1986,TV Series,Animation,Sony,1986,5721,4,2026-05-23T22:32:41.898944
TITLE_003839,Upgradable interactive workforce 1981,TV Series,Comedy,Paramount,1981,1560,3,2026-05-23T22:32:41.898950
TITLE_003840,Customizable background help-desk 1996,Movie,Sci-Fi,Universal,1996,139,0,2026-05-23T22:32:41.898955
TITLE_003841,Multi-tiered next generation knowledgebase 2020,Miniseries,Romance,Disney,2020,4547,0,2026-05-23T22:32:41.898961
TITLE_003842,Front-line intangible portal 1999,TV Series,Action,Paramount,1999,316,4,2026-05-23T22:32:41.898967
TITLE_003843,Multi-tiered 3rdgeneration focus group 2020,Miniseries,Drama,Universal,2020,4976,0,2026-05-23T22:32:41.898972
TITLE_003844,Persistent composite emulation 1994,Special,Romance,Warner Bros,1994,3209,0,2026-05-23T22:32:41.898977
TITLE_003845,Distributed grid-enabled neural-net 2011,Movie,Thriller,Apple TV+,2011,55,0,2026-05-23T22:32:41.898982
TITLE_003846,Pre-emptive full-range structure 2018,Miniseries,Thriller,Apple TV+,2018,5628,0,2026-05-23T22:32:41.898988
TITLE_003847,Ameliorated well-modulated protocol 1996,TV Series,Comedy,Paramount,1996,3927,8,2026-05-23T22:32:41.898994
TITLE_003848,Inverse dynamic installation 2005,Movie,Animation,Paramount,2005,83,0,2026-05-23T22:32:41.898999
TITLE_003849,Synchronized client-driven matrix 2003,Miniseries,Animation,Universal,2003,3404,0,2026-05-23T22:32:41.899006
TITLE_003850,Up-sized modular task-force 1987,Miniseries,Romance,Warner Bros,1987,386,0,2026-05-23T22:32:41.899012
TITLE_003851,Implemented attitude-oriented artificial intelligence 2021,Movie,Comedy,Sony,2021,132,0,2026-05-23T22:32:41.899017
TITLE_003852,Public-key bi-directional circuit 1992,Special,Sci-Fi,Sony,1992,3286,0,2026-05-23T22:32:41.899023
TITLE_003853,Up-sized hybrid solution 2017,Miniseries,Animation,Paramount,2017,2028,0,2026-05-23T22:32:41.899029
TITLE_003854,Streamlined regional model 1999,TV Series,Animation,Warner Bros,1999,2416,5,2026-05-23T22:32:41.899035
TITLE_003855,Multi-channeled explicit moratorium 1987,Miniseries,Thriller,Warner Bros,1987,5358,0,2026-05-23T22:32:41.899040
TITLE_003856,Customizable full-range emulation 1981,Documentary,Sci-Fi,Disney,1981,5199,0,2026-05-23T22:32:41.899045
TITLE_003857,Devolved clear-thinking function 2024,Miniseries,Comedy,Netflix Studios,2024,4134,0,2026-05-23T22:32:41.899051
TITLE_003858,Virtual bifurcated conglomeration 1983,Miniseries,Action,Sony,1983,938,0,2026-05-23T22:32:41.899058
TITLE_003859,Mandatory coherent synergy 2019,Miniseries,Animation,Paramount,2019,2995,0,2026-05-23T22:32:41.899063
TITLE_003860,Self-enabling well-modulated circuit 1995,Movie,Horror,Universal,1995,176,0,2026-05-23T22:32:41.899069
TITLE_003861,Front-line analyzing task-force 1988,Special,Romance,Paramount,1988,412,0,2026-05-23T22:32:41.899074
TITLE_003862,Upgradable value-added process improvement 2020,TV Series,Horror,Universal,2020,3012,6,2026-05-23T22:32:41.899079
TITLE_003863,Re-contextualized actuating success 1991,Special,Romance,Universal,1991,5703,0,2026-05-23T22:32:41.899085
TITLE_003864,Pre-emptive motivating collaboration 2016,Special,Horror,Netflix Studios,2016,4415,0,2026-05-23T22:32:41.899090
TITLE_003865,Polarized local interface 2013,Movie,Action,Netflix Studios,2013,114,0,2026-05-23T22:32:41.899096
TITLE_003866,Multi-channeled 24hour service-desk 2001,TV Series,Animation,Sony,2001,5568,1,2026-05-23T22:32:41.899101
TITLE_003867,Decentralized coherent concept 2017,Documentary,Sci-Fi,Netflix Studios,2017,731,0,2026-05-23T22:32:41.899107
TITLE_003868,Horizontal maximized Local Area Network 2003,Miniseries,Action,Warner Bros,2003,1844,0,2026-05-23T22:32:41.899112
TITLE_003869,Upgradable client-driven analyzer 1991,Miniseries,Thriller,Sony,1991,5703,0,2026-05-23T22:32:41.899117
TITLE_003870,De-engineered high-level monitoring 2018,TV Series,Comedy,Netflix Studios,2018,937,6,2026-05-23T22:32:41.899122
TITLE_003871,Innovative global definition 1991,Movie,Action,Netflix Studios,1991,49,0,2026-05-23T22:32:41.899128
TITLE_003872,Exclusive transitional adapter 2015,TV Series,Romance,Paramount,2015,2706,7,2026-05-23T22:32:41.899133
TITLE_003873,Profit-focused bi-directional product 2000,Miniseries,Horror,Paramount,2000,972,0,2026-05-23T22:32:41.899139
TITLE_003874,Compatible homogeneous neural-net 2015,Documentary,Romance,Sony,2015,1754,0,2026-05-23T22:32:41.899143
TITLE_003875,Exclusive zero administration time-frame 1999,Miniseries,Romance,Universal,1999,2357,0,2026-05-23T22:32:41.899148
TITLE_003876,Synergized client-driven extranet 2019,TV Series,Horror,Paramount,2019,1087,6,2026-05-23T22:32:41.899154
TITLE_003877,Synchronized 24/7 capability 2019,Movie,Romance,Sony,2019,159,0,2026-05-23T22:32:41.899160
TITLE_003878,Cloned zero-defect customer loyalty 1996,Movie,Comedy,Netflix Studios,1996,178,0,2026-05-23T22:32:41.899167
TITLE_003879,Fully-configurable zero-defect emulation 1991,Documentary,Sci-Fi,Warner Bros,1991,2252,0,2026-05-23T22:32:41.899172
TITLE_003880,Versatile empowering portal 1993,Special,Animation,Sony,1993,5179,0,2026-05-23T22:32:41.899178
TITLE_003881,Business-focused explicit capacity 1985,Special,Animation,Warner Bros,1985,1572,0,2026-05-23T22:32:41.899183
TITLE_003882,Upgradable stable circuit 2021,Documentary,Animation,Paramount,2021,2437,0,2026-05-23T22:32:41.899189
TITLE_003883,Multi-lateral 24hour contingency 2009,Special,Drama,Paramount,2009,2133,0,2026-05-23T22:32:41.899194
TITLE_003884,Innovative actuating application 1982,Miniseries,Action,Apple TV+,1982,2313,0,2026-05-23T22:32:41.899200
TITLE_003885,Optional system-worthy customer loyalty 1981,Documentary,Thriller,Disney,1981,5700,0,2026-05-23T22:32:41.899206
TITLE_003886,Front-line static encryption 2009,Documentary,Romance,Netflix Studios,2009,5663,0,2026-05-23T22:32:41.899212
TITLE_003887,Networked high-level throughput 2018,Movie,Horror,Sony,2018,167,0,2026-05-23T22:32:41.899217
TITLE_003888,Face-to-face clear-thinking challenge 2016,TV Series,Romance,Universal,2016,3257,7,2026-05-23T22:32:41.899223
TITLE_003889,Multi-lateral fresh-thinking knowledgebase 1980,Movie,Sci-Fi,Apple TV+,1980,142,0,2026-05-23T22:32:41.899228
TITLE_003890,Quality-focused bottom-line groupware 1985,Special,Thriller,Warner Bros,1985,2628,0,2026-05-23T22:32:41.899233
TITLE_003891,Extended reciprocal capacity 2009,TV Series,Comedy,Netflix Studios,2009,2848,5,2026-05-23T22:32:41.899238
TITLE_003892,Distributed 6thgeneration complexity 2012,TV Series,Action,Disney,2012,1642,4,2026-05-23T22:32:41.899245
TITLE_003893,Front-line systemic Graphical User Interface 2008,Special,Action,Disney,2008,4301,0,2026-05-23T22:32:41.899250
TITLE_003894,Reactive composite standardization 1996,Documentary,Animation,Warner Bros,1996,2533,0,2026-05-23T22:32:41.899256
TITLE_003895,Team-oriented leadingedge encryption 1988,Documentary,Horror,Paramount,1988,1482,0,2026-05-23T22:32:41.899260
TITLE_003896,Re-contextualized client-server capability 1985,Special,Thriller,Paramount,1985,3433,0,2026-05-23T22:32:41.899266
TITLE_003897,Intuitive zero tolerance knowledge user 2010,Movie,Sci-Fi,Universal,2010,115,0,2026-05-23T22:32:41.899274
TITLE_003898,Organized client-server software 1991,TV Series,Animation,Paramount,1991,3209,4,2026-05-23T22:32:41.899280
TITLE_003899,Progressive homogeneous initiative 2021,Movie,Action,Paramount,2021,110,0,2026-05-23T22:32:41.899285
TITLE_003900,Devolved radical matrices 2009,Miniseries,Horror,Netflix Studios,2009,5545,0,2026-05-23T22:32:41.899291
TITLE_003901,Innovative grid-enabled alliance 2025,Miniseries,Horror,Sony,2025,623,0,2026-05-23T22:32:41.899297
TITLE_003902,Profit-focused zero administration product 1999,Documentary,Horror,Apple TV+,1999,730,0,2026-05-23T22:32:41.899303
TITLE_003903,Assimilated asynchronous time-frame 1983,Movie,Horror,Disney,1983,155,0,2026-05-23T22:32:41.899309
TITLE_003904,Grass-roots context-sensitive service-desk 1997,Miniseries,Drama,Disney,1997,4636,0,2026-05-23T22:32:41.899314
TITLE_003905,Proactive web-enabled support 1995,Miniseries,Animation,Sony,1995,2711,0,2026-05-23T22:32:41.899320
TITLE_003906,User-centric transitional productivity 1996,Movie,Romance,Netflix Studios,1996,93,0,2026-05-23T22:32:41.899326
TITLE_003907,Progressive didactic open system 1993,TV Series,Sci-Fi,Universal,1993,2596,5,2026-05-23T22:32:41.899331
TITLE_003908,Profit-focused methodical website 1990,Documentary,Romance,Sony,1990,4305,0,2026-05-23T22:32:41.899336
TITLE_003909,Persevering needs-based framework 1981,TV Series,Romance,Apple TV+,1981,5232,5,2026-05-23T22:32:41.899342
TITLE_003910,Organized heuristic task-force 1990,Documentary,Sci-Fi,Universal,1990,2498,0,2026-05-23T22:32:41.899349
TITLE_003911,Horizontal explicit neural-net 2009,Documentary,Drama,Apple TV+,2009,3566,0,2026-05-23T22:32:41.899354
TITLE_003912,Advanced executive budgetary management 1996,Special,Thriller,Paramount,1996,1777,0,2026-05-23T22:32:41.899360
TITLE_003913,Down-sized content-based Internet solution 2019,TV Series,Romance,Netflix Studios,2019,3273,4,2026-05-23T22:32:41.899365
TITLE_003914,Team-oriented 3rdgeneration open system 1984,Special,Comedy,Sony,1984,3508,0,2026-05-23T22:32:41.899370
TITLE_003915,Cloned global approach 1981,Movie,Drama,Netflix Studios,1981,130,0,2026-05-23T22:32:41.899375
TITLE_003916,Organic next generation alliance 2010,Miniseries,Animation,Netflix Studios,2010,366,0,2026-05-23T22:32:41.899396
TITLE_003917,Persistent composite attitude 2020,Documentary,Horror,Paramount,2020,5861,0,2026-05-23T22:32:41.899405
TITLE_003918,Synergized grid-enabled application 1987,Documentary,Horror,Universal,1987,3358,0,2026-05-23T22:32:41.899411
TITLE_003919,Fully-configurable explicit Graphic Interface 1991,Movie,Action,Sony,1991,158,0,2026-05-23T22:32:41.899417
TITLE_003920,Business-focused even-keeled secured line 2001,TV Series,Comedy,Warner Bros,2001,330,4,2026-05-23T22:32:41.899424
TITLE_003921,Function-based attitude-oriented project 1997,Documentary,Sci-Fi,Sony,1997,1562,0,2026-05-23T22:32:41.899430
TITLE_003922,Reverse-engineered asymmetric contingency 2005,Miniseries,Animation,Universal,2005,300,0,2026-05-23T22:32:41.899436
TITLE_003923,Centralized multimedia utilization 1999,Miniseries,Drama,Paramount,1999,2955,0,2026-05-23T22:32:41.899441
TITLE_003924,Enhanced context-sensitive intranet 2005,Documentary,Animation,Warner Bros,2005,3984,0,2026-05-23T22:32:41.899445
TITLE_003925,Multi-channeled radical alliance 2024,Special,Animation,Sony,2024,2444,0,2026-05-23T22:32:41.899450
TITLE_003926,Open-source leadingedge encryption 1989,Documentary,Romance,Paramount,1989,1891,0,2026-05-23T22:32:41.899455
TITLE_003927,Configurable bi-directional solution 2017,Special,Comedy,Warner Bros,2017,3836,0,2026-05-23T22:32:41.899460
TITLE_003928,Fundamental high-level task-force 1986,Documentary,Romance,Netflix Studios,1986,4987,0,2026-05-23T22:32:41.899465
TITLE_003929,Multi-tiered user-facing emulation 2003,Movie,Animation,Netflix Studios,2003,58,0,2026-05-23T22:32:41.899470
TITLE_003930,Enterprise-wide intermediate implementation 1993,Documentary,Thriller,Paramount,1993,5401,0,2026-05-23T22:32:41.899476
TITLE_003931,Seamless asymmetric customer loyalty 1982,Miniseries,Sci-Fi,Warner Bros,1982,4260,0,2026-05-23T22:32:41.899481
TITLE_003932,Profit-focused executive hardware 2008,Special,Sci-Fi,Apple TV+,2008,5222,0,2026-05-23T22:32:41.899486
TITLE_003933,Implemented client-driven archive 2002,Documentary,Sci-Fi,Sony,2002,2448,0,2026-05-23T22:32:41.899492
TITLE_003934,Reverse-engineered solution-oriented definition 2019,Movie,Comedy,Sony,2019,61,0,2026-05-23T22:32:41.899498
TITLE_003935,Organized tangible moderator 1999,Movie,Animation,Disney,1999,55,0,2026-05-23T22:32:41.899504
TITLE_003936,Integrated multimedia capability 1991,Special,Comedy,Netflix Studios,1991,2865,0,2026-05-23T22:32:41.899510
TITLE_003937,Reduced client-server solution 1997,Miniseries,Romance,Disney,1997,4213,0,2026-05-23T22:32:41.899516
TITLE_003938,Cross-group bi-directional data-warehouse 2002,Movie,Drama,Apple TV+,2002,135,0,2026-05-23T22:32:41.899521
TITLE_003939,Robust impactful product 1996,Special,Action,Apple TV+,1996,722,0,2026-05-23T22:32:41.899527
TITLE_003940,Grass-roots directional architecture 2015,Special,Horror,Paramount,2015,518,0,2026-05-23T22:32:41.899533
TITLE_003941,Adaptive discrete knowledgebase 2004,TV Series,Animation,Disney,2004,4654,6,2026-05-23T22:32:41.899539
TITLE_003942,Phased zero administration collaboration 1987,Special,Romance,Warner Bros,1987,4037,0,2026-05-23T22:32:41.899545
TITLE_003943,Open-source systematic adapter 1998,Special,Sci-Fi,Warner Bros,1998,1889,0,2026-05-23T22:32:41.899549
TITLE_003944,Total reciprocal array 2008,Special,Sci-Fi,Paramount,2008,4495,0,2026-05-23T22:32:41.899555
TITLE_003945,Sharable composite hardware 2012,Special,Horror,Universal,2012,5326,0,2026-05-23T22:32:41.899560
TITLE_003946,Cloned actuating project 2020,Documentary,Sci-Fi,Apple TV+,2020,5083,0,2026-05-23T22:32:41.899566
TITLE_003947,Function-based zero tolerance archive 1996,Miniseries,Thriller,Universal,1996,3341,0,2026-05-23T22:32:41.899571
TITLE_003948,Reactive encompassing secured line 2002,Documentary,Animation,Warner Bros,2002,5439,0,2026-05-23T22:32:41.899576
TITLE_003949,Profit-focused discrete hierarchy 2002,Miniseries,Drama,Paramount,2002,4202,0,2026-05-23T22:32:41.899581
TITLE_003950,Inverse homogeneous moderator 1998,Documentary,Action,Disney,1998,2711,0,2026-05-23T22:32:41.899587
TITLE_003951,Customer-focused secondary forecast 2023,Miniseries,Drama,Netflix Studios,2023,3590,0,2026-05-23T22:32:41.899592
TITLE_003952,Customer-focused optimizing core 1992,Documentary,Drama,Paramount,1992,5143,0,2026-05-23T22:32:41.899597
TITLE_003953,Cross-platform hybrid capacity 2015,Documentary,Drama,Disney,2015,3616,0,2026-05-23T22:32:41.899602
TITLE_003954,User-friendly object-oriented strategy 1983,Miniseries,Comedy,Sony,1983,5675,0,2026-05-23T22:32:41.899607
TITLE_003955,Switchable empowering contingency 2001,TV Series,Drama,Universal,2001,1495,6,2026-05-23T22:32:41.899614
TITLE_003956,Polarized intermediate paradigm 2010,Miniseries,Sci-Fi,Warner Bros,2010,358,0,2026-05-23T22:32:41.899620
TITLE_003957,Integrated coherent archive 2021,Special,Horror,Apple TV+,2021,5486,0,2026-05-23T22:32:41.899625
TITLE_003958,Automated full-range groupware 2015,Movie,Action,Paramount,2015,139,0,2026-05-23T22:32:41.899631
TITLE_003959,Multi-lateral client-driven algorithm 2025,Miniseries,Horror,Sony,2025,4652,0,2026-05-23T22:32:41.899636
TITLE_003960,Ergonomic upward-trending algorithm 2011,TV Series,Thriller,Paramount,2011,2088,3,2026-05-23T22:32:41.899642
TITLE_003961,Multi-lateral 3rdgeneration emulation 2011,Special,Comedy,Paramount,2011,3127,0,2026-05-23T22:32:41.899647
TITLE_003962,Polarized system-worthy protocol 2000,Special,Comedy,Sony,2000,2395,0,2026-05-23T22:32:41.899652
TITLE_003963,Mandatory contextually-based projection 2023,Documentary,Action,Apple TV+,2023,5461,0,2026-05-23T22:32:41.899657
TITLE_003964,Multi-lateral multimedia customer loyalty 2025,Movie,Drama,Disney,2025,73,0,2026-05-23T22:32:41.899662
TITLE_003965,Down-sized asymmetric functionalities 1980,Special,Thriller,Paramount,1980,4058,0,2026-05-23T22:32:41.899668
TITLE_003966,Inverse background productivity 1993,Miniseries,Romance,Paramount,1993,5767,0,2026-05-23T22:32:41.899672
TITLE_003967,Organic intermediate functionalities 1999,Movie,Animation,Sony,1999,87,0,2026-05-23T22:32:41.899678
TITLE_003968,Persevering bandwidth-monitored interface 2010,Special,Sci-Fi,Netflix Studios,2010,513,0,2026-05-23T22:32:41.899683
TITLE_003969,Business-focused explicit database 1985,TV Series,Animation,Paramount,1985,3926,5,2026-05-23T22:32:41.899689
TITLE_003970,Total tangible knowledge user 2023,Miniseries,Action,Apple TV+,2023,3028,0,2026-05-23T22:32:41.899693
TITLE_003971,Organized multi-tasking database 1981,Special,Sci-Fi,Sony,1981,5647,0,2026-05-23T22:32:41.899698
TITLE_003972,Customer-focused eco-centric website 1991,Special,Thriller,Universal,1991,5729,0,2026-05-23T22:32:41.899703
TITLE_003973,Synergistic 24/7 Graphic Interface 1994,Movie,Sci-Fi,Sony,1994,156,0,2026-05-23T22:32:41.899709
TITLE_003974,Managed modular superstructure 2005,Special,Sci-Fi,Warner Bros,2005,3961,0,2026-05-23T22:32:41.899715
TITLE_003975,User-centric secondary success 2019,Documentary,Horror,Apple TV+,2019,2644,0,2026-05-23T22:32:41.899730
TITLE_003976,Customer-focused coherent approach 1994,Special,Horror,Universal,1994,1856,0,2026-05-23T22:32:41.899735
TITLE_003977,Multi-lateral next generation conglomeration 2024,Movie,Horror,Netflix Studios,2024,73,0,2026-05-23T22:32:41.899740
TITLE_003978,Adaptive heuristic leverage 1998,Movie,Action,Sony,1998,45,0,2026-05-23T22:32:41.899745
TITLE_003979,Synergistic fresh-thinking contingency 2016,Miniseries,Animation,Disney,2016,4151,0,2026-05-23T22:32:41.899751
TITLE_003980,Distributed 5thgeneration software 1991,TV Series,Thriller,Universal,1991,1800,2,2026-05-23T22:32:41.899757
TITLE_003981,Synergistic exuding hub 2005,Documentary,Romance,Universal,2005,5300,0,2026-05-23T22:32:41.899763
TITLE_003982,User-centric solution-oriented archive 2024,Special,Thriller,Universal,2024,4932,0,2026-05-23T22:32:41.899769
TITLE_003983,Pre-emptive bottom-line open architecture 2023,Movie,Drama,Warner Bros,2023,133,0,2026-05-23T22:32:41.899774
TITLE_003984,Front-line upward-trending budgetary management 2003,TV Series,Comedy,Warner Bros,2003,2874,6,2026-05-23T22:32:41.899779
TITLE_003985,Assimilated content-based standardization 2017,Miniseries,Animation,Paramount,2017,3258,0,2026-05-23T22:32:41.899784
TITLE_003986,Vision-oriented leadingedge implementation 1985,Special,Thriller,Sony,1985,2466,0,2026-05-23T22:32:41.899790
TITLE_003987,Open-source 6thgeneration portal 2017,Documentary,Drama,Disney,2017,5043,0,2026-05-23T22:32:41.899795
TITLE_003988,Grass-roots actuating orchestration 1989,Movie,Thriller,Paramount,1989,124,0,2026-05-23T22:32:41.899800
TITLE_003989,Intuitive 24hour extranet 1982,TV Series,Comedy,Paramount,1982,4846,2,2026-05-23T22:32:41.899807
TITLE_003990,Fundamental homogeneous focus group 1999,Miniseries,Romance,Universal,1999,1746,0,2026-05-23T22:32:41.899813
TITLE_003991,Total full-range throughput 1982,Movie,Comedy,Apple TV+,1982,102,0,2026-05-23T22:32:41.899818
TITLE_003992,Versatile systemic neural-net 1996,TV Series,Drama,Netflix Studios,1996,5927,2,2026-05-23T22:32:41.899824
TITLE_003993,Exclusive methodical Internet solution 1998,Movie,Sci-Fi,Paramount,1998,160,0,2026-05-23T22:32:41.899829
TITLE_003994,Organic mission-critical attitude 2024,Documentary,Thriller,Universal,2024,5133,0,2026-05-23T22:32:41.899851
TITLE_003995,Secured systemic concept 2008,Miniseries,Action,Sony,2008,5061,0,2026-05-23T22:32:41.899859
TITLE_003996,Virtual zero administration extranet 2010,Miniseries,Horror,Netflix Studios,2010,1293,0,2026-05-23T22:32:41.899866
TITLE_003997,Synergistic bifurcated Graphic Interface 2009,TV Series,Romance,Netflix Studios,2009,4072,5,2026-05-23T22:32:41.899872
TITLE_003998,Horizontal multi-state installation 1995,TV Series,Romance,Disney,1995,365,6,2026-05-23T22:32:41.899877
TITLE_003999,Exclusive value-added project 1982,Special,Drama,Paramount,1982,3342,0,2026-05-23T22:32:41.899883
TITLE_004000,Integrated intermediate time-frame 1991,Special,Drama,Disney,1991,5860,0,2026-05-23T22:32:41.899889
TITLE_004001,Extended empowering paradigm 1992,Movie,Horror,Netflix Studios,1992,125,0,2026-05-23T22:32:41.899894
TITLE_004002,Programmable didactic superstructure 2020,Special,Thriller,Apple TV+,2020,4617,0,2026-05-23T22:32:41.899900
TITLE_004003,Object-based needs-based instruction set 1998,Movie,Romance,Sony,1998,148,0,2026-05-23T22:32:41.899905
TITLE_004004,Optional bi-directional secured line 2010,Movie,Action,Paramount,2010,145,0,2026-05-23T22:32:41.899911
TITLE_004005,Pre-emptive real-time extranet 1996,TV Series,Romance,Paramount,1996,939,6,2026-05-23T22:32:41.899917
TITLE_004006,Virtual object-oriented knowledgebase 1986,Special,Drama,Disney,1986,3122,0,2026-05-23T22:32:41.899923
TITLE_004007,Versatile analyzing adapter 1987,TV Series,Drama,Disney,1987,2631,6,2026-05-23T22:32:41.899928
TITLE_004008,Multi-channeled responsive moderator 2020,Miniseries,Action,Paramount,2020,1371,0,2026-05-23T22:32:41.899934
TITLE_004009,Focused grid-enabled concept 1999,Special,Romance,Sony,1999,2357,0,2026-05-23T22:32:41.899939
TITLE_004010,Sharable asymmetric project 1994,Special,Drama,Sony,1994,5048,0,2026-05-23T22:32:41.899945
TITLE_004011,Synergistic regional application 2000,Documentary,Animation,Paramount,2000,5625,0,2026-05-23T22:32:41.899951
TITLE_004012,Decentralized context-sensitive productivity 2022,Special,Animation,Warner Bros,2022,4632,0,2026-05-23T22:32:41.899957
TITLE_004013,Business-focused systemic synergy 2017,TV Series,Romance,Universal,2017,5733,7,2026-05-23T22:32:41.899962
TITLE_004014,Re-engineered user-facing framework 1980,Miniseries,Comedy,Warner Bros,1980,566,0,2026-05-23T22:32:41.899969
TITLE_004015,Distributed empowering capability 1996,Miniseries,Drama,Netflix Studios,1996,2246,0,2026-05-23T22:32:41.899975
TITLE_004016,Exclusive zero-defect attitude 1997,Documentary,Thriller,Apple TV+,1997,4273,0,2026-05-23T22:32:41.899979
TITLE_004017,Distributed zero-defect concept 2010,Special,Drama,Warner Bros,2010,907,0,2026-05-23T22:32:41.899985
TITLE_004018,Secured full-range hierarchy 2011,Miniseries,Sci-Fi,Warner Bros,2011,5484,0,2026-05-23T22:32:41.899990
TITLE_004019,Progressive radical encryption 2011,Documentary,Animation,Disney,2011,3238,0,2026-05-23T22:32:41.899995
TITLE_004020,Balanced systemic approach 2025,TV Series,Sci-Fi,Paramount,2025,1634,1,2026-05-23T22:32:41.900001
TITLE_004021,User-centric methodical policy 1999,Documentary,Drama,Sony,1999,4721,0,2026-05-23T22:32:41.900006
TITLE_004022,Self-enabling empowering budgetary management 1998,Movie,Sci-Fi,Apple TV+,1998,107,0,2026-05-23T22:32:41.900012
TITLE_004023,Progressive tangible project 1983,Movie,Romance,Warner Bros,1983,145,0,2026-05-23T22:32:41.900018
TITLE_004024,Expanded clear-thinking Local Area Network 2020,Miniseries,Animation,Disney,2020,1918,0,2026-05-23T22:32:41.900023
TITLE_004025,Pre-emptive responsive strategy 2012,Special,Sci-Fi,Apple TV+,2012,3487,0,2026-05-23T22:32:41.900029
TITLE_004026,Phased hybrid capacity 1999,Special,Sci-Fi,Universal,1999,2406,0,2026-05-23T22:32:41.900035
TITLE_004027,Multi-lateral asynchronous customer loyalty 1988,Movie,Animation,Netflix Studios,1988,90,0,2026-05-23T22:32:41.900040
TITLE_004028,Decentralized full-range policy 1985,Movie,Thriller,Netflix Studios,1985,137,0,2026-05-23T22:32:41.900046
TITLE_004029,Programmable cohesive frame 2001,Special,Action,Paramount,2001,2714,0,2026-05-23T22:32:41.900051
TITLE_004030,Pre-emptive value-added matrices 2018,TV Series,Horror,Paramount,2018,1278,6,2026-05-23T22:32:41.900057
TITLE_004031,Quality-focused 24/7 migration 1994,Movie,Sci-Fi,Warner Bros,1994,167,0,2026-05-23T22:32:41.900064
TITLE_004032,Automated 3rdgeneration strategy 2007,Special,Drama,Disney,2007,875,0,2026-05-23T22:32:41.900070
TITLE_004033,Function-based uniform focus group 2022,Documentary,Sci-Fi,Paramount,2022,3776,0,2026-05-23T22:32:41.900077
TITLE_004034,Future-proofed multi-state leverage 2009,Special,Sci-Fi,Warner Bros,2009,1914,0,2026-05-23T22:32:41.900083
TITLE_004035,Realigned leadingedge installation 2023,Movie,Horror,Apple TV+,2023,76,0,2026-05-23T22:32:41.900087
TITLE_004036,Stand-alone clear-thinking throughput 2012,Miniseries,Thriller,Paramount,2012,4511,0,2026-05-23T22:32:41.900093
TITLE_004037,Future-proofed encompassing matrix 1987,Miniseries,Thriller,Netflix Studios,1987,4006,0,2026-05-23T22:32:41.900099
TITLE_004038,Focused secondary matrices 2011,Special,Drama,Sony,2011,2546,0,2026-05-23T22:32:41.900105
TITLE_004039,Virtual motivating parallelism 2006,Miniseries,Horror,Disney,2006,3822,0,2026-05-23T22:32:41.900110
TITLE_004040,Assimilated context-sensitive knowledgebase 1984,Miniseries,Sci-Fi,Netflix Studios,1984,5735,0,2026-05-23T22:32:41.900118
TITLE_004041,Multi-layered eco-centric infrastructure 2011,Miniseries,Horror,Netflix Studios,2011,5353,0,2026-05-23T22:32:41.900125
TITLE_004042,Business-focused motivating knowledge user 2004,Special,Sci-Fi,Netflix Studios,2004,5283,0,2026-05-23T22:32:41.900132
TITLE_004043,Up-sized real-time analyzer 2009,Movie,Romance,Universal,2009,61,0,2026-05-23T22:32:41.900138
TITLE_004044,Pre-emptive human-resource Graphic Interface 1998,Documentary,Romance,Apple TV+,1998,4401,0,2026-05-23T22:32:41.900144
TITLE_004045,Down-sized hybrid matrices 1997,TV Series,Drama,Sony,1997,2896,7,2026-05-23T22:32:41.900151
TITLE_004046,Ergonomic contextually-based algorithm 1984,Special,Romance,Paramount,1984,748,0,2026-05-23T22:32:41.900156
TITLE_004047,Realigned asymmetric forecast 1987,Miniseries,Romance,Warner Bros,1987,4227,0,2026-05-23T22:32:41.900162
TITLE_004048,Up-sized high-level monitoring 1998,TV Series,Sci-Fi,Apple TV+,1998,5624,1,2026-05-23T22:32:41.900168
TITLE_004049,User-friendly client-server intranet 2005,TV Series,Action,Warner Bros,2005,4061,4,2026-05-23T22:32:41.900173
TITLE_004050,Secured scalable infrastructure 2007,TV Series,Action,Universal,2007,2701,7,2026-05-23T22:32:41.900179
TITLE_004051,Operative logistical Graphic Interface 2005,Miniseries,Thriller,Sony,2005,5297,0,2026-05-23T22:32:41.900185
TITLE_004052,Assimilated logistical superstructure 2015,Miniseries,Horror,Warner Bros,2015,1625,0,2026-05-23T22:32:41.900191
TITLE_004053,Customer-focused value-added Graphical User Interface 1998,Special,Animation,Warner Bros,1998,5892,0,2026-05-23T22:32:41.900197
TITLE_004054,Re-contextualized zero tolerance software 2013,TV Series,Horror,Warner Bros,2013,5702,5,2026-05-23T22:32:41.900204
TITLE_004055,Streamlined hybrid artificial intelligence 2011,Special,Horror,Netflix Studios,2011,4244,0,2026-05-23T22:32:41.900209
TITLE_004056,Optimized hybrid support 1980,Movie,Thriller,Disney,1980,80,0,2026-05-23T22:32:41.900215
TITLE_004057,Advanced radical capability 2003,Documentary,Horror,Paramount,2003,2691,0,2026-05-23T22:32:41.900219
TITLE_004058,Secured multi-state instruction set 2019,Documentary,Animation,Sony,2019,4402,0,2026-05-23T22:32:41.900224
TITLE_004059,Distributed value-added challenge 2001,TV Series,Comedy,Sony,2001,639,6,2026-05-23T22:32:41.900230
TITLE_004060,Quality-focused didactic time-frame 2000,Special,Animation,Universal,2000,5037,0,2026-05-23T22:32:41.900236
TITLE_004061,Up-sized 24/7 application 1995,Miniseries,Comedy,Sony,1995,1924,0,2026-05-23T22:32:41.900241
TITLE_004062,Persistent motivating challenge 2004,Miniseries,Sci-Fi,Warner Bros,2004,4213,0,2026-05-23T22:32:41.900247
TITLE_004063,Organized global capability 1994,Movie,Drama,Sony,1994,172,0,2026-05-23T22:32:41.900252
TITLE_004064,Grass-roots clear-thinking policy 2001,Documentary,Romance,Disney,2001,2964,0,2026-05-23T22:32:41.900258
TITLE_004065,Self-enabling composite algorithm 2017,Documentary,Romance,Apple TV+,2017,2435,0,2026-05-23T22:32:41.900263
TITLE_004066,User-friendly stable encoding 2014,Miniseries,Romance,Universal,2014,5271,0,2026-05-23T22:32:41.900268
TITLE_004067,Optional well-modulated archive 2024,Documentary,Action,Apple TV+,2024,569,0,2026-05-23T22:32:41.900274
TITLE_004068,Networked scalable data-warehouse 1993,Documentary,Thriller,Paramount,1993,828,0,2026-05-23T22:32:41.900280
TITLE_004069,Fully-configurable client-driven contingency 2013,Movie,Romance,Sony,2013,139,0,2026-05-23T22:32:41.900286
TITLE_004070,Fundamental static secured line 1988,Movie,Comedy,Disney,1988,108,0,2026-05-23T22:32:41.900292
TITLE_004071,Front-line grid-enabled archive 1995,TV Series,Thriller,Apple TV+,1995,2915,7,2026-05-23T22:32:41.900298
TITLE_004072,Fundamental multi-state ability 1992,Movie,Animation,Sony,1992,113,0,2026-05-23T22:32:41.900306
TITLE_004073,Multi-tiered optimal Local Area Network 1985,Movie,Animation,Netflix Studios,1985,158,0,2026-05-23T22:32:41.900311
TITLE_004074,Multi-layered fresh-thinking definition 1999,Miniseries,Animation,Warner Bros,1999,3585,0,2026-05-23T22:32:41.900316
TITLE_004075,Progressive local matrices 2003,Movie,Action,Sony,2003,74,0,2026-05-23T22:32:41.900322
TITLE_004076,Profit-focused client-server algorithm 1995,Movie,Romance,Warner Bros,1995,163,0,2026-05-23T22:32:41.900328
TITLE_004077,Centralized didactic Graphical User Interface 1992,Special,Thriller,Universal,1992,707,0,2026-05-23T22:32:41.900334
TITLE_004078,Visionary systematic extranet 2002,Movie,Thriller,Disney,2002,180,0,2026-05-23T22:32:41.900340
TITLE_004079,Optimized 3rdgeneration orchestration 1987,Documentary,Animation,Apple TV+,1987,3106,0,2026-05-23T22:32:41.900346
TITLE_004080,Expanded eco-centric alliance 1981,TV Series,Romance,Apple TV+,1981,1860,1,2026-05-23T22:32:41.900352
TITLE_004081,Profound user-facing collaboration 2006,Special,Comedy,Universal,2006,1539,0,2026-05-23T22:32:41.900358
TITLE_004082,Networked impactful attitude 2006,Movie,Romance,Disney,2006,107,0,2026-05-23T22:32:41.900363
TITLE_004083,Grass-roots 6thgeneration capability 2015,Special,Comedy,Sony,2015,4955,0,2026-05-23T22:32:41.900368
TITLE_004084,User-friendly directional database 1990,Movie,Animation,Warner Bros,1990,178,0,2026-05-23T22:32:41.900375
TITLE_004085,Virtual 24/7 encryption 2001,Movie,Sci-Fi,Universal,2001,143,0,2026-05-23T22:32:41.900380
TITLE_004086,Seamless background core 2004,TV Series,Action,Paramount,2004,5517,2,2026-05-23T22:32:41.900386
TITLE_004087,Diverse asymmetric analyzer 2025,Documentary,Animation,Disney,2025,4093,0,2026-05-23T22:32:41.900393
TITLE_004088,Programmable encompassing paradigm 2022,TV Series,Action,Apple TV+,2022,5345,1,2026-05-23T22:32:41.900398
TITLE_004089,Ergonomic multi-tasking utilization 2014,Movie,Drama,Netflix Studios,2014,131,0,2026-05-23T22:32:41.900402
TITLE_004090,Enhanced encompassing task-force 1982,Special,Sci-Fi,Apple TV+,1982,604,0,2026-05-23T22:32:41.900409
TITLE_004091,Upgradable responsive structure 2011,Documentary,Action,Apple TV+,2011,2856,0,2026-05-23T22:32:41.900415
TITLE_004092,Implemented local instruction set 2024,Special,Romance,Paramount,2024,3660,0,2026-05-23T22:32:41.900421
TITLE_004093,Enhanced fault-tolerant service-desk 1995,Miniseries,Drama,Netflix Studios,1995,1006,0,2026-05-23T22:32:41.900428
TITLE_004094,Exclusive zero administration software 2015,Documentary,Animation,Sony,2015,3871,0,2026-05-23T22:32:41.900433
TITLE_004095,Inverse real-time knowledgebase 1985,TV Series,Romance,Warner Bros,1985,818,1,2026-05-23T22:32:41.900439
TITLE_004096,Self-enabling didactic parallelism 2000,Miniseries,Comedy,Apple TV+,2000,4634,0,2026-05-23T22:32:41.900444
TITLE_004097,Customer-focused well-modulated analyzer 2007,Miniseries,Comedy,Disney,2007,3429,0,2026-05-23T22:32:41.900449
TITLE_004098,Balanced context-sensitive instruction set 2025,TV Series,Comedy,Netflix Studios,2025,5634,2,2026-05-23T22:32:41.900456
TITLE_004099,Automated holistic support 2018,Documentary,Action,Paramount,2018,5874,0,2026-05-23T22:32:41.900462
TITLE_004100,Enterprise-wide composite emulation 1988,Documentary,Horror,Sony,1988,4576,0,2026-05-23T22:32:41.900468
TITLE_004101,Advanced bottom-line capacity 2019,Special,Thriller,Disney,2019,3135,0,2026-05-23T22:32:41.900475
TITLE_004102,Polarized multi-state Internet solution 1984,Documentary,Thriller,Disney,1984,3237,0,2026-05-23T22:32:41.900480
TITLE_004103,Distributed object-oriented framework 2006,TV Series,Horror,Warner Bros,2006,5810,1,2026-05-23T22:32:41.900485
TITLE_004104,Cross-group 3rdgeneration hardware 1999,Movie,Animation,Universal,1999,109,0,2026-05-23T22:32:41.900491
TITLE_004105,Persevering multi-tasking service-desk 1994,Special,Romance,Apple TV+,1994,2483,0,2026-05-23T22:32:41.900496
TITLE_004106,Expanded web-enabled service-desk 1987,Movie,Horror,Paramount,1987,58,0,2026-05-23T22:32:41.900502
TITLE_004107,Cross-platform attitude-oriented portal 1990,Movie,Comedy,Sony,1990,68,0,2026-05-23T22:32:41.900507
TITLE_004108,Integrated even-keeled workforce 1993,Miniseries,Thriller,Disney,1993,3424,0,2026-05-23T22:32:41.900512
TITLE_004109,Digitized disintermediate definition 1995,Documentary,Thriller,Universal,1995,5571,0,2026-05-23T22:32:41.900517
TITLE_004110,Networked methodical website 2008,TV Series,Drama,Sony,2008,5814,2,2026-05-23T22:32:41.900522
TITLE_004111,Horizontal demand-driven superstructure 2014,TV Series,Sci-Fi,Disney,2014,3303,8,2026-05-23T22:32:41.900529
TITLE_004112,Self-enabling value-added Local Area Network 2002,Miniseries,Action,Universal,2002,796,0,2026-05-23T22:32:41.900535
TITLE_004113,Pre-emptive well-modulated benchmark 2004,Movie,Action,Warner Bros,2004,113,0,2026-05-23T22:32:41.900541
TITLE_004114,Inverse high-level challenge 2017,TV Series,Drama,Netflix Studios,2017,3591,1,2026-05-23T22:32:41.900547
TITLE_004115,De-engineered executive alliance 2018,Miniseries,Horror,Warner Bros,2018,5707,0,2026-05-23T22:32:41.900553
TITLE_004116,Function-based solution-oriented hub 1988,Movie,Drama,Paramount,1988,59,0,2026-05-23T22:32:41.900558
TITLE_004117,Multi-tiered local workforce 2024,Miniseries,Horror,Sony,2024,5184,0,2026-05-23T22:32:41.900565
TITLE_004118,Balanced radical paradigm 2021,Documentary,Animation,Disney,2021,4005,0,2026-05-23T22:32:41.900570
TITLE_004119,Digitized asymmetric forecast 1997,Miniseries,Drama,Universal,1997,517,0,2026-05-23T22:32:41.900575
TITLE_004120,Distributed global migration 2017,Documentary,Action,Netflix Studios,2017,513,0,2026-05-23T22:32:41.900581
TITLE_004121,Integrated value-added frame 2008,Documentary,Comedy,Warner Bros,2008,1709,0,2026-05-23T22:32:41.900587
TITLE_004122,Balanced global contingency 1999,Documentary,Comedy,Disney,1999,4899,0,2026-05-23T22:32:41.900592
TITLE_004123,Persistent user-facing throughput 1990,TV Series,Thriller,Warner Bros,1990,3047,2,2026-05-23T22:32:41.900598
TITLE_004124,Persistent full-range benchmark 2022,Special,Animation,Apple TV+,2022,3383,0,2026-05-23T22:32:41.900603
TITLE_004125,Customer-focused solution-oriented service-desk 1981,TV Series,Sci-Fi,Disney,1981,4544,4,2026-05-23T22:32:41.900609
TITLE_004126,Proactive 4thgeneration capacity 2011,Special,Comedy,Warner Bros,2011,3942,0,2026-05-23T22:32:41.900615
TITLE_004127,Compatible context-sensitive hierarchy 2002,Miniseries,Drama,Apple TV+,2002,921,0,2026-05-23T22:32:41.900620
TITLE_004128,Polarized holistic attitude 1980,Movie,Drama,Disney,1980,87,0,2026-05-23T22:32:41.900626
TITLE_004129,Right-sized secondary structure 1984,Special,Action,Disney,1984,4244,0,2026-05-23T22:32:41.900631
TITLE_004130,Streamlined even-keeled collaboration 1985,TV Series,Comedy,Netflix Studios,1985,495,5,2026-05-23T22:32:41.900637
TITLE_004131,Quality-focused high-level hierarchy 2021,Special,Drama,Paramount,2021,2018,0,2026-05-23T22:32:41.900644
TITLE_004132,Open-architected national standardization 2001,TV Series,Sci-Fi,Paramount,2001,3982,5,2026-05-23T22:32:41.900650
TITLE_004133,Multi-channeled clear-thinking leverage 2025,Special,Animation,Sony,2025,2382,0,2026-05-23T22:32:41.900660
TITLE_004134,Robust mobile protocol 1981,TV Series,Drama,Universal,1981,4736,5,2026-05-23T22:32:41.900666
TITLE_004135,Front-line neutral algorithm 2007,Movie,Drama,Netflix Studios,2007,139,0,2026-05-23T22:32:41.900673
TITLE_004136,Advanced actuating framework 2025,Movie,Comedy,Paramount,2025,148,0,2026-05-23T22:32:41.900678
TITLE_004137,Synchronized optimizing superstructure 2021,Documentary,Action,Netflix Studios,2021,5181,0,2026-05-23T22:32:41.900684
TITLE_004138,Triple-buffered 24/7 workforce 1999,TV Series,Horror,Disney,1999,2286,2,2026-05-23T22:32:41.900690
TITLE_004139,Profound exuding open architecture 1988,Special,Sci-Fi,Paramount,1988,3823,0,2026-05-23T22:32:41.900697
TITLE_004140,Visionary multi-state data-warehouse 2023,TV Series,Animation,Sony,2023,3682,7,2026-05-23T22:32:41.900703
TITLE_004141,Phased tangible orchestration 2005,Special,Drama,Paramount,2005,2144,0,2026-05-23T22:32:41.900709
TITLE_004142,Optimized disintermediate analyzer 1996,TV Series,Thriller,Warner Bros,1996,2682,1,2026-05-23T22:32:41.900715
TITLE_004143,Proactive solution-oriented support 2018,Special,Action,Paramount,2018,2544,0,2026-05-23T22:32:41.900721
TITLE_004144,Future-proofed intermediate synergy 2010,Miniseries,Thriller,Paramount,2010,2188,0,2026-05-23T22:32:41.900727
TITLE_004145,Versatile incremental Graphic Interface 2008,Special,Sci-Fi,Apple TV+,2008,5154,0,2026-05-23T22:32:41.900734
TITLE_004146,Open-architected hybrid initiative 1993,Documentary,Thriller,Warner Bros,1993,4203,0,2026-05-23T22:32:41.900740
TITLE_004147,Open-source dynamic toolset 1984,TV Series,Animation,Disney,1984,917,1,2026-05-23T22:32:41.900746
TITLE_004148,Advanced directional installation 2019,TV Series,Action,Sony,2019,4511,3,2026-05-23T22:32:41.900752
TITLE_004149,Assimilated fresh-thinking solution 2009,Special,Horror,Warner Bros,2009,1754,0,2026-05-23T22:32:41.900757
TITLE_004150,Multi-channeled system-worthy projection 2009,Documentary,Thriller,Paramount,2009,4545,0,2026-05-23T22:32:41.900764
TITLE_004151,Cross-group incremental analyzer 2017,Miniseries,Thriller,Apple TV+,2017,3731,0,2026-05-23T22:32:41.900770
TITLE_004152,Polarized intermediate challenge 2010,Documentary,Sci-Fi,Netflix Studios,2010,4610,0,2026-05-23T22:32:41.900776
TITLE_004153,Team-oriented solution-oriented challenge 1998,Miniseries,Action,Paramount,1998,957,0,2026-05-23T22:32:41.900781
TITLE_004154,Re-contextualized incremental software 1991,Movie,Romance,Warner Bros,1991,83,0,2026-05-23T22:32:41.900787
TITLE_004155,Customizable bandwidth-monitored standardization 2009,Movie,Romance,Universal,2009,85,0,2026-05-23T22:32:41.900792
TITLE_004156,Team-oriented actuating productivity 2008,Special,Thriller,Sony,2008,558,0,2026-05-23T22:32:41.900797
TITLE_004157,Seamless bifurcated structure 2015,Special,Sci-Fi,Paramount,2015,607,0,2026-05-23T22:32:41.900802
TITLE_004158,Function-based tangible software 2005,Miniseries,Thriller,Warner Bros,2005,4967,0,2026-05-23T22:32:41.900807
TITLE_004159,Organized content-based hardware 2017,Documentary,Animation,Sony,2017,4930,0,2026-05-23T22:32:41.900812
TITLE_004160,Customizable 3rdgeneration groupware 1985,Documentary,Comedy,Netflix Studios,1985,4254,0,2026-05-23T22:32:41.900818
TITLE_004161,Digitized cohesive strategy 2008,Special,Horror,Warner Bros,2008,2179,0,2026-05-23T22:32:41.900825
TITLE_004162,Expanded homogeneous throughput 2023,Documentary,Thriller,Disney,2023,5945,0,2026-05-23T22:32:41.900830
TITLE_004163,User-centric encompassing paradigm 2003,Movie,Sci-Fi,Paramount,2003,56,0,2026-05-23T22:32:41.900836
TITLE_004164,Managed dynamic website 2013,Special,Horror,Universal,2013,5737,0,2026-05-23T22:32:41.900842
TITLE_004165,Synchronized composite forecast 1993,Miniseries,Romance,Disney,1993,2189,0,2026-05-23T22:32:41.900850
TITLE_004166,Automated neutral Graphical User Interface 2015,Documentary,Romance,Universal,2015,695,0,2026-05-23T22:32:41.900856
TITLE_004167,Proactive exuding extranet 2001,Movie,Action,Disney,2001,150,0,2026-05-23T22:32:41.900861
TITLE_004168,Exclusive secondary service-desk 1994,Documentary,Romance,Netflix Studios,1994,5436,0,2026-05-23T22:32:41.900867
TITLE_004169,Balanced human-resource Graphical User Interface 1996,TV Series,Drama,Netflix Studios,1996,5977,3,2026-05-23T22:32:41.900872
TITLE_004170,Organic needs-based open architecture 2017,Documentary,Action,Apple TV+,2017,5933,0,2026-05-23T22:32:41.900879
TITLE_004171,Persevering fault-tolerant protocol 2009,Documentary,Horror,Apple TV+,2009,5889,0,2026-05-23T22:32:41.900885
TITLE_004172,Decentralized mobile functionalities 2009,Documentary,Comedy,Sony,2009,4172,0,2026-05-23T22:32:41.900891
TITLE_004173,Function-based 4thgeneration paradigm 1990,Documentary,Thriller,Sony,1990,2269,0,2026-05-23T22:32:41.900896
TITLE_004174,Advanced intermediate access 2007,Movie,Sci-Fi,Disney,2007,177,0,2026-05-23T22:32:41.900901
TITLE_004175,Universal 3rdgeneration Internet solution 1981,Documentary,Horror,Disney,1981,1923,0,2026-05-23T22:32:41.900906
TITLE_004176,Face-to-face radical help-desk 2006,Special,Thriller,Paramount,2006,355,0,2026-05-23T22:32:41.900912
TITLE_004177,User-friendly analyzing firmware 2003,Movie,Comedy,Paramount,2003,162,0,2026-05-23T22:32:41.900917
TITLE_004178,Extended responsive info-mediaries 1996,Movie,Action,Netflix Studios,1996,76,0,2026-05-23T22:32:41.900923
TITLE_004179,Proactive analyzing infrastructure 1996,TV Series,Romance,Disney,1996,1049,1,2026-05-23T22:32:41.900928
TITLE_004180,Up-sized regional toolset 1994,Documentary,Drama,Paramount,1994,3053,0,2026-05-23T22:32:41.900932
TITLE_004181,Networked radical application 2015,TV Series,Animation,Netflix Studios,2015,4390,7,2026-05-23T22:32:41.900938
TITLE_004182,Enterprise-wide 4thgeneration core 1995,Miniseries,Animation,Sony,1995,4120,0,2026-05-23T22:32:41.900945
TITLE_004183,Mandatory methodical circuit 1995,TV Series,Comedy,Warner Bros,1995,2372,5,2026-05-23T22:32:41.900951
TITLE_004184,Programmable transitional moratorium 1982,Movie,Romance,Disney,1982,89,0,2026-05-23T22:32:41.900958
TITLE_004185,Distributed grid-enabled hardware 1992,Documentary,Sci-Fi,Netflix Studios,1992,4397,0,2026-05-23T22:32:41.900964
TITLE_004186,Optional secondary success 2014,Documentary,Action,Apple TV+,2014,3089,0,2026-05-23T22:32:41.900969
TITLE_004187,Secured 4thgeneration leverage 1992,TV Series,Horror,Netflix Studios,1992,4122,4,2026-05-23T22:32:41.900975
TITLE_004188,Devolved solution-oriented policy 1996,Special,Romance,Universal,1996,2619,0,2026-05-23T22:32:41.900981
TITLE_004189,Robust directional function 1985,Special,Romance,Sony,1985,4459,0,2026-05-23T22:32:41.900987
TITLE_004190,Fundamental zero tolerance paradigm 1987,TV Series,Sci-Fi,Disney,1987,5032,1,2026-05-23T22:32:41.900993
TITLE_004191,Centralized bi-directional database 1985,Special,Romance,Paramount,1985,1092,0,2026-05-23T22:32:41.900998
TITLE_004192,Networked national support 2023,TV Series,Drama,Netflix Studios,2023,2334,1,2026-05-23T22:32:41.901003
TITLE_004193,Polarized holistic moratorium 2020,Movie,Drama,Disney,2020,171,0,2026-05-23T22:32:41.901009
TITLE_004194,Monitored logistical synergy 2016,Special,Horror,Warner Bros,2016,893,0,2026-05-23T22:32:41.901015
TITLE_004195,Self-enabling bandwidth-monitored product 1995,TV Series,Animation,Paramount,1995,1962,5,2026-05-23T22:32:41.901021
TITLE_004196,Multi-layered needs-based secured line 2025,Special,Sci-Fi,Universal,2025,1119,0,2026-05-23T22:32:41.901027
TITLE_004197,Synergized background standardization 2019,Miniseries,Animation,Disney,2019,4462,0,2026-05-23T22:32:41.901033
TITLE_004198,Inverse attitude-oriented middleware 2000,Movie,Comedy,Paramount,2000,161,0,2026-05-23T22:32:41.901038
TITLE_004199,Total high-level customer loyalty 2014,TV Series,Sci-Fi,Sony,2014,2036,5,2026-05-23T22:32:41.901043
TITLE_004200,Up-sized bandwidth-monitored data-warehouse 1990,Documentary,Horror,Apple TV+,1990,611,0,2026-05-23T22:32:41.901048
TITLE_004201,Ergonomic leadingedge definition 1982,Miniseries,Animation,Sony,1982,2452,0,2026-05-23T22:32:41.901053
TITLE_004202,Focused even-keeled standardization 2010,TV Series,Romance,Universal,2010,5630,7,2026-05-23T22:32:41.901059
TITLE_004203,Managed high-level portal 1982,Documentary,Comedy,Paramount,1982,2474,0,2026-05-23T22:32:41.901065
TITLE_004204,Diverse multimedia functionalities 2024,Movie,Comedy,Sony,2024,121,0,2026-05-23T22:32:41.901070
TITLE_004205,Stand-alone foreground open system 2025,TV Series,Animation,Sony,2025,5045,4,2026-05-23T22:32:41.901076
TITLE_004206,Phased multi-tasking customer loyalty 2022,TV Series,Action,Sony,2022,1813,5,2026-05-23T22:32:41.901082
TITLE_004207,Programmable zero-defect help-desk 2013,Special,Thriller,Paramount,2013,4195,0,2026-05-23T22:32:41.901087
TITLE_004208,Ameliorated fault-tolerant installation 1996,Miniseries,Animation,Sony,1996,2990,0,2026-05-23T22:32:41.901092
TITLE_004209,User-centric well-modulated flexibility 1997,Movie,Romance,Universal,1997,75,0,2026-05-23T22:32:41.901099
TITLE_004210,Exclusive holistic help-desk 1983,Documentary,Horror,Paramount,1983,3688,0,2026-05-23T22:32:41.901104
TITLE_004211,Exclusive encompassing task-force 2020,TV Series,Action,Universal,2020,3713,4,2026-05-23T22:32:41.901110
TITLE_004212,Organized zero-defect flexibility 2006,Special,Sci-Fi,Warner Bros,2006,5176,0,2026-05-23T22:32:41.901115
TITLE_004213,Versatile homogeneous model 1986,Movie,Thriller,Sony,1986,131,0,2026-05-23T22:32:41.901120
TITLE_004214,Mandatory multi-tasking workforce 2002,Miniseries,Horror,Universal,2002,2773,0,2026-05-23T22:32:41.901125
TITLE_004215,Ameliorated high-level superstructure 1996,Movie,Animation,Disney,1996,86,0,2026-05-23T22:32:41.901131
TITLE_004216,Robust asymmetric functionalities 1998,Miniseries,Comedy,Netflix Studios,1998,521,0,2026-05-23T22:32:41.901137
TITLE_004217,Expanded explicit middleware 2024,Documentary,Sci-Fi,Disney,2024,2528,0,2026-05-23T22:32:41.901142
TITLE_004218,Pre-emptive web-enabled website 2020,TV Series,Drama,Warner Bros,2020,997,7,2026-05-23T22:32:41.901147
TITLE_004219,Business-focused zero-defect hardware 2012,TV Series,Romance,Disney,2012,2702,7,2026-05-23T22:32:41.901153
TITLE_004220,Multi-channeled transitional capacity 2007,TV Series,Action,Universal,2007,1534,4,2026-05-23T22:32:41.901159
TITLE_004221,Multi-lateral secondary synergy 1985,Documentary,Drama,Netflix Studios,1985,4360,0,2026-05-23T22:32:41.901164
TITLE_004222,Upgradable human-resource process improvement 2000,Special,Horror,Paramount,2000,3213,0,2026-05-23T22:32:41.901170
TITLE_004223,Enterprise-wide leadingedge budgetary management 1983,Special,Comedy,Universal,1983,1377,0,2026-05-23T22:32:41.901175
TITLE_004224,Networked modular approach 2012,Movie,Romance,Netflix Studios,2012,167,0,2026-05-23T22:32:41.901180
TITLE_004225,Diverse zero-defect core 2004,Miniseries,Horror,Paramount,2004,3548,0,2026-05-23T22:32:41.901185
TITLE_004226,Quality-focused grid-enabled middleware 2014,Documentary,Drama,Apple TV+,2014,3553,0,2026-05-23T22:32:41.901189
TITLE_004227,Expanded local groupware 2012,TV Series,Sci-Fi,Sony,2012,2847,3,2026-05-23T22:32:41.901194
TITLE_004228,Mandatory national help-desk 1996,Miniseries,Thriller,Disney,1996,773,0,2026-05-23T22:32:41.901204
TITLE_004229,Polarized national project 2016,Movie,Drama,Paramount,2016,79,0,2026-05-23T22:32:41.901209
TITLE_004230,Right-sized context-sensitive firmware 2012,Special,Action,Paramount,2012,3626,0,2026-05-23T22:32:41.901215
TITLE_004231,Streamlined zero administration software 2019,Special,Sci-Fi,Paramount,2019,1308,0,2026-05-23T22:32:41.901221
TITLE_004232,Synergized maximized help-desk 2019,Documentary,Drama,Netflix Studios,2019,3404,0,2026-05-23T22:32:41.901226
TITLE_004233,Cross-group mission-critical solution 2016,Movie,Drama,Disney,2016,179,0,2026-05-23T22:32:41.901233
TITLE_004234,Down-sized transitional customer loyalty 2013,Miniseries,Comedy,Sony,2013,4632,0,2026-05-23T22:32:41.901239
TITLE_004235,Grass-roots responsive instruction set 1981,TV Series,Sci-Fi,Disney,1981,1841,3,2026-05-23T22:32:41.901245
TITLE_004236,Customer-focused real-time installation 1980,TV Series,Romance,Netflix Studios,1980,2221,1,2026-05-23T22:32:41.901250
TITLE_004237,Business-focused reciprocal structure 1982,TV Series,Horror,Paramount,1982,3364,5,2026-05-23T22:32:41.901256
TITLE_004238,Grass-roots client-driven intranet 2009,Miniseries,Comedy,Universal,2009,5324,0,2026-05-23T22:32:41.901261
TITLE_004239,Face-to-face needs-based structure 2014,TV Series,Action,Apple TV+,2014,3664,8,2026-05-23T22:32:41.901267
TITLE_004240,Total logistical frame 1990,Documentary,Thriller,Apple TV+,1990,816,0,2026-05-23T22:32:41.901272
TITLE_004241,Reactive background synergy 2006,Miniseries,Thriller,Disney,2006,378,0,2026-05-23T22:32:41.901276
TITLE_004242,Decentralized bandwidth-monitored solution 1993,Movie,Thriller,Sony,1993,102,0,2026-05-23T22:32:41.901282
TITLE_004243,Assimilated high-level Local Area Network 2014,Special,Romance,Sony,2014,663,0,2026-05-23T22:32:41.901286
TITLE_004244,Integrated regional forecast 2005,Documentary,Drama,Sony,2005,5315,0,2026-05-23T22:32:41.901292
TITLE_004245,Reactive asymmetric help-desk 2014,TV Series,Romance,Warner Bros,2014,5311,3,2026-05-23T22:32:41.901297
TITLE_004246,Devolved object-oriented middleware 2019,TV Series,Animation,Apple TV+,2019,1258,4,2026-05-23T22:32:41.901303
TITLE_004247,Re-contextualized intangible firmware 1995,Miniseries,Romance,Paramount,1995,612,0,2026-05-23T22:32:41.901307
TITLE_004248,Integrated cohesive toolset 2011,Miniseries,Animation,Universal,2011,1408,0,2026-05-23T22:32:41.901315
TITLE_004249,Integrated 24hour installation 1996,Special,Animation,Disney,1996,4215,0,2026-05-23T22:32:41.901320
TITLE_004250,Multi-layered even-keeled portal 1994,Special,Comedy,Sony,1994,781,0,2026-05-23T22:32:41.901326
TITLE_004251,Operative attitude-oriented middleware 2009,Movie,Action,Disney,2009,64,0,2026-05-23T22:32:41.901331
TITLE_004252,Self-enabling demand-driven architecture 1984,Documentary,Action,Disney,1984,1363,0,2026-05-23T22:32:41.901337
TITLE_004253,Streamlined value-added attitude 1989,Miniseries,Comedy,Universal,1989,908,0,2026-05-23T22:32:41.901342
TITLE_004254,Optional hybrid moderator 2007,Movie,Sci-Fi,Universal,2007,141,0,2026-05-23T22:32:41.901347
TITLE_004255,Balanced discrete complexity 1989,Movie,Sci-Fi,Sony,1989,55,0,2026-05-23T22:32:41.901369
TITLE_004256,Enterprise-wide national throughput 2016,TV Series,Horror,Netflix Studios,2016,935,2,2026-05-23T22:32:41.901377
TITLE_004257,Stand-alone asymmetric framework 2019,Movie,Romance,Sony,2019,120,0,2026-05-23T22:32:41.901383
TITLE_004258,Progressive heuristic leverage 2023,Documentary,Horror,Warner Bros,2023,3355,0,2026-05-23T22:32:41.901389
TITLE_004259,Balanced modular access 1982,Movie,Animation,Disney,1982,140,0,2026-05-23T22:32:41.901395
TITLE_004260,Down-sized web-enabled Graphical User Interface 2019,Special,Comedy,Netflix Studios,2019,1949,0,2026-05-23T22:32:41.901403
TITLE_004261,Multi-lateral real-time website 1997,Special,Romance,Warner Bros,1997,3198,0,2026-05-23T22:32:41.901408
TITLE_004262,Business-focused non-volatile utilization 1991,TV Series,Comedy,Universal,1991,441,7,2026-05-23T22:32:41.901414
TITLE_004263,Programmable methodical implementation 1990,Miniseries,Action,Sony,1990,1208,0,2026-05-23T22:32:41.901419
TITLE_004264,Digitized responsive secured line 2002,Documentary,Thriller,Universal,2002,937,0,2026-05-23T22:32:41.901425
TITLE_004265,Pre-emptive 3rdgeneration workforce 2016,Documentary,Animation,Disney,2016,2795,0,2026-05-23T22:32:41.901431
TITLE_004266,Public-key bi-directional leverage 1987,Special,Horror,Disney,1987,2634,0,2026-05-23T22:32:41.901436
TITLE_004267,Profound grid-enabled functionalities 2021,Documentary,Animation,Sony,2021,4693,0,2026-05-23T22:32:41.901444
TITLE_004268,Multi-channeled high-level attitude 2002,TV Series,Thriller,Universal,2002,3450,2,2026-05-23T22:32:41.901450
TITLE_004269,Assimilated coherent ability 1981,TV Series,Comedy,Warner Bros,1981,4944,6,2026-05-23T22:32:41.901455
TITLE_004270,Persevering tangible groupware 1981,TV Series,Drama,Disney,1981,4282,6,2026-05-23T22:32:41.901460
TITLE_004271,Ergonomic zero-defect methodology 1992,Documentary,Horror,Netflix Studios,1992,2999,0,2026-05-23T22:32:41.901466
TITLE_004272,Synergistic leadingedge moratorium 1988,TV Series,Romance,Netflix Studios,1988,5903,8,2026-05-23T22:32:41.901472
TITLE_004273,Synchronized empowering alliance 1984,Special,Sci-Fi,Sony,1984,2138,0,2026-05-23T22:32:41.901478
TITLE_004274,Balanced clear-thinking collaboration 1981,Miniseries,Action,Warner Bros,1981,1447,0,2026-05-23T22:32:41.901484
TITLE_004275,Customizable user-facing forecast 2021,TV Series,Comedy,Netflix Studios,2021,2544,8,2026-05-23T22:32:41.901491
TITLE_004276,Function-based zero-defect solution 1986,Movie,Sci-Fi,Disney,1986,145,0,2026-05-23T22:32:41.901497
TITLE_004277,Mandatory attitude-oriented synergy 2019,Miniseries,Thriller,Sony,2019,2851,0,2026-05-23T22:32:41.901502
TITLE_004278,User-friendly responsive hierarchy 1992,Documentary,Action,Universal,1992,2591,0,2026-05-23T22:32:41.901507
TITLE_004279,Operative intangible structure 2016,Documentary,Sci-Fi,Netflix Studios,2016,3762,0,2026-05-23T22:32:41.901513
TITLE_004280,Open-architected multimedia Graphic Interface 2012,Movie,Thriller,Sony,2012,54,0,2026-05-23T22:32:41.901518
TITLE_004281,Devolved system-worthy open architecture 1996,Miniseries,Drama,Universal,1996,4079,0,2026-05-23T22:32:41.901524
TITLE_004282,Team-oriented full-range access 1981,Movie,Sci-Fi,Apple TV+,1981,62,0,2026-05-23T22:32:41.901529
TITLE_004283,Customizable system-worthy protocol 2020,TV Series,Animation,Universal,2020,5294,7,2026-05-23T22:32:41.901535
TITLE_004284,Vision-oriented intangible project 2015,Miniseries,Romance,Warner Bros,2015,2016,0,2026-05-23T22:32:41.901540
TITLE_004285,Business-focused 4thgeneration focus group 1988,Movie,Sci-Fi,Paramount,1988,132,0,2026-05-23T22:32:41.901546
TITLE_004286,Decentralized 24hour moratorium 2025,TV Series,Drama,Disney,2025,1398,2,2026-05-23T22:32:41.901551
TITLE_004287,Implemented reciprocal process improvement 2008,Special,Drama,Universal,2008,311,0,2026-05-23T22:32:41.901558
TITLE_004288,Distributed multi-state process improvement 2021,TV Series,Animation,Universal,2021,3639,7,2026-05-23T22:32:41.901564
TITLE_004289,Horizontal empowering process improvement 2017,Special,Thriller,Sony,2017,1562,0,2026-05-23T22:32:41.901570
TITLE_004290,Upgradable 24hour capability 2000,Movie,Action,Disney,2000,131,0,2026-05-23T22:32:41.901576
TITLE_004291,User-centric motivating moratorium 1997,TV Series,Drama,Disney,1997,4139,5,2026-05-23T22:32:41.901582
TITLE_004292,Sharable executive success 2019,Miniseries,Sci-Fi,Sony,2019,4037,0,2026-05-23T22:32:41.901589
TITLE_004293,Synchronized object-oriented framework 1987,Miniseries,Drama,Sony,1987,3906,0,2026-05-23T22:32:41.901595
TITLE_004294,Programmable bottom-line initiative 1990,Special,Romance,Paramount,1990,336,0,2026-05-23T22:32:41.901600
TITLE_004295,Triple-buffered discrete database 1980,TV Series,Drama,Sony,1980,2170,8,2026-05-23T22:32:41.901605
TITLE_004296,Enterprise-wide scalable orchestration 1990,TV Series,Thriller,Apple TV+,1990,3377,3,2026-05-23T22:32:41.901611
TITLE_004297,Horizontal 24/7 archive 2014,Miniseries,Comedy,Netflix Studios,2014,1962,0,2026-05-23T22:32:41.901616
TITLE_004298,Enhanced 5thgeneration functionalities 1984,Movie,Thriller,Apple TV+,1984,107,0,2026-05-23T22:32:41.901621
TITLE_004299,Switchable neutral support 2000,Miniseries,Romance,Apple TV+,2000,1739,0,2026-05-23T22:32:41.901627
TITLE_004300,Cloned contextually-based workforce 1997,Movie,Romance,Netflix Studios,1997,82,0,2026-05-23T22:32:41.901632
TITLE_004301,Innovative uniform hardware 1994,Movie,Romance,Paramount,1994,172,0,2026-05-23T22:32:41.901637
TITLE_004302,Stand-alone 3rdgeneration database 1998,Movie,Action,Sony,1998,178,0,2026-05-23T22:32:41.901642
TITLE_004303,Visionary object-oriented solution 1985,TV Series,Thriller,Paramount,1985,5208,8,2026-05-23T22:32:41.901647
TITLE_004304,Balanced impactful software 2016,Movie,Action,Apple TV+,2016,145,0,2026-05-23T22:32:41.901653
TITLE_004305,Implemented zero-defect structure 2024,Special,Animation,Universal,2024,537,0,2026-05-23T22:32:41.901658
TITLE_004306,Ameliorated systematic pricing structure 2013,Miniseries,Drama,Netflix Studios,2013,2206,0,2026-05-23T22:32:41.901663
TITLE_004307,Integrated human-resource initiative 1995,TV Series,Comedy,Warner Bros,1995,3300,6,2026-05-23T22:32:41.901669
TITLE_004308,Universal contextually-based instruction set 2002,Special,Comedy,Universal,2002,5745,0,2026-05-23T22:32:41.901674
TITLE_004309,Enhanced local software 2016,TV Series,Comedy,Netflix Studios,2016,2093,3,2026-05-23T22:32:41.901679
TITLE_004310,User-centric explicit instruction set 2018,Documentary,Comedy,Paramount,2018,921,0,2026-05-23T22:32:41.901684
TITLE_004311,Seamless value-added hardware 2023,Movie,Sci-Fi,Warner Bros,2023,165,0,2026-05-23T22:32:41.901689
TITLE_004312,Fundamental multi-tasking parallelism 1996,TV Series,Comedy,Universal,1996,1155,8,2026-05-23T22:32:41.901694
TITLE_004313,Public-key didactic architecture 2019,Special,Comedy,Netflix Studios,2019,1488,0,2026-05-23T22:32:41.901700
TITLE_004314,Visionary even-keeled software 1994,Movie,Drama,Netflix Studios,1994,142,0,2026-05-23T22:32:41.901705
TITLE_004315,Digitized fresh-thinking circuit 1987,Miniseries,Horror,Warner Bros,1987,5934,0,2026-05-23T22:32:41.901710
TITLE_004316,Adaptive methodical projection 1996,TV Series,Comedy,Paramount,1996,947,6,2026-05-23T22:32:41.901715
TITLE_004317,Enterprise-wide client-driven knowledgebase 2013,Miniseries,Thriller,Universal,2013,4264,0,2026-05-23T22:32:41.901720
TITLE_004318,Enhanced stable moderator 2021,Special,Thriller,Disney,2021,4992,0,2026-05-23T22:32:41.901725
TITLE_004319,Versatile holistic customer loyalty 2023,Special,Thriller,Universal,2023,1455,0,2026-05-23T22:32:41.901730
TITLE_004320,Future-proofed even-keeled customer loyalty 1987,Special,Comedy,Paramount,1987,368,0,2026-05-23T22:32:41.901735
TITLE_004321,Seamless 3rdgeneration parallelism 1998,Documentary,Romance,Netflix Studios,1998,2971,0,2026-05-23T22:32:41.901741
TITLE_004322,Ergonomic actuating implementation 2003,Movie,Action,Sony,2003,128,0,2026-05-23T22:32:41.901747
TITLE_004323,Automated incremental moratorium 2020,Miniseries,Animation,Sony,2020,1611,0,2026-05-23T22:32:41.901752
TITLE_004324,Programmable systemic attitude 2015,TV Series,Horror,Netflix Studios,2015,3110,2,2026-05-23T22:32:41.901758
TITLE_004325,Cross-group bandwidth-monitored installation 2011,Movie,Animation,Netflix Studios,2011,54,0,2026-05-23T22:32:41.901764
TITLE_004326,Fully-configurable optimizing analyzer 1994,Movie,Thriller,Apple TV+,1994,67,0,2026-05-23T22:32:41.901771
TITLE_004327,Balanced interactive attitude 1996,Movie,Thriller,Netflix Studios,1996,169,0,2026-05-23T22:32:41.901777
TITLE_004328,Automated modular migration 2023,TV Series,Horror,Warner Bros,2023,4302,7,2026-05-23T22:32:41.901783
TITLE_004329,Down-sized holistic task-force 1983,TV Series,Animation,Netflix Studios,1983,790,4,2026-05-23T22:32:41.901788
TITLE_004330,Seamless leadingedge instruction set 1998,Documentary,Thriller,Apple TV+,1998,2907,0,2026-05-23T22:32:41.901793
TITLE_004331,Digitized local task-force 2017,Special,Sci-Fi,Paramount,2017,4873,0,2026-05-23T22:32:41.901799
TITLE_004332,Compatible contextually-based superstructure 2012,Documentary,Comedy,Universal,2012,5227,0,2026-05-23T22:32:41.901805
TITLE_004333,User-centric directional info-mediaries 1999,Special,Animation,Universal,1999,1470,0,2026-05-23T22:32:41.901810
TITLE_004334,Exclusive radical adapter 1983,Miniseries,Drama,Sony,1983,1619,0,2026-05-23T22:32:41.901815
TITLE_004335,Advanced real-time paradigm 2023,Miniseries,Comedy,Warner Bros,2023,3246,0,2026-05-23T22:32:41.901820
TITLE_004336,Implemented maximized neural-net 2014,TV Series,Sci-Fi,Netflix Studios,2014,760,4,2026-05-23T22:32:41.901826
TITLE_004337,Polarized transitional time-frame 1989,Documentary,Animation,Netflix Studios,1989,567,0,2026-05-23T22:32:41.901833
TITLE_004338,Quality-focused 3rdgeneration middleware 1997,Movie,Action,Sony,1997,64,0,2026-05-23T22:32:41.901839
TITLE_004339,Multi-tiered object-oriented groupware 1989,TV Series,Thriller,Sony,1989,2797,8,2026-05-23T22:32:41.901845
TITLE_004340,Face-to-face uniform implementation 2000,Movie,Animation,Netflix Studios,2000,105,0,2026-05-23T22:32:41.901851
TITLE_004341,Decentralized web-enabled Internet solution 2006,Special,Drama,Disney,2006,3560,0,2026-05-23T22:32:41.901856
TITLE_004342,Progressive solution-oriented orchestration 1981,Movie,Action,Disney,1981,167,0,2026-05-23T22:32:41.901862
TITLE_004343,Digitized dedicated definition 1982,Special,Comedy,Paramount,1982,4306,0,2026-05-23T22:32:41.901867
TITLE_004344,Grass-roots dynamic initiative 1983,TV Series,Animation,Apple TV+,1983,4781,3,2026-05-23T22:32:41.901873
TITLE_004345,Public-key uniform product 1993,TV Series,Romance,Sony,1993,1818,1,2026-05-23T22:32:41.901881
TITLE_004346,Monitored disintermediate throughput 2008,TV Series,Action,Universal,2008,2023,5,2026-05-23T22:32:41.901888
TITLE_004347,Vision-oriented fault-tolerant intranet 1986,Special,Sci-Fi,Netflix Studios,1986,5607,0,2026-05-23T22:32:41.901894
TITLE_004348,Switchable local methodology 2011,Special,Action,Universal,2011,427,0,2026-05-23T22:32:41.901899
TITLE_004349,Operative coherent help-desk 1998,Documentary,Sci-Fi,Netflix Studios,1998,3595,0,2026-05-23T22:32:41.901905
TITLE_004350,Sharable even-keeled process improvement 1986,Documentary,Action,Netflix Studios,1986,4527,0,2026-05-23T22:32:41.901910
TITLE_004351,Phased coherent complexity 1992,Movie,Comedy,Sony,1992,75,0,2026-05-23T22:32:41.901916
TITLE_004352,Realigned intermediate solution 1994,Movie,Animation,Paramount,1994,135,0,2026-05-23T22:32:41.901921
TITLE_004353,Vision-oriented even-keeled strategy 1980,Documentary,Sci-Fi,Apple TV+,1980,314,0,2026-05-23T22:32:41.901926
TITLE_004354,Ergonomic actuating archive 2010,Movie,Romance,Universal,2010,115,0,2026-05-23T22:32:41.901931
TITLE_004355,Reduced uniform protocol 1980,TV Series,Sci-Fi,Sony,1980,379,2,2026-05-23T22:32:41.901936
TITLE_004356,Optional neutral help-desk 2008,Movie,Comedy,Disney,2008,108,0,2026-05-23T22:32:41.901942
TITLE_004357,Decentralized methodical system engine 1981,Miniseries,Romance,Universal,1981,5759,0,2026-05-23T22:32:41.901948
TITLE_004358,Fundamental empowering initiative 2007,Movie,Romance,Apple TV+,2007,58,0,2026-05-23T22:32:41.901953
TITLE_004359,Automated zero-defect frame 2004,Documentary,Action,Paramount,2004,4200,0,2026-05-23T22:32:41.901958
TITLE_004360,Streamlined mission-critical orchestration 2019,Special,Animation,Sony,2019,4465,0,2026-05-23T22:32:41.901964
TITLE_004361,Multi-channeled attitude-oriented concept 1981,Special,Sci-Fi,Universal,1981,2758,0,2026-05-23T22:32:41.901969
TITLE_004362,Robust analyzing projection 1996,Special,Thriller,Paramount,1996,3409,0,2026-05-23T22:32:41.901975
TITLE_004363,Persistent systemic migration 2015,Miniseries,Horror,Warner Bros,2015,1418,0,2026-05-23T22:32:41.901980
TITLE_004364,Fundamental web-enabled service-desk 1994,Special,Action,Sony,1994,3201,0,2026-05-23T22:32:41.901986
TITLE_004365,Operative content-based orchestration 1980,Miniseries,Horror,Disney,1980,3668,0,2026-05-23T22:32:41.901993
TITLE_004366,Customer-focused optimizing emulation 1997,Special,Sci-Fi,Disney,1997,4918,0,2026-05-23T22:32:41.901999
TITLE_004367,Universal non-volatile concept 2010,Movie,Animation,Disney,2010,69,0,2026-05-23T22:32:41.902006
TITLE_004368,Assimilated systemic task-force 1985,Documentary,Animation,Sony,1985,634,0,2026-05-23T22:32:41.902013
TITLE_004369,Cross-group hybrid core 1988,TV Series,Action,Netflix Studios,1988,2437,4,2026-05-23T22:32:41.902019
TITLE_004370,Customizable contextually-based alliance 2008,Miniseries,Thriller,Netflix Studios,2008,4772,0,2026-05-23T22:32:41.902025
TITLE_004371,Stand-alone asymmetric implementation 2003,Special,Thriller,Warner Bros,2003,5036,0,2026-05-23T22:32:41.902031
TITLE_004372,Enhanced value-added data-warehouse 1980,Special,Horror,Apple TV+,1980,2523,0,2026-05-23T22:32:41.902036
TITLE_004373,Streamlined even-keeled access 2012,Movie,Animation,Paramount,2012,82,0,2026-05-23T22:32:41.902042
TITLE_004374,Grass-roots motivating encryption 2019,Special,Drama,Netflix Studios,2019,4784,0,2026-05-23T22:32:41.902047
TITLE_004375,User-centric holistic ability 1981,Movie,Animation,Disney,1981,133,0,2026-05-23T22:32:41.902052
TITLE_004376,Reverse-engineered maximized parallelism 1998,Movie,Horror,Paramount,1998,136,0,2026-05-23T22:32:41.902058
TITLE_004377,Reduced mobile hierarchy 2000,Special,Animation,Netflix Studios,2000,1254,0,2026-05-23T22:32:41.902062
TITLE_004378,Cross-group zero tolerance leverage 2018,Movie,Romance,Disney,2018,139,0,2026-05-23T22:32:41.902067
TITLE_004379,Future-proofed regional frame 2023,TV Series,Sci-Fi,Disney,2023,2424,8,2026-05-23T22:32:41.902073
TITLE_004380,Self-enabling contextually-based hardware 2011,Miniseries,Sci-Fi,Paramount,2011,2588,0,2026-05-23T22:32:41.902079
TITLE_004381,Multi-channeled demand-driven challenge 1989,Miniseries,Animation,Disney,1989,1310,0,2026-05-23T22:32:41.902086
TITLE_004382,Decentralized empowering solution 2007,TV Series,Comedy,Apple TV+,2007,3355,7,2026-05-23T22:32:41.902092
TITLE_004383,Focused grid-enabled database 2013,Special,Horror,Netflix Studios,2013,4567,0,2026-05-23T22:32:41.902098
TITLE_004384,Universal mobile neural-net 2024,Miniseries,Horror,Netflix Studios,2024,5351,0,2026-05-23T22:32:41.902104
TITLE_004385,Profound tangible system engine 2011,Movie,Sci-Fi,Apple TV+,2011,74,0,2026-05-23T22:32:41.902109
TITLE_004386,Expanded dedicated architecture 2002,Special,Horror,Universal,2002,4651,0,2026-05-23T22:32:41.902115
TITLE_004387,Pre-emptive methodical database 2025,Special,Drama,Paramount,2025,1200,0,2026-05-23T22:32:41.902120
TITLE_004388,Fundamental value-added function 1996,TV Series,Drama,Sony,1996,3329,7,2026-05-23T22:32:41.902127
TITLE_004389,De-engineered systematic initiative 1992,Movie,Drama,Sony,1992,164,0,2026-05-23T22:32:41.902132
TITLE_004390,Down-sized uniform customer loyalty 1983,Movie,Thriller,Warner Bros,1983,85,0,2026-05-23T22:32:41.902138
TITLE_004391,Networked full-range project 2015,Miniseries,Horror,Disney,2015,2712,0,2026-05-23T22:32:41.902143
TITLE_004392,Progressive national groupware 1989,Special,Action,Universal,1989,2271,0,2026-05-23T22:32:41.902149
TITLE_004393,Self-enabling value-added strategy 1991,Movie,Drama,Warner Bros,1991,117,0,2026-05-23T22:32:41.902154
TITLE_004394,Horizontal optimizing hierarchy 2023,Movie,Drama,Paramount,2023,168,0,2026-05-23T22:32:41.902160
TITLE_004395,Compatible fresh-thinking customer loyalty 2011,Miniseries,Sci-Fi,Netflix Studios,2011,2086,0,2026-05-23T22:32:41.902166
TITLE_004396,Balanced bottom-line open system 1987,Special,Thriller,Sony,1987,2968,0,2026-05-23T22:32:41.902171
TITLE_004397,Configurable stable Internet solution 2018,Documentary,Animation,Apple TV+,2018,1963,0,2026-05-23T22:32:41.902177
TITLE_004398,Synchronized demand-driven array 2012,Miniseries,Animation,Netflix Studios,2012,1077,0,2026-05-23T22:32:41.902182
TITLE_004399,Enterprise-wide system-worthy adapter 1988,Documentary,Animation,Disney,1988,756,0,2026-05-23T22:32:41.902187
TITLE_004400,Phased systematic toolset 1997,TV Series,Drama,Apple TV+,1997,1135,8,2026-05-23T22:32:41.902193
TITLE_004401,Phased well-modulated success 1990,Special,Sci-Fi,Universal,1990,1152,0,2026-05-23T22:32:41.902198
TITLE_004402,Digitized tertiary utilization 2009,Miniseries,Sci-Fi,Disney,2009,1131,0,2026-05-23T22:32:41.902204
TITLE_004403,Re-contextualized explicit knowledgebase 1994,Movie,Action,Universal,1994,143,0,2026-05-23T22:32:41.902210
TITLE_004404,Horizontal coherent function 2004,Miniseries,Sci-Fi,Apple TV+,2004,1578,0,2026-05-23T22:32:41.902216
TITLE_004405,Integrated systematic alliance 1999,TV Series,Thriller,Warner Bros,1999,1846,3,2026-05-23T22:32:41.902223
TITLE_004406,Visionary dedicated data-warehouse 1998,Special,Horror,Disney,1998,3756,0,2026-05-23T22:32:41.902229
TITLE_004407,Enhanced holistic standardization 1980,Documentary,Sci-Fi,Universal,1980,2896,0,2026-05-23T22:32:41.902234
TITLE_004408,Secured mobile concept 1983,Miniseries,Comedy,Disney,1983,3251,0,2026-05-23T22:32:41.902239
TITLE_004409,Visionary encompassing product 1998,Documentary,Comedy,Paramount,1998,2672,0,2026-05-23T22:32:41.902244
TITLE_004410,Programmable web-enabled infrastructure 1981,Special,Sci-Fi,Sony,1981,1407,0,2026-05-23T22:32:41.902249
TITLE_004411,Implemented human-resource core 1986,Movie,Comedy,Sony,1986,158,0,2026-05-23T22:32:41.902254
TITLE_004412,Assimilated grid-enabled attitude 1985,TV Series,Romance,Warner Bros,1985,4115,1,2026-05-23T22:32:41.902259
TITLE_004413,Multi-layered asynchronous framework 1983,Special,Horror,Apple TV+,1983,5715,0,2026-05-23T22:32:41.902266
TITLE_004414,Ameliorated grid-enabled Local Area Network 2006,TV Series,Drama,Sony,2006,992,3,2026-05-23T22:32:41.902273
TITLE_004415,Enhanced optimal protocol 2010,TV Series,Thriller,Universal,2010,3238,1,2026-05-23T22:32:41.902279
TITLE_004416,Triple-buffered secondary throughput 1982,Miniseries,Comedy,Sony,1982,3320,0,2026-05-23T22:32:41.902284
TITLE_004417,Balanced cohesive strategy 2023,Documentary,Sci-Fi,Apple TV+,2023,3666,0,2026-05-23T22:32:41.902290
TITLE_004418,Polarized bi-directional Graphic Interface 2020,Movie,Thriller,Netflix Studios,2020,122,0,2026-05-23T22:32:41.902296
TITLE_004419,Profit-focused multimedia capability 1982,TV Series,Thriller,Netflix Studios,1982,2369,3,2026-05-23T22:32:41.902303
TITLE_004420,Focused tangible parallelism 2016,TV Series,Thriller,Warner Bros,2016,1976,4,2026-05-23T22:32:41.902310
TITLE_004421,Organized actuating core 1986,Movie,Drama,Sony,1986,142,0,2026-05-23T22:32:41.902316
TITLE_004422,Expanded non-volatile core 2019,Documentary,Animation,Netflix Studios,2019,1976,0,2026-05-23T22:32:41.902322
TITLE_004423,Reduced zero-defect archive 1981,Miniseries,Animation,Disney,1981,2051,0,2026-05-23T22:32:41.902329
TITLE_004424,Universal local intranet 2006,Movie,Animation,Sony,2006,150,0,2026-05-23T22:32:41.902335
TITLE_004425,Enhanced executive software 1981,Documentary,Drama,Universal,1981,2511,0,2026-05-23T22:32:41.902340
TITLE_004426,User-friendly context-sensitive customer loyalty 2025,Movie,Animation,Paramount,2025,52,0,2026-05-23T22:32:41.902346
TITLE_004427,Centralized attitude-oriented firmware 1994,Special,Romance,Warner Bros,1994,5345,0,2026-05-23T22:32:41.902351
TITLE_004428,Streamlined mission-critical project 2001,Documentary,Sci-Fi,Disney,2001,2722,0,2026-05-23T22:32:41.902357
TITLE_004429,Triple-buffered tangible strategy 1983,Special,Comedy,Sony,1983,4254,0,2026-05-23T22:32:41.902362
TITLE_004430,Reverse-engineered context-sensitive intranet 1986,Documentary,Comedy,Warner Bros,1986,5112,0,2026-05-23T22:32:41.902368
TITLE_004431,Operative clear-thinking open system 2024,Special,Romance,Disney,2024,970,0,2026-05-23T22:32:41.902374
TITLE_004432,Monitored regional capability 1983,Documentary,Animation,Apple TV+,1983,1534,0,2026-05-23T22:32:41.902379
TITLE_004433,Monitored intermediate function 2010,Miniseries,Sci-Fi,Apple TV+,2010,5691,0,2026-05-23T22:32:41.902384
TITLE_004434,Reduced 5thgeneration knowledge user 2023,Miniseries,Thriller,Netflix Studios,2023,2382,0,2026-05-23T22:32:41.902390
TITLE_004435,Face-to-face static focus group 2010,Miniseries,Horror,Paramount,2010,5678,0,2026-05-23T22:32:41.902396
TITLE_004436,User-friendly human-resource Local Area Network 2000,Documentary,Animation,Paramount,2000,3848,0,2026-05-23T22:32:41.902401
TITLE_004437,Versatile leadingedge leverage 1988,Special,Horror,Paramount,1988,3308,0,2026-05-23T22:32:41.902407
TITLE_004438,Phased secondary solution 2006,Miniseries,Animation,Paramount,2006,344,0,2026-05-23T22:32:41.902412
TITLE_004439,Advanced transitional help-desk 2006,Movie,Thriller,Sony,2006,176,0,2026-05-23T22:32:41.902418
TITLE_004440,Organized explicit toolset 1992,Special,Action,Netflix Studios,1992,3930,0,2026-05-23T22:32:41.902423
TITLE_004441,Down-sized even-keeled architecture 2009,Special,Animation,Sony,2009,1226,0,2026-05-23T22:32:41.902428
TITLE_004442,Ameliorated uniform emulation 2022,Documentary,Animation,Warner Bros,2022,5852,0,2026-05-23T22:32:41.902434
TITLE_004443,Automated fresh-thinking model 2017,TV Series,Sci-Fi,Netflix Studios,2017,4871,3,2026-05-23T22:32:41.902441
TITLE_004444,Business-focused mobile contingency 1983,TV Series,Horror,Paramount,1983,4972,1,2026-05-23T22:32:41.902448
TITLE_004445,Centralized composite groupware 1995,Documentary,Comedy,Sony,1995,2892,0,2026-05-23T22:32:41.902453
TITLE_004446,Organic composite matrices 2025,Movie,Horror,Netflix Studios,2025,139,0,2026-05-23T22:32:41.902458
TITLE_004447,Implemented well-modulated productivity 2025,Documentary,Comedy,Netflix Studios,2025,3830,0,2026-05-23T22:32:41.902463
TITLE_004448,Innovative stable benchmark 1997,Miniseries,Romance,Netflix Studios,1997,3949,0,2026-05-23T22:32:41.902468
TITLE_004449,Profit-focused 24hour middleware 2004,Movie,Thriller,Disney,2004,69,0,2026-05-23T22:32:41.902473
TITLE_004450,Programmable clear-thinking conglomeration 1995,Special,Drama,Universal,1995,5530,0,2026-05-23T22:32:41.902478
TITLE_004451,User-centric bandwidth-monitored algorithm 1999,Documentary,Drama,Disney,1999,2653,0,2026-05-23T22:32:41.902484
TITLE_004452,Optimized holistic structure 2022,TV Series,Comedy,Warner Bros,2022,3664,1,2026-05-23T22:32:41.902489
TITLE_004453,Versatile radical encoding 1996,Miniseries,Romance,Apple TV+,1996,2905,0,2026-05-23T22:32:41.902495
TITLE_004454,Inverse heuristic project 2021,Documentary,Horror,Disney,2021,5254,0,2026-05-23T22:32:41.902501
TITLE_004455,Re-engineered user-facing project 1980,Miniseries,Romance,Universal,1980,5941,0,2026-05-23T22:32:41.902507
TITLE_004456,Multi-lateral discrete archive 1984,Special,Comedy,Apple TV+,1984,4537,0,2026-05-23T22:32:41.902512
TITLE_004457,Enterprise-wide zero tolerance encryption 1994,Miniseries,Comedy,Paramount,1994,3600,0,2026-05-23T22:32:41.902518
TITLE_004458,Stand-alone intermediate software 1991,Movie,Sci-Fi,Universal,1991,138,0,2026-05-23T22:32:41.902523
TITLE_004459,Polarized hybrid leverage 1992,Special,Comedy,Universal,1992,659,0,2026-05-23T22:32:41.902529
TITLE_004460,Advanced systemic budgetary management 1980,Movie,Drama,Warner Bros,1980,146,0,2026-05-23T22:32:41.902534
TITLE_004461,Progressive modular framework 2005,TV Series,Sci-Fi,Apple TV+,2005,4813,1,2026-05-23T22:32:41.902541
TITLE_004462,Integrated fault-tolerant core 2023,Documentary,Comedy,Netflix Studios,2023,5652,0,2026-05-23T22:32:41.902549
TITLE_004463,Expanded grid-enabled paradigm 1997,Documentary,Thriller,Disney,1997,5171,0,2026-05-23T22:32:41.902555
TITLE_004464,Phased demand-driven standardization 2023,Special,Romance,Apple TV+,2023,5830,0,2026-05-23T22:32:41.902560
TITLE_004465,Mandatory multi-tasking strategy 2001,Miniseries,Thriller,Paramount,2001,4305,0,2026-05-23T22:32:41.902566
TITLE_004466,Cross-group background algorithm 1989,TV Series,Romance,Sony,1989,5273,8,2026-05-23T22:32:41.902572
TITLE_004467,Customer-focused tangible Local Area Network 2015,TV Series,Thriller,Paramount,2015,731,3,2026-05-23T22:32:41.902578
TITLE_004468,Secured well-modulated challenge 2005,Movie,Action,Netflix Studios,2005,157,0,2026-05-23T22:32:41.902584
TITLE_004469,Organic clear-thinking utilization 1996,Special,Horror,Netflix Studios,1996,5411,0,2026-05-23T22:32:41.902588
TITLE_004470,Seamless bandwidth-monitored website 2008,Movie,Romance,Warner Bros,2008,141,0,2026-05-23T22:32:41.902594
TITLE_004471,Visionary context-sensitive encoding 2012,TV Series,Romance,Sony,2012,3052,6,2026-05-23T22:32:41.902600
TITLE_004472,Multi-lateral high-level Graphical User Interface 1982,Special,Animation,Warner Bros,1982,2705,0,2026-05-23T22:32:41.902606
TITLE_004473,Multi-tiered analyzing open architecture 2011,TV Series,Animation,Paramount,2011,4307,8,2026-05-23T22:32:41.902611
TITLE_004474,Self-enabling bi-directional utilization 2021,Miniseries,Comedy,Warner Bros,2021,2209,0,2026-05-23T22:32:41.902616
TITLE_004475,Extended scalable Local Area Network 2004,Special,Drama,Sony,2004,2275,0,2026-05-23T22:32:41.902622
TITLE_004476,Extended client-driven installation 1997,Miniseries,Horror,Netflix Studios,1997,1420,0,2026-05-23T22:32:41.902627
TITLE_004477,Streamlined eco-centric forecast 1981,Miniseries,Horror,Netflix Studios,1981,3218,0,2026-05-23T22:32:41.902633
TITLE_004478,Right-sized fresh-thinking implementation 1997,Documentary,Drama,Warner Bros,1997,4978,0,2026-05-23T22:32:41.902638
TITLE_004479,User-centric non-volatile synergy 2011,Movie,Comedy,Sony,2011,137,0,2026-05-23T22:32:41.902645
TITLE_004480,Open-architected neutral circuit 2000,Movie,Action,Universal,2000,105,0,2026-05-23T22:32:41.902651
TITLE_004481,Future-proofed multimedia conglomeration 2014,Miniseries,Romance,Paramount,2014,1312,0,2026-05-23T22:32:41.902656
TITLE_004482,Enterprise-wide cohesive firmware 1985,TV Series,Sci-Fi,Netflix Studios,1985,5196,8,2026-05-23T22:32:41.902663
TITLE_004483,Visionary local analyzer 2023,Special,Thriller,Paramount,2023,2406,0,2026-05-23T22:32:41.902670
TITLE_004484,Enterprise-wide solution-oriented focus group 1981,Miniseries,Comedy,Sony,1981,1782,0,2026-05-23T22:32:41.902676
TITLE_004485,Pre-emptive full-range encryption 1986,TV Series,Thriller,Warner Bros,1986,1012,5,2026-05-23T22:32:41.902683
TITLE_004486,Horizontal upward-trending solution 2016,Documentary,Action,Paramount,2016,5969,0,2026-05-23T22:32:41.902688
TITLE_004487,Devolved needs-based strategy 2014,Special,Thriller,Apple TV+,2014,837,0,2026-05-23T22:32:41.902694
TITLE_004488,Distributed static capacity 1983,Special,Sci-Fi,Warner Bros,1983,2240,0,2026-05-23T22:32:41.902700
TITLE_004489,Organic even-keeled architecture 2023,Documentary,Horror,Universal,2023,2569,0,2026-05-23T22:32:41.902706
TITLE_004490,Function-based upward-trending system engine 1983,Movie,Sci-Fi,Warner Bros,1983,51,0,2026-05-23T22:32:41.902712
TITLE_004491,Front-line incremental emulation 2017,Documentary,Action,Netflix Studios,2017,5925,0,2026-05-23T22:32:41.902718
TITLE_004492,Cloned dedicated budgetary management 1987,Miniseries,Horror,Disney,1987,2982,0,2026-05-23T22:32:41.902723
TITLE_004493,Reduced clear-thinking Local Area Network 2001,TV Series,Animation,Paramount,2001,524,6,2026-05-23T22:32:41.902730
TITLE_004494,Fundamental multimedia workforce 2017,Miniseries,Thriller,Apple TV+,2017,5131,0,2026-05-23T22:32:41.902737
TITLE_004495,Mandatory systemic array 1987,Documentary,Comedy,Universal,1987,1124,0,2026-05-23T22:32:41.902743
TITLE_004496,Profit-focused holistic secured line 2015,Special,Romance,Paramount,2015,309,0,2026-05-23T22:32:41.902749
TITLE_004497,Synergized multi-state function 1995,Documentary,Thriller,Disney,1995,4523,0,2026-05-23T22:32:41.902755
TITLE_004498,Robust optimizing toolset 2021,Special,Comedy,Apple TV+,2021,2788,0,2026-05-23T22:32:41.902761
TITLE_004499,Polarized system-worthy protocol 2024,Movie,Comedy,Netflix Studios,2024,149,0,2026-05-23T22:32:41.902767
TITLE_004500,Distributed homogeneous instruction set 1997,Documentary,Drama,Paramount,1997,4955,0,2026-05-23T22:32:41.902772
TITLE_004501,Decentralized foreground analyzer 2012,Special,Romance,Netflix Studios,2012,3758,0,2026-05-23T22:32:41.902799
TITLE_004502,Polarized attitude-oriented benchmark 2012,Documentary,Animation,Netflix Studios,2012,5225,0,2026-05-23T22:32:41.902810
TITLE_004503,Multi-tiered didactic utilization 2025,Special,Action,Paramount,2025,3584,0,2026-05-23T22:32:41.902816
TITLE_004504,Digitized heuristic data-warehouse 2007,TV Series,Drama,Netflix Studios,2007,2418,7,2026-05-23T22:32:41.902823
TITLE_004505,Re-engineered clear-thinking utilization 2020,Special,Action,Paramount,2020,835,0,2026-05-23T22:32:41.902830
TITLE_004506,Fundamental context-sensitive hardware 2013,Movie,Action,Universal,2013,174,0,2026-05-23T22:32:41.902835
TITLE_004507,Adaptive methodical leverage 2003,Movie,Romance,Warner Bros,2003,100,0,2026-05-23T22:32:41.902842
TITLE_004508,Organized contextually-based protocol 2009,TV Series,Comedy,Warner Bros,2009,620,3,2026-05-23T22:32:41.902847
TITLE_004509,Distributed well-modulated task-force 2008,Documentary,Thriller,Apple TV+,2008,804,0,2026-05-23T22:32:41.902853
TITLE_004510,Ergonomic dedicated definition 1995,Miniseries,Comedy,Universal,1995,4053,0,2026-05-23T22:32:41.902859
TITLE_004511,Customizable incremental methodology 1995,Movie,Animation,Disney,1995,137,0,2026-05-23T22:32:41.902865
TITLE_004512,Balanced mission-critical ability 1991,Documentary,Horror,Universal,1991,3804,0,2026-05-23T22:32:41.902870
TITLE_004513,Ergonomic analyzing approach 2001,Miniseries,Horror,Universal,2001,5078,0,2026-05-23T22:32:41.902875
TITLE_004514,Decentralized dynamic forecast 2014,TV Series,Horror,Disney,2014,2374,8,2026-05-23T22:32:41.902880
TITLE_004515,Digitized context-sensitive help-desk 1984,Special,Thriller,Apple TV+,1984,3320,0,2026-05-23T22:32:41.902887
TITLE_004516,Multi-channeled zero-defect help-desk 1993,Documentary,Drama,Apple TV+,1993,4985,0,2026-05-23T22:32:41.902892
TITLE_004517,Centralized content-based concept 1985,Movie,Thriller,Paramount,1985,66,0,2026-05-23T22:32:41.902897
TITLE_004518,Fully-configurable bandwidth-monitored data-warehouse 1993,Special,Horror,Disney,1993,3497,0,2026-05-23T22:32:41.902903
TITLE_004519,Managed reciprocal orchestration 2025,Movie,Romance,Disney,2025,71,0,2026-05-23T22:32:41.902910
TITLE_004520,Synergistic intermediate toolset 2003,TV Series,Horror,Warner Bros,2003,1302,3,2026-05-23T22:32:41.902916
TITLE_004521,Synergistic uniform workforce 2024,TV Series,Horror,Warner Bros,2024,344,3,2026-05-23T22:32:41.902924
TITLE_004522,Fundamental responsive concept 1996,Movie,Drama,Netflix Studios,1996,77,0,2026-05-23T22:32:41.902929
TITLE_004523,Inverse neutral groupware 2012,Special,Horror,Paramount,2012,3531,0,2026-05-23T22:32:41.902934
TITLE_004524,Realigned real-time Graphic Interface 2009,TV Series,Comedy,Paramount,2009,5369,2,2026-05-23T22:32:41.902940
TITLE_004525,Customizable background info-mediaries 2015,Documentary,Sci-Fi,Apple TV+,2015,5439,0,2026-05-23T22:32:41.902946
TITLE_004526,Object-based bottom-line synergy 1995,Movie,Drama,Apple TV+,1995,151,0,2026-05-23T22:32:41.902951
TITLE_004527,Exclusive transitional archive 2020,Movie,Drama,Disney,2020,56,0,2026-05-23T22:32:41.902957
TITLE_004528,Balanced didactic complexity 2022,Special,Drama,Disney,2022,5611,0,2026-05-23T22:32:41.902963
TITLE_004529,Monitored optimal secured line 2017,Documentary,Action,Netflix Studios,2017,2555,0,2026-05-23T22:32:41.902969
TITLE_004530,Diverse bifurcated Graphical User Interface 1985,Movie,Action,Paramount,1985,91,0,2026-05-23T22:32:41.902974
TITLE_004531,Programmable tangible encoding 2004,Miniseries,Horror,Sony,2004,5638,0,2026-05-23T22:32:41.902979
TITLE_004532,Distributed clear-thinking frame 1997,Movie,Action,Apple TV+,1997,84,0,2026-05-23T22:32:41.902985
TITLE_004533,Re-contextualized multi-tasking focus group 1992,Movie,Thriller,Universal,1992,158,0,2026-05-23T22:32:41.902991
TITLE_004534,Visionary context-sensitive productivity 1989,Movie,Sci-Fi,Apple TV+,1989,50,0,2026-05-23T22:32:41.902997
TITLE_004535,Optimized human-resource attitude 1982,Special,Thriller,Paramount,1982,2938,0,2026-05-23T22:32:41.903002
TITLE_004536,Phased real-time Graphic Interface 1989,Miniseries,Action,Apple TV+,1989,801,0,2026-05-23T22:32:41.903007
TITLE_004537,Secured directional productivity 2008,TV Series,Comedy,Sony,2008,5941,4,2026-05-23T22:32:41.903013
TITLE_004538,Persistent incremental portal 1996,Special,Horror,Apple TV+,1996,2829,0,2026-05-23T22:32:41.903019
TITLE_004539,Total eco-centric implementation 2005,Movie,Thriller,Apple TV+,2005,139,0,2026-05-23T22:32:41.903024
TITLE_004540,Customizable full-range monitoring 2019,Movie,Drama,Netflix Studios,2019,102,0,2026-05-23T22:32:41.903030
TITLE_004541,Synergistic multi-tasking solution 1992,TV Series,Animation,Sony,1992,3175,7,2026-05-23T22:32:41.903035
TITLE_004542,Organic 3rdgeneration solution 1988,TV Series,Horror,Warner Bros,1988,5888,3,2026-05-23T22:32:41.903042
TITLE_004543,Sharable 5thgeneration forecast 1989,Miniseries,Romance,Apple TV+,1989,3104,0,2026-05-23T22:32:41.903048
TITLE_004544,Synergistic even-keeled leverage 1986,Miniseries,Thriller,Netflix Studios,1986,3045,0,2026-05-23T22:32:41.903054
TITLE_004545,Configurable neutral standardization 1995,Movie,Thriller,Netflix Studios,1995,149,0,2026-05-23T22:32:41.903061
TITLE_004546,Customizable tertiary info-mediaries 2005,TV Series,Action,Netflix Studios,2005,3423,4,2026-05-23T22:32:41.903066
TITLE_004547,Team-oriented coherent policy 2019,Movie,Sci-Fi,Sony,2019,136,0,2026-05-23T22:32:41.903073
TITLE_004548,Organized bi-directional challenge 2004,Miniseries,Sci-Fi,Apple TV+,2004,2967,0,2026-05-23T22:32:41.903079
TITLE_004549,Ergonomic asynchronous encoding 2015,Movie,Horror,Warner Bros,2015,66,0,2026-05-23T22:32:41.903085
TITLE_004550,Managed heuristic focus group 2007,Special,Romance,Disney,2007,5442,0,2026-05-23T22:32:41.903090
TITLE_004551,Triple-buffered disintermediate hub 1987,Movie,Comedy,Warner Bros,1987,100,0,2026-05-23T22:32:41.903096
TITLE_004552,Expanded tertiary benchmark 1986,Documentary,Romance,Paramount,1986,2166,0,2026-05-23T22:32:41.903104
TITLE_004553,Re-contextualized encompassing time-frame 1997,Documentary,Animation,Warner Bros,1997,1595,0,2026-05-23T22:32:41.903109
TITLE_004554,Front-line system-worthy strategy 1983,Documentary,Action,Sony,1983,913,0,2026-05-23T22:32:41.903115
TITLE_004555,Synchronized hybrid migration 2003,Special,Animation,Sony,2003,2930,0,2026-05-23T22:32:41.903120
TITLE_004556,Visionary fault-tolerant collaboration 2024,TV Series,Action,Apple TV+,2024,5003,8,2026-05-23T22:32:41.903127
TITLE_004557,Adaptive composite archive 1990,Special,Comedy,Apple TV+,1990,1692,0,2026-05-23T22:32:41.903132
TITLE_004558,Ameliorated holistic interface 1987,Special,Action,Netflix Studios,1987,386,0,2026-05-23T22:32:41.903137
TITLE_004559,Fundamental asynchronous artificial intelligence 2015,Documentary,Sci-Fi,Apple TV+,2015,601,0,2026-05-23T22:32:41.903142
TITLE_004560,Fundamental tertiary extranet 1996,Documentary,Animation,Paramount,1996,4784,0,2026-05-23T22:32:41.903148
TITLE_004561,Monitored actuating Graphic Interface 1999,Special,Action,Sony,1999,582,0,2026-05-23T22:32:41.903153
TITLE_004562,Right-sized contextually-based system engine 2015,Documentary,Thriller,Disney,2015,5721,0,2026-05-23T22:32:41.903159
TITLE_004563,Digitized upward-trending throughput 2012,TV Series,Sci-Fi,Apple TV+,2012,1413,3,2026-05-23T22:32:41.903166
TITLE_004564,Multi-channeled holistic parallelism 2005,Miniseries,Drama,Apple TV+,2005,4590,0,2026-05-23T22:32:41.903171
TITLE_004565,Digitized even-keeled knowledgebase 2000,TV Series,Romance,Paramount,2000,4644,2,2026-05-23T22:32:41.903177
TITLE_004566,Programmable transitional standardization 1982,Miniseries,Horror,Disney,1982,2603,0,2026-05-23T22:32:41.903182
TITLE_004567,Decentralized stable moderator 2002,Special,Animation,Netflix Studios,2002,3901,0,2026-05-23T22:32:41.903188
TITLE_004568,Customizable methodical architecture 2002,Movie,Drama,Warner Bros,2002,141,0,2026-05-23T22:32:41.903193
TITLE_004569,Total systematic website 2023,TV Series,Romance,Warner Bros,2023,3849,7,2026-05-23T22:32:41.903197
TITLE_004570,Optimized modular ability 1985,Special,Horror,Universal,1985,5385,0,2026-05-23T22:32:41.903203
TITLE_004571,Organized client-driven orchestration 1992,Miniseries,Animation,Warner Bros,1992,523,0,2026-05-23T22:32:41.903207
TITLE_004572,Cloned high-level focus group 2010,Miniseries,Horror,Disney,2010,1681,0,2026-05-23T22:32:41.903213
TITLE_004573,Grass-roots reciprocal task-force 1991,Documentary,Horror,Disney,1991,3731,0,2026-05-23T22:32:41.903218
TITLE_004574,Cloned reciprocal database 1981,Documentary,Animation,Disney,1981,3100,0,2026-05-23T22:32:41.903224
TITLE_004575,Cross-platform stable array 2010,Movie,Animation,Universal,2010,152,0,2026-05-23T22:32:41.903229
TITLE_004576,Switchable empowering methodology 2002,TV Series,Drama,Netflix Studios,2002,4559,4,2026-05-23T22:32:41.903234
TITLE_004577,Up-sized bi-directional matrices 1991,TV Series,Horror,Universal,1991,1000,7,2026-05-23T22:32:41.903239
TITLE_004578,Profit-focused neutral customer loyalty 1995,Documentary,Action,Universal,1995,5870,0,2026-05-23T22:32:41.903245
TITLE_004579,Realigned bi-directional system engine 2023,Documentary,Horror,Universal,2023,2042,0,2026-05-23T22:32:41.903253
TITLE_004580,Advanced zero administration archive 1996,TV Series,Action,Apple TV+,1996,1946,4,2026-05-23T22:32:41.903259
TITLE_004581,Assimilated directional superstructure 2018,TV Series,Drama,Sony,2018,5437,2,2026-05-23T22:32:41.903265
TITLE_004582,Cross-group executive knowledge user 1995,Miniseries,Animation,Universal,1995,4507,0,2026-05-23T22:32:41.903270
TITLE_004583,Visionary homogeneous synergy 2004,Movie,Sci-Fi,Paramount,2004,128,0,2026-05-23T22:32:41.903275
TITLE_004584,Multi-tiered mission-critical Graphical User Interface 2019,TV Series,Horror,Universal,2019,4071,7,2026-05-23T22:32:41.903280
TITLE_004585,Customer-focused zero administration frame 1993,Documentary,Action,Disney,1993,3953,0,2026-05-23T22:32:41.903286
TITLE_004586,Switchable clear-thinking knowledge user 1981,Special,Drama,Warner Bros,1981,2323,0,2026-05-23T22:32:41.903291
TITLE_004587,Up-sized hybrid secured line 2025,Miniseries,Romance,Warner Bros,2025,4608,0,2026-05-23T22:32:41.903296
TITLE_004588,Robust object-oriented complexity 2019,Documentary,Comedy,Sony,2019,665,0,2026-05-23T22:32:41.903302
TITLE_004589,Organized asymmetric complexity 2014,Special,Comedy,Apple TV+,2014,5503,0,2026-05-23T22:32:41.903307
TITLE_004590,Assimilated user-facing throughput 2022,Documentary,Horror,Sony,2022,2336,0,2026-05-23T22:32:41.903313
TITLE_004591,Total contextually-based project 1997,TV Series,Sci-Fi,Paramount,1997,5783,5,2026-05-23T22:32:41.903331
TITLE_004592,Profound fresh-thinking frame 1987,Miniseries,Drama,Sony,1987,4063,0,2026-05-23T22:32:41.903339
TITLE_004593,Diverse intangible policy 2024,Documentary,Sci-Fi,Paramount,2024,4408,0,2026-05-23T22:32:41.903346
TITLE_004594,Extended zero-defect functionalities 1988,Movie,Sci-Fi,Sony,1988,100,0,2026-05-23T22:32:41.903351
TITLE_004595,Optimized global project 1985,Movie,Drama,Warner Bros,1985,60,0,2026-05-23T22:32:41.903357
TITLE_004596,Innovative incremental budgetary management 2008,TV Series,Animation,Sony,2008,814,8,2026-05-23T22:32:41.903364
TITLE_004597,Re-contextualized high-level website 2019,Documentary,Animation,Paramount,2019,2006,0,2026-05-23T22:32:41.903370
TITLE_004598,Robust leadingedge functionalities 2019,Movie,Action,Paramount,2019,52,0,2026-05-23T22:32:41.903375
TITLE_004599,Exclusive local productivity 2010,TV Series,Drama,Paramount,2010,985,2,2026-05-23T22:32:41.903383
TITLE_004600,Customizable impactful customer loyalty 2000,Special,Horror,Paramount,2000,1614,0,2026-05-23T22:32:41.903389
TITLE_004601,Expanded upward-trending knowledge user 1998,Miniseries,Horror,Apple TV+,1998,2832,0,2026-05-23T22:32:41.903394
TITLE_004602,Cloned 5thgeneration budgetary management 1994,Movie,Animation,Warner Bros,1994,103,0,2026-05-23T22:32:41.903400
TITLE_004603,Phased needs-based synergy 2001,Documentary,Drama,Disney,2001,1061,0,2026-05-23T22:32:41.903405
TITLE_004604,Implemented needs-based budgetary management 1999,Documentary,Thriller,Universal,1999,1209,0,2026-05-23T22:32:41.903410
TITLE_004605,Configurable systematic complexity 1998,Movie,Animation,Apple TV+,1998,148,0,2026-05-23T22:32:41.903416
TITLE_004606,Customizable stable archive 1987,Movie,Romance,Apple TV+,1987,98,0,2026-05-23T22:32:41.903422
TITLE_004607,Exclusive secondary intranet 2006,Miniseries,Horror,Sony,2006,5598,0,2026-05-23T22:32:41.903426
TITLE_004608,Self-enabling dedicated Graphical User Interface 1993,Movie,Action,Sony,1993,116,0,2026-05-23T22:32:41.903432
TITLE_004609,Cross-platform interactive project 2017,Miniseries,Action,Disney,2017,5340,0,2026-05-23T22:32:41.903437
TITLE_004610,Profound zero-defect array 2013,Documentary,Animation,Universal,2013,5254,0,2026-05-23T22:32:41.903443
TITLE_004611,Balanced web-enabled algorithm 2011,Documentary,Animation,Sony,2011,1383,0,2026-05-23T22:32:41.903450
TITLE_004612,Optional uniform solution 2023,Movie,Horror,Netflix Studios,2023,111,0,2026-05-23T22:32:41.903455
TITLE_004613,Enterprise-wide modular model 1998,Miniseries,Drama,Warner Bros,1998,2636,0,2026-05-23T22:32:41.903461
TITLE_004614,Polarized dynamic alliance 2022,TV Series,Animation,Warner Bros,2022,4265,6,2026-05-23T22:32:41.903466
TITLE_004615,Exclusive background forecast 1997,Movie,Thriller,Netflix Studios,1997,62,0,2026-05-23T22:32:41.903472
TITLE_004616,Programmable motivating website 2001,TV Series,Thriller,Universal,2001,5162,8,2026-05-23T22:32:41.903477
TITLE_004617,Secured disintermediate initiative 1982,Documentary,Romance,Netflix Studios,1982,5693,0,2026-05-23T22:32:41.903482
TITLE_004618,Up-sized web-enabled utilization 1983,Special,Action,Netflix Studios,1983,1098,0,2026-05-23T22:32:41.903488
TITLE_004619,Re-engineered tangible implementation 1990,Miniseries,Comedy,Disney,1990,1156,0,2026-05-23T22:32:41.903493
TITLE_004620,Face-to-face intangible installation 2023,TV Series,Horror,Disney,2023,3348,5,2026-05-23T22:32:41.903500
TITLE_004621,Compatible needs-based Internet solution 2018,Miniseries,Thriller,Sony,2018,376,0,2026-05-23T22:32:41.903505
TITLE_004622,Devolved dedicated support 1984,Documentary,Romance,Warner Bros,1984,4684,0,2026-05-23T22:32:41.903510
TITLE_004623,Switchable tertiary portal 2016,Documentary,Drama,Netflix Studios,2016,342,0,2026-05-23T22:32:41.903515
TITLE_004624,Synergized fault-tolerant encoding 1985,TV Series,Horror,Paramount,1985,1252,5,2026-05-23T22:32:41.903520
TITLE_004625,Adaptive regional neural-net 2024,Special,Sci-Fi,Apple TV+,2024,5002,0,2026-05-23T22:32:41.903526
TITLE_004626,Expanded 6thgeneration secured line 2024,Miniseries,Comedy,Netflix Studios,2024,2887,0,2026-05-23T22:32:41.903531
TITLE_004627,De-engineered 6thgeneration database 1999,Documentary,Action,Paramount,1999,5848,0,2026-05-23T22:32:41.903536
TITLE_004628,Optimized radical adapter 1992,Documentary,Horror,Sony,1992,779,0,2026-05-23T22:32:41.903542
TITLE_004629,Enhanced multi-tasking function 1996,Movie,Drama,Sony,1996,47,0,2026-05-23T22:32:41.903547
TITLE_004630,Proactive content-based frame 2000,Movie,Comedy,Paramount,2000,128,0,2026-05-23T22:32:41.903553
TITLE_004631,Self-enabling interactive functionalities 1996,Miniseries,Drama,Warner Bros,1996,5349,0,2026-05-23T22:32:41.903557
TITLE_004632,Synergized bottom-line strategy 2019,Movie,Comedy,Warner Bros,2019,91,0,2026-05-23T22:32:41.903563
TITLE_004633,Visionary mission-critical open system 2010,Special,Action,Apple TV+,2010,889,0,2026-05-23T22:32:41.903569
TITLE_004634,Organic responsive capacity 1982,Special,Romance,Universal,1982,1962,0,2026-05-23T22:32:41.903575
TITLE_004635,Persevering 5thgeneration synergy 2005,Movie,Thriller,Warner Bros,2005,67,0,2026-05-23T22:32:41.903580
TITLE_004636,Cross-platform modular groupware 2003,Documentary,Drama,Warner Bros,2003,3293,0,2026-05-23T22:32:41.903585
TITLE_004637,Enterprise-wide bi-directional knowledgebase 1988,Movie,Thriller,Universal,1988,110,0,2026-05-23T22:32:41.903590
TITLE_004638,Assimilated dedicated knowledgebase 1997,Miniseries,Animation,Paramount,1997,303,0,2026-05-23T22:32:41.903597
TITLE_004639,Ameliorated cohesive challenge 2011,TV Series,Sci-Fi,Warner Bros,2011,1142,5,2026-05-23T22:32:41.903603
TITLE_004640,Persevering web-enabled encoding 2018,TV Series,Sci-Fi,Paramount,2018,3290,2,2026-05-23T22:32:41.903610
TITLE_004641,Quality-focused homogeneous conglomeration 2004,Documentary,Sci-Fi,Universal,2004,4991,0,2026-05-23T22:32:41.903616
TITLE_004642,Inverse optimizing emulation 2002,TV Series,Drama,Apple TV+,2002,896,5,2026-05-23T22:32:41.903622
TITLE_004643,Synergized 24/7 pricing structure 2004,Movie,Action,Warner Bros,2004,132,0,2026-05-23T22:32:41.903629
TITLE_004644,Profound user-facing toolset 2008,Movie,Thriller,Sony,2008,146,0,2026-05-23T22:32:41.903635
TITLE_004645,Innovative uniform standardization 1998,Documentary,Thriller,Warner Bros,1998,850,0,2026-05-23T22:32:41.903641
TITLE_004646,Persevering 5thgeneration complexity 2012,TV Series,Romance,Apple TV+,2012,4346,7,2026-05-23T22:32:41.903647
TITLE_004647,Right-sized maximized flexibility 1994,TV Series,Comedy,Warner Bros,1994,2882,3,2026-05-23T22:32:41.903654
TITLE_004648,Versatile fresh-thinking focus group 2021,Special,Animation,Disney,2021,4102,0,2026-05-23T22:32:41.903660
TITLE_004649,Persistent grid-enabled collaboration 1984,Special,Romance,Disney,1984,2760,0,2026-05-23T22:32:41.903665
TITLE_004650,Versatile contextually-based conglomeration 1999,TV Series,Horror,Paramount,1999,2046,1,2026-05-23T22:32:41.903670
TITLE_004651,Horizontal methodical utilization 1991,TV Series,Romance,Apple TV+,1991,4207,2,2026-05-23T22:32:41.903676
TITLE_004652,Up-sized tangible moderator 2022,Movie,Action,Sony,2022,173,0,2026-05-23T22:32:41.903681
TITLE_004653,Public-key context-sensitive installation 2004,Documentary,Comedy,Sony,2004,777,0,2026-05-23T22:32:41.903687
TITLE_004654,Streamlined incremental monitoring 2011,Miniseries,Animation,Universal,2011,5462,0,2026-05-23T22:32:41.903692
TITLE_004655,Vision-oriented 6thgeneration attitude 1986,Movie,Horror,Paramount,1986,170,0,2026-05-23T22:32:41.903698
TITLE_004656,Customizable demand-driven infrastructure 2016,Documentary,Comedy,Disney,2016,2131,0,2026-05-23T22:32:41.903703
TITLE_004657,Switchable directional info-mediaries 1989,Documentary,Comedy,Apple TV+,1989,5973,0,2026-05-23T22:32:41.903710
TITLE_004658,Front-line radical analyzer 2023,TV Series,Romance,Sony,2023,1269,7,2026-05-23T22:32:41.903716
TITLE_004659,Exclusive didactic parallelism 1989,Documentary,Animation,Netflix Studios,1989,1458,0,2026-05-23T22:32:41.903721
TITLE_004660,Managed fault-tolerant Internet solution 1993,Special,Thriller,Sony,1993,1732,0,2026-05-23T22:32:41.903728
TITLE_004661,Fundamental foreground installation 2007,Special,Sci-Fi,Apple TV+,2007,2497,0,2026-05-23T22:32:41.903733
TITLE_004662,Monitored exuding secured line 1995,Documentary,Romance,Apple TV+,1995,518,0,2026-05-23T22:32:41.903738
TITLE_004663,Re-engineered dedicated analyzer 2025,Special,Sci-Fi,Paramount,2025,2649,0,2026-05-23T22:32:41.903744
TITLE_004664,Sharable real-time alliance 1991,Miniseries,Comedy,Disney,1991,3376,0,2026-05-23T22:32:41.903749
TITLE_004665,Quality-focused regional synergy 2005,Documentary,Thriller,Warner Bros,2005,3281,0,2026-05-23T22:32:41.903755
TITLE_004666,Seamless secondary array 2000,Miniseries,Comedy,Universal,2000,5380,0,2026-05-23T22:32:41.903760
TITLE_004667,User-friendly discrete protocol 1988,Documentary,Horror,Disney,1988,375,0,2026-05-23T22:32:41.903765
TITLE_004668,Phased multi-state success 1999,Documentary,Thriller,Disney,1999,3021,0,2026-05-23T22:32:41.903770
TITLE_004669,Public-key contextually-based policy 1992,Miniseries,Animation,Disney,1992,736,0,2026-05-23T22:32:41.903776
TITLE_004670,Fully-configurable global algorithm 2021,Miniseries,Animation,Warner Bros,2021,3723,0,2026-05-23T22:32:41.903781
TITLE_004671,Down-sized motivating application 2009,TV Series,Drama,Disney,2009,2557,1,2026-05-23T22:32:41.903787
TITLE_004672,Operative homogeneous core 2018,TV Series,Drama,Netflix Studios,2018,2869,6,2026-05-23T22:32:41.903793
TITLE_004673,Configurable well-modulated matrix 2023,Documentary,Drama,Warner Bros,2023,4157,0,2026-05-23T22:32:41.903798
TITLE_004674,Realigned cohesive circuit 2025,Movie,Action,Apple TV+,2025,153,0,2026-05-23T22:32:41.903803
TITLE_004675,Extended high-level Local Area Network 1985,Documentary,Animation,Disney,1985,3157,0,2026-05-23T22:32:41.903810
TITLE_004676,Total next generation orchestration 2014,TV Series,Horror,Apple TV+,2014,3807,7,2026-05-23T22:32:41.903816
TITLE_004677,Persistent context-sensitive utilization 2007,Movie,Animation,Warner Bros,2007,176,0,2026-05-23T22:32:41.903822
TITLE_004678,Open-source clear-thinking flexibility 1997,Documentary,Drama,Universal,1997,5932,0,2026-05-23T22:32:41.903828
TITLE_004679,Enhanced scalable encryption 2020,Movie,Drama,Sony,2020,101,0,2026-05-23T22:32:41.903834
TITLE_004680,Switchable value-added database 2005,Movie,Drama,Disney,2005,151,0,2026-05-23T22:32:41.903839
TITLE_004681,Persistent motivating protocol 2007,Documentary,Animation,Universal,2007,4245,0,2026-05-23T22:32:41.903844
TITLE_004682,Cloned executive implementation 2010,Documentary,Comedy,Paramount,2010,1807,0,2026-05-23T22:32:41.903850
TITLE_004683,Visionary heuristic migration 2009,Movie,Drama,Disney,2009,119,0,2026-05-23T22:32:41.903855
TITLE_004684,Secured demand-driven methodology 1998,Movie,Drama,Netflix Studios,1998,106,0,2026-05-23T22:32:41.903860
TITLE_004685,Versatile background solution 2019,Miniseries,Horror,Warner Bros,2019,4345,0,2026-05-23T22:32:41.903865
TITLE_004686,Fully-configurable actuating collaboration 2011,Miniseries,Horror,Netflix Studios,2011,313,0,2026-05-23T22:32:41.903870
TITLE_004687,Phased needs-based pricing structure 1995,Miniseries,Animation,Sony,1995,4265,0,2026-05-23T22:32:41.903877
TITLE_004688,Team-oriented systemic process improvement 2012,TV Series,Action,Sony,2012,5645,3,2026-05-23T22:32:41.903882
TITLE_004689,De-engineered 5thgeneration benchmark 1995,TV Series,Horror,Apple TV+,1995,2072,8,2026-05-23T22:32:41.903888
TITLE_004690,Horizontal attitude-oriented budgetary management 1999,Documentary,Horror,Netflix Studios,1999,3724,0,2026-05-23T22:32:41.903894
TITLE_004691,Distributed contextually-based migration 2010,Movie,Drama,Netflix Studios,2010,131,0,2026-05-23T22:32:41.903899
TITLE_004692,Enhanced intangible help-desk 1998,TV Series,Comedy,Apple TV+,1998,3554,7,2026-05-23T22:32:41.903905
TITLE_004693,Innovative secondary moratorium 1999,Movie,Comedy,Disney,1999,144,0,2026-05-23T22:32:41.903911
TITLE_004694,Object-based even-keeled approach 2017,Miniseries,Horror,Universal,2017,1357,0,2026-05-23T22:32:41.903916
TITLE_004695,Digitized hybrid challenge 2002,TV Series,Romance,Disney,2002,2576,5,2026-05-23T22:32:41.903921
TITLE_004696,Monitored reciprocal product 1996,Documentary,Drama,Universal,1996,5551,0,2026-05-23T22:32:41.903928
TITLE_004697,Universal foreground open architecture 2004,Documentary,Action,Universal,2004,5772,0,2026-05-23T22:32:41.903935
TITLE_004698,Multi-channeled 5thgeneration knowledgebase 2020,TV Series,Sci-Fi,Netflix Studios,2020,3835,7,2026-05-23T22:32:41.903941
TITLE_004699,Object-based full-range conglomeration 2016,TV Series,Romance,Paramount,2016,4799,2,2026-05-23T22:32:41.903947
TITLE_004700,Ameliorated bi-directional knowledgebase 2003,Special,Comedy,Disney,2003,997,0,2026-05-23T22:32:41.903952
TITLE_004701,Profound global info-mediaries 1981,Special,Action,Paramount,1981,5581,0,2026-05-23T22:32:41.903957
TITLE_004702,Horizontal well-modulated open system 1995,TV Series,Action,Netflix Studios,1995,4247,2,2026-05-23T22:32:41.903963
TITLE_004703,Networked tertiary groupware 1987,Special,Comedy,Warner Bros,1987,2749,0,2026-05-23T22:32:41.903968
TITLE_004704,Intuitive coherent product 2020,Miniseries,Comedy,Universal,2020,2530,0,2026-05-23T22:32:41.903975
TITLE_004705,Future-proofed responsive throughput 1982,Movie,Action,Apple TV+,1982,101,0,2026-05-23T22:32:41.903981
TITLE_004706,Decentralized human-resource installation 2001,Documentary,Animation,Universal,2001,4436,0,2026-05-23T22:32:41.903987
TITLE_004707,De-engineered tangible paradigm 2015,Special,Horror,Paramount,2015,2696,0,2026-05-23T22:32:41.903993
TITLE_004708,Focused global application 1982,Special,Horror,Disney,1982,663,0,2026-05-23T22:32:41.903999
TITLE_004709,Mandatory global function 1997,Special,Sci-Fi,Sony,1997,1672,0,2026-05-23T22:32:41.904004
TITLE_004710,Visionary full-range open architecture 2018,Movie,Comedy,Disney,2018,164,0,2026-05-23T22:32:41.904010
TITLE_004711,Customizable needs-based capability 2018,Documentary,Horror,Paramount,2018,4193,0,2026-05-23T22:32:41.904015
TITLE_004712,Streamlined responsive approach 2004,Miniseries,Romance,Netflix Studios,2004,2630,0,2026-05-23T22:32:41.904020
TITLE_004713,Reactive global emulation 2022,Documentary,Action,Warner Bros,2022,3131,0,2026-05-23T22:32:41.904025
TITLE_004714,Seamless modular installation 2015,Special,Romance,Apple TV+,2015,1351,0,2026-05-23T22:32:41.904031
TITLE_004715,Multi-channeled 24/7 application 2024,Miniseries,Animation,Universal,2024,5663,0,2026-05-23T22:32:41.904036
TITLE_004716,User-friendly stable budgetary management 2006,TV Series,Horror,Apple TV+,2006,4369,5,2026-05-23T22:32:41.904044
TITLE_004717,Multi-layered national installation 2009,Documentary,Horror,Universal,2009,1391,0,2026-05-23T22:32:41.904050
TITLE_004718,Multi-lateral fault-tolerant infrastructure 2002,Documentary,Action,Warner Bros,2002,2160,0,2026-05-23T22:32:41.904056
TITLE_004719,Cross-platform zero administration portal 1982,Special,Animation,Paramount,1982,4930,0,2026-05-23T22:32:41.904061
TITLE_004720,Universal hybrid software 1980,Special,Sci-Fi,Sony,1980,3768,0,2026-05-23T22:32:41.904067
TITLE_004721,Monitored next generation functionalities 2013,Special,Animation,Netflix Studios,2013,5222,0,2026-05-23T22:32:41.904072
TITLE_004722,De-engineered clear-thinking system engine 2006,Movie,Romance,Paramount,2006,166,0,2026-05-23T22:32:41.904077
TITLE_004723,Digitized web-enabled website 1990,Miniseries,Romance,Netflix Studios,1990,4671,0,2026-05-23T22:32:41.904082
TITLE_004724,Business-focused grid-enabled software 1983,Miniseries,Horror,Universal,1983,2066,0,2026-05-23T22:32:41.904087
TITLE_004725,Enhanced well-modulated framework 2006,TV Series,Action,Universal,2006,792,6,2026-05-23T22:32:41.904094
TITLE_004726,Assimilated upward-trending workforce 2020,Miniseries,Comedy,Disney,2020,2398,0,2026-05-23T22:32:41.904099
TITLE_004727,Robust zero-defect function 1995,TV Series,Sci-Fi,Sony,1995,4237,8,2026-05-23T22:32:41.904105
TITLE_004728,Programmable context-sensitive customer loyalty 2021,TV Series,Action,Disney,2021,3208,4,2026-05-23T22:32:41.904111
TITLE_004729,Adaptive needs-based focus group 1981,Documentary,Horror,Paramount,1981,3980,0,2026-05-23T22:32:41.904117
TITLE_004730,Cross-group object-oriented neural-net 1980,Documentary,Drama,Universal,1980,2226,0,2026-05-23T22:32:41.904123
TITLE_004731,Inverse bottom-line hierarchy 1990,Movie,Sci-Fi,Sony,1990,169,0,2026-05-23T22:32:41.904128
TITLE_004732,Ameliorated system-worthy implementation 2009,TV Series,Thriller,Warner Bros,2009,604,8,2026-05-23T22:32:41.904134
TITLE_004733,Multi-tiered grid-enabled access 1991,TV Series,Drama,Sony,1991,1904,1,2026-05-23T22:32:41.904141
TITLE_004734,Synergized clear-thinking methodology 1984,Movie,Thriller,Sony,1984,109,0,2026-05-23T22:32:41.904147
TITLE_004735,Organic content-based standardization 2005,TV Series,Sci-Fi,Warner Bros,2005,4160,8,2026-05-23T22:32:41.904154
TITLE_004736,Organized non-volatile workforce 2024,Documentary,Drama,Netflix Studios,2024,4881,0,2026-05-23T22:32:41.904160
TITLE_004737,Organized neutral moratorium 1985,TV Series,Horror,Paramount,1985,1292,2,2026-05-23T22:32:41.904165
TITLE_004738,Robust multi-state matrices 2009,TV Series,Sci-Fi,Apple TV+,2009,3355,7,2026-05-23T22:32:41.904172
TITLE_004739,Horizontal cohesive conglomeration 1984,Miniseries,Thriller,Netflix Studios,1984,3656,0,2026-05-23T22:32:41.904178
TITLE_004740,Inverse asynchronous collaboration 1999,Special,Thriller,Sony,1999,2652,0,2026-05-23T22:32:41.904185
TITLE_004741,Grass-roots client-driven flexibility 2002,Documentary,Drama,Sony,2002,3668,0,2026-05-23T22:32:41.904190
TITLE_004742,Down-sized homogeneous complexity 2009,TV Series,Sci-Fi,Disney,2009,761,6,2026-05-23T22:32:41.904195
TITLE_004743,Cloned reciprocal help-desk 2000,Miniseries,Thriller,Universal,2000,3557,0,2026-05-23T22:32:41.904200
TITLE_004744,Optional upward-trending access 1991,TV Series,Comedy,Universal,1991,3948,8,2026-05-23T22:32:41.904205
TITLE_004745,Customer-focused didactic middleware 2012,Special,Romance,Universal,2012,4470,0,2026-05-23T22:32:41.904211
TITLE_004746,Triple-buffered multi-tasking strategy 2023,Documentary,Comedy,Apple TV+,2023,1555,0,2026-05-23T22:32:41.904216
TITLE_004747,Front-line tangible analyzer 2020,TV Series,Comedy,Universal,2020,3074,7,2026-05-23T22:32:41.904222
TITLE_004748,Enhanced uniform open system 2011,TV Series,Drama,Universal,2011,3225,4,2026-05-23T22:32:41.904227
TITLE_004749,Quality-focused 5thgeneration throughput 1993,Special,Sci-Fi,Universal,1993,1908,0,2026-05-23T22:32:41.904234
TITLE_004750,Cross-group reciprocal neural-net 2024,Miniseries,Action,Apple TV+,2024,2390,0,2026-05-23T22:32:41.904239
TITLE_004751,Universal regional synergy 1988,Special,Horror,Disney,1988,3707,0,2026-05-23T22:32:41.904245
TITLE_004752,Total next generation archive 1988,Miniseries,Comedy,Warner Bros,1988,5542,0,2026-05-23T22:32:41.904250
TITLE_004753,Secured zero administration orchestration 1988,Miniseries,Drama,Universal,1988,525,0,2026-05-23T22:32:41.904255
TITLE_004754,Enterprise-wide bandwidth-monitored flexibility 2019,Miniseries,Romance,Disney,2019,2447,0,2026-05-23T22:32:41.904260
TITLE_004755,Synergistic object-oriented toolset 2013,TV Series,Drama,Netflix Studios,2013,2580,5,2026-05-23T22:32:41.904267
TITLE_004756,Ergonomic local project 2010,Special,Sci-Fi,Sony,2010,4958,0,2026-05-23T22:32:41.904272
TITLE_004757,Function-based bi-directional complexity 2011,Special,Thriller,Sony,2011,3859,0,2026-05-23T22:32:41.904278
TITLE_004758,Multi-tiered next generation extranet 2008,Documentary,Drama,Paramount,2008,3194,0,2026-05-23T22:32:41.904283
TITLE_004759,Operative methodical access 1980,TV Series,Comedy,Netflix Studios,1980,1134,1,2026-05-23T22:32:41.904289
TITLE_004760,Upgradable well-modulated complexity 2004,Documentary,Sci-Fi,Apple TV+,2004,756,0,2026-05-23T22:32:41.904295
TITLE_004761,User-friendly discrete info-mediaries 2000,TV Series,Horror,Universal,2000,4039,7,2026-05-23T22:32:41.904300
TITLE_004762,Digitized contextually-based structure 2022,Documentary,Romance,Netflix Studios,2022,727,0,2026-05-23T22:32:41.904305
TITLE_004763,Customer-focused modular emulation 2015,Special,Sci-Fi,Sony,2015,3461,0,2026-05-23T22:32:41.904311
TITLE_004764,Ergonomic bi-directional projection 2005,Movie,Thriller,Netflix Studios,2005,53,0,2026-05-23T22:32:41.904317
TITLE_004765,Right-sized zero-defect middleware 1996,Miniseries,Horror,Netflix Studios,1996,593,0,2026-05-23T22:32:41.904322
TITLE_004766,Cross-group coherent throughput 1995,Documentary,Thriller,Paramount,1995,5737,0,2026-05-23T22:32:41.904327
TITLE_004767,Adaptive web-enabled focus group 1983,Documentary,Romance,Sony,1983,4927,0,2026-05-23T22:32:41.904332
TITLE_004768,Open-source dedicated software 2004,Documentary,Comedy,Disney,2004,4390,0,2026-05-23T22:32:41.904338
TITLE_004769,Profit-focused secondary definition 2011,Movie,Thriller,Disney,2011,90,0,2026-05-23T22:32:41.904343
TITLE_004770,Integrated zero-defect conglomeration 1990,Miniseries,Romance,Sony,1990,5910,0,2026-05-23T22:32:41.904350
TITLE_004771,Object-based multimedia flexibility 1992,Documentary,Animation,Netflix Studios,1992,2010,0,2026-05-23T22:32:41.904358
TITLE_004772,Sharable attitude-oriented frame 1985,TV Series,Sci-Fi,Universal,1985,2135,8,2026-05-23T22:32:41.904364
TITLE_004773,Upgradable reciprocal installation 2007,Miniseries,Action,Universal,2007,1201,0,2026-05-23T22:32:41.904369
TITLE_004774,Enterprise-wide web-enabled parallelism 2024,Miniseries,Animation,Universal,2024,622,0,2026-05-23T22:32:41.904375
TITLE_004775,Universal solution-oriented migration 2004,TV Series,Romance,Disney,2004,3839,5,2026-05-23T22:32:41.904382
TITLE_004776,Open-architected didactic alliance 2024,Special,Horror,Universal,2024,1095,0,2026-05-23T22:32:41.904387
TITLE_004777,Public-key fresh-thinking middleware 2006,Miniseries,Romance,Warner Bros,2006,4014,0,2026-05-23T22:32:41.904393
TITLE_004778,Exclusive radical leverage 2017,Movie,Drama,Disney,2017,169,0,2026-05-23T22:32:41.904398
TITLE_004779,Sharable high-level flexibility 2017,Documentary,Sci-Fi,Paramount,2017,565,0,2026-05-23T22:32:41.904404
TITLE_004780,Quality-focused 5thgeneration ability 2016,Documentary,Drama,Disney,2016,2080,0,2026-05-23T22:32:41.904410
TITLE_004781,Enhanced fresh-thinking help-desk 1990,Movie,Thriller,Sony,1990,53,0,2026-05-23T22:32:41.904416
TITLE_004782,Reactive client-server extranet 2014,Miniseries,Action,Netflix Studios,2014,4044,0,2026-05-23T22:32:41.904421
TITLE_004783,Multi-channeled zero-defect matrices 1980,Miniseries,Action,Warner Bros,1980,1291,0,2026-05-23T22:32:41.904427
TITLE_004784,Centralized incremental projection 1993,Special,Thriller,Disney,1993,5311,0,2026-05-23T22:32:41.904432
TITLE_004785,Assimilated demand-driven open system 1987,Documentary,Romance,Disney,1987,487,0,2026-05-23T22:32:41.904438
TITLE_004786,Implemented analyzing system engine 2022,TV Series,Thriller,Paramount,2022,4832,2,2026-05-23T22:32:41.904443
TITLE_004787,Reverse-engineered mobile knowledgebase 2022,Miniseries,Sci-Fi,Sony,2022,4787,0,2026-05-23T22:32:41.904448
TITLE_004788,Synergized upward-trending structure 2006,Movie,Animation,Universal,2006,140,0,2026-05-23T22:32:41.904453
TITLE_004789,Managed attitude-oriented budgetary management 2017,TV Series,Thriller,Apple TV+,2017,536,1,2026-05-23T22:32:41.904459
TITLE_004790,Adaptive user-facing benchmark 2015,TV Series,Action,Universal,2015,2631,8,2026-05-23T22:32:41.904465
TITLE_004791,Mandatory explicit standardization 2017,Special,Thriller,Paramount,2017,571,0,2026-05-23T22:32:41.904471
TITLE_004792,Monitored actuating emulation 2013,Documentary,Sci-Fi,Netflix Studios,2013,2450,0,2026-05-23T22:32:41.904476
TITLE_004793,Progressive explicit conglomeration 2006,Miniseries,Drama,Universal,2006,2302,0,2026-05-23T22:32:41.904481
TITLE_004794,Expanded analyzing Graphic Interface 1999,Miniseries,Comedy,Disney,1999,2681,0,2026-05-23T22:32:41.904488
TITLE_004795,Configurable cohesive framework 1992,Miniseries,Romance,Disney,1992,5405,0,2026-05-23T22:32:41.904513
TITLE_004796,Multi-lateral optimal archive 2002,Special,Animation,Warner Bros,2002,1172,0,2026-05-23T22:32:41.904525
TITLE_004797,Quality-focused reciprocal functionalities 1980,Documentary,Sci-Fi,Sony,1980,5927,0,2026-05-23T22:32:41.904531
TITLE_004798,Multi-lateral eco-centric methodology 2009,Movie,Drama,Netflix Studios,2009,54,0,2026-05-23T22:32:41.904536
TITLE_004799,Switchable foreground info-mediaries 2021,Movie,Drama,Paramount,2021,98,0,2026-05-23T22:32:41.904543
TITLE_004800,Sharable asymmetric approach 2007,Special,Horror,Sony,2007,5651,0,2026-05-23T22:32:41.904548
TITLE_004801,Function-based global secured line 2005,Documentary,Romance,Sony,2005,2921,0,2026-05-23T22:32:41.904553
TITLE_004802,Persevering incremental standardization 2008,Movie,Horror,Disney,2008,128,0,2026-05-23T22:32:41.904560
TITLE_004803,Seamless systematic hierarchy 1984,TV Series,Drama,Sony,1984,2145,1,2026-05-23T22:32:41.904566
TITLE_004804,Switchable local help-desk 1988,Documentary,Animation,Universal,1988,3453,0,2026-05-23T22:32:41.904572
TITLE_004805,Grass-roots upward-trending collaboration 2022,Special,Drama,Disney,2022,1988,0,2026-05-23T22:32:41.904578
TITLE_004806,Self-enabling system-worthy hub 1994,Documentary,Horror,Netflix Studios,1994,1778,0,2026-05-23T22:32:41.904583
TITLE_004807,Multi-lateral holistic hardware 2000,TV Series,Romance,Warner Bros,2000,4911,4,2026-05-23T22:32:41.904589
TITLE_004808,Switchable disintermediate project 2025,Miniseries,Sci-Fi,Apple TV+,2025,1686,0,2026-05-23T22:32:41.904595
TITLE_004809,Versatile holistic secured line 1981,Special,Horror,Disney,1981,4234,0,2026-05-23T22:32:41.904601
TITLE_004810,Expanded contextually-based task-force 1981,Movie,Thriller,Disney,1981,88,0,2026-05-23T22:32:41.904607
TITLE_004811,Triple-buffered analyzing Graphical User Interface 2022,Movie,Horror,Netflix Studios,2022,58,0,2026-05-23T22:32:41.904613
TITLE_004812,Expanded foreground system engine 2015,Special,Action,Warner Bros,2015,2902,0,2026-05-23T22:32:41.904618
TITLE_004813,Ergonomic attitude-oriented neural-net 2018,Movie,Romance,Netflix Studios,2018,141,0,2026-05-23T22:32:41.904625
TITLE_004814,Quality-focused encompassing website 2012,Documentary,Thriller,Disney,2012,1051,0,2026-05-23T22:32:41.904631
TITLE_004815,Synergistic coherent encoding 2000,Movie,Romance,Universal,2000,57,0,2026-05-23T22:32:41.904637
TITLE_004816,Customizable eco-centric infrastructure 1997,Documentary,Action,Disney,1997,3037,0,2026-05-23T22:32:41.904643
TITLE_004817,Organic value-added model 2014,Movie,Horror,Universal,2014,124,0,2026-05-23T22:32:41.904648
TITLE_004818,Expanded methodical orchestration 2007,Special,Horror,Sony,2007,1090,0,2026-05-23T22:32:41.904653
TITLE_004819,Business-focused multi-state hardware 2005,Miniseries,Action,Netflix Studios,2005,972,0,2026-05-23T22:32:41.904659
TITLE_004820,Universal impactful functionalities 1985,Documentary,Drama,Warner Bros,1985,2263,0,2026-05-23T22:32:41.904664
TITLE_004821,Distributed systematic open system 2011,TV Series,Drama,Apple TV+,2011,4862,2,2026-05-23T22:32:41.904670
TITLE_004822,Ameliorated discrete groupware 1980,TV Series,Horror,Sony,1980,5551,7,2026-05-23T22:32:41.904676
TITLE_004823,Optional 5thgeneration pricing structure 1991,Special,Sci-Fi,Warner Bros,1991,3797,0,2026-05-23T22:32:41.904681
TITLE_004824,Pre-emptive value-added adapter 1987,Movie,Romance,Universal,1987,54,0,2026-05-23T22:32:41.904686
TITLE_004825,Triple-buffered demand-driven conglomeration 1980,Miniseries,Action,Netflix Studios,1980,2850,0,2026-05-23T22:32:41.904691
TITLE_004826,Innovative fresh-thinking intranet 1980,Miniseries,Action,Paramount,1980,5818,0,2026-05-23T22:32:41.904696
TITLE_004827,Re-engineered high-level focus group 1986,Movie,Horror,Sony,1986,106,0,2026-05-23T22:32:41.904702
TITLE_004828,Vision-oriented analyzing access 2005,Movie,Romance,Paramount,2005,88,0,2026-05-23T22:32:41.904708
TITLE_004829,Horizontal context-sensitive initiative 1998,Special,Romance,Disney,1998,4613,0,2026-05-23T22:32:41.904714
TITLE_004830,Streamlined transitional flexibility 1997,Movie,Thriller,Netflix Studios,1997,143,0,2026-05-23T22:32:41.904720
TITLE_004831,Face-to-face real-time projection 2022,Documentary,Romance,Sony,2022,4797,0,2026-05-23T22:32:41.904725
TITLE_004832,Reverse-engineered empowering encryption 1983,TV Series,Action,Paramount,1983,3410,8,2026-05-23T22:32:41.904730
TITLE_004833,Future-proofed modular website 2019,Documentary,Horror,Paramount,2019,3254,0,2026-05-23T22:32:41.904737
TITLE_004834,Persevering interactive hub 1990,Movie,Animation,Sony,1990,66,0,2026-05-23T22:32:41.904743
TITLE_004835,Diverse bottom-line info-mediaries 1988,Documentary,Comedy,Apple TV+,1988,5199,0,2026-05-23T22:32:41.904749
TITLE_004836,Robust neutral capacity 2007,Miniseries,Drama,Sony,2007,5860,0,2026-05-23T22:32:41.904754
TITLE_004837,Persevering impactful methodology 1988,Movie,Drama,Warner Bros,1988,98,0,2026-05-23T22:32:41.904760
TITLE_004838,Open-source directional challenge 2004,Documentary,Thriller,Universal,2004,4620,0,2026-05-23T22:32:41.904765
TITLE_004839,Decentralized local throughput 2017,TV Series,Horror,Sony,2017,1498,5,2026-05-23T22:32:41.904770
TITLE_004840,Front-line local time-frame 1985,TV Series,Romance,Paramount,1985,5190,4,2026-05-23T22:32:41.904775
TITLE_004841,Up-sized impactful approach 2017,Movie,Comedy,Disney,2017,78,0,2026-05-23T22:32:41.904780
TITLE_004842,Networked tangible leverage 2020,Miniseries,Action,Netflix Studios,2020,1288,0,2026-05-23T22:32:41.904786
TITLE_004843,Monitored human-resource methodology 1996,Special,Horror,Sony,1996,1018,0,2026-05-23T22:32:41.904792
TITLE_004844,Managed dynamic circuit 2012,Miniseries,Thriller,Disney,2012,2634,0,2026-05-23T22:32:41.904799
TITLE_004845,Diverse zero tolerance array 2015,Movie,Romance,Netflix Studios,2015,84,0,2026-05-23T22:32:41.904804
TITLE_004846,Realigned systematic migration 1983,TV Series,Drama,Warner Bros,1983,1143,4,2026-05-23T22:32:41.904811
TITLE_004847,Customizable intangible benchmark 2016,TV Series,Sci-Fi,Apple TV+,2016,1269,4,2026-05-23T22:32:41.904816
TITLE_004848,Enterprise-wide impactful policy 1987,Miniseries,Sci-Fi,Netflix Studios,1987,5662,0,2026-05-23T22:32:41.904821
TITLE_004849,Cross-group eco-centric strategy 1980,TV Series,Drama,Apple TV+,1980,4326,1,2026-05-23T22:32:41.904826
TITLE_004850,Balanced neutral encoding 1990,Miniseries,Comedy,Apple TV+,1990,4415,0,2026-05-23T22:32:41.904831
TITLE_004851,Function-based didactic array 2003,TV Series,Horror,Warner Bros,2003,1487,1,2026-05-23T22:32:41.904836
TITLE_004852,Advanced bifurcated leverage 1996,Documentary,Romance,Sony,1996,1055,0,2026-05-23T22:32:41.904842
TITLE_004853,Secured asynchronous functionalities 2025,Movie,Comedy,Warner Bros,2025,136,0,2026-05-23T22:32:41.904847
TITLE_004854,Advanced needs-based product 2000,Miniseries,Horror,Universal,2000,5167,0,2026-05-23T22:32:41.904852
TITLE_004855,Team-oriented executive projection 1994,TV Series,Thriller,Universal,1994,359,7,2026-05-23T22:32:41.904858
TITLE_004856,Operative discrete instruction set 1994,TV Series,Drama,Paramount,1994,746,1,2026-05-23T22:32:41.904863
TITLE_004857,Open-architected dedicated implementation 2002,Special,Drama,Disney,2002,4199,0,2026-05-23T22:32:41.904868
TITLE_004858,Reduced executive array 1980,TV Series,Sci-Fi,Netflix Studios,1980,1103,4,2026-05-23T22:32:41.904873
TITLE_004859,Operative cohesive project 2015,TV Series,Drama,Netflix Studios,2015,1468,7,2026-05-23T22:32:41.904879
TITLE_004860,De-engineered real-time moderator 1982,Movie,Action,Apple TV+,1982,88,0,2026-05-23T22:32:41.904884
TITLE_004861,Innovative 24/7 workforce 2000,Special,Horror,Netflix Studios,2000,1060,0,2026-05-23T22:32:41.904889
TITLE_004862,Balanced value-added matrix 2002,Miniseries,Action,Netflix Studios,2002,1480,0,2026-05-23T22:32:41.904894
TITLE_004863,Assimilated optimizing product 2008,Documentary,Action,Universal,2008,557,0,2026-05-23T22:32:41.904899
TITLE_004864,Synchronized 5thgeneration benchmark 1991,Special,Sci-Fi,Universal,1991,1192,0,2026-05-23T22:32:41.904904
TITLE_004865,Cloned coherent strategy 1989,Special,Thriller,Sony,1989,4857,0,2026-05-23T22:32:41.904909
TITLE_004866,Adaptive bottom-line capacity 2018,Special,Romance,Apple TV+,2018,2523,0,2026-05-23T22:32:41.904916
TITLE_004867,De-engineered logistical open architecture 2012,Documentary,Drama,Paramount,2012,4338,0,2026-05-23T22:32:41.904921
TITLE_004868,Compatible didactic paradigm 1994,Movie,Sci-Fi,Sony,1994,50,0,2026-05-23T22:32:41.904927
TITLE_004869,Upgradable composite project 1990,Special,Romance,Apple TV+,1990,3158,0,2026-05-23T22:32:41.904932
TITLE_004870,Ergonomic bifurcated software 1996,Special,Sci-Fi,Disney,1996,3238,0,2026-05-23T22:32:41.904937
TITLE_004871,Versatile leadingedge Graphic Interface 1987,Movie,Thriller,Universal,1987,127,0,2026-05-23T22:32:41.904942
TITLE_004872,Face-to-face attitude-oriented ability 1982,Documentary,Animation,Warner Bros,1982,4592,0,2026-05-23T22:32:41.904949
TITLE_004873,Object-based encompassing time-frame 2006,Documentary,Action,Apple TV+,2006,1992,0,2026-05-23T22:32:41.904956
TITLE_004874,Multi-layered cohesive algorithm 2001,Miniseries,Action,Apple TV+,2001,571,0,2026-05-23T22:32:41.904962
TITLE_004875,Multi-layered homogeneous orchestration 2019,Movie,Sci-Fi,Sony,2019,53,0,2026-05-23T22:32:41.904968
TITLE_004876,Realigned incremental time-frame 1984,Miniseries,Drama,Universal,1984,846,0,2026-05-23T22:32:41.904973
TITLE_004877,Versatile clear-thinking toolset 2019,TV Series,Action,Apple TV+,2019,2751,6,2026-05-23T22:32:41.904978
TITLE_004878,Expanded bi-directional conglomeration 2002,TV Series,Sci-Fi,Apple TV+,2002,2437,5,2026-05-23T22:32:41.904984
TITLE_004879,Versatile 6thgeneration methodology 2018,Movie,Comedy,Disney,2018,66,0,2026-05-23T22:32:41.904990
TITLE_004880,Decentralized multimedia database 2022,Movie,Action,Universal,2022,170,0,2026-05-23T22:32:41.904996
TITLE_004881,Configurable 3rdgeneration standardization 1987,TV Series,Animation,Apple TV+,1987,5243,6,2026-05-23T22:32:41.905001
TITLE_004882,Robust holistic solution 1992,Movie,Romance,Apple TV+,1992,71,0,2026-05-23T22:32:41.905007
TITLE_004883,Enhanced foreground protocol 2015,Documentary,Action,Netflix Studios,2015,4781,0,2026-05-23T22:32:41.905012
TITLE_004884,Multi-channeled zero-defect access 2012,Documentary,Drama,Warner Bros,2012,1926,0,2026-05-23T22:32:41.905017
TITLE_004885,Reverse-engineered local data-warehouse 2011,Special,Comedy,Warner Bros,2011,2626,0,2026-05-23T22:32:41.905022
TITLE_004886,Reduced client-driven system engine 1985,TV Series,Action,Netflix Studios,1985,1545,8,2026-05-23T22:32:41.905041
TITLE_004887,Compatible homogeneous success 1990,Documentary,Comedy,Netflix Studios,1990,4128,0,2026-05-23T22:32:41.905049
TITLE_004888,Cross-group neutral migration 2019,TV Series,Thriller,Paramount,2019,5352,4,2026-05-23T22:32:41.905054
TITLE_004889,Switchable exuding functionalities 1992,Special,Romance,Apple TV+,1992,4356,0,2026-05-23T22:32:41.905060
TITLE_004890,Re-contextualized attitude-oriented access 2014,Special,Comedy,Apple TV+,2014,5037,0,2026-05-23T22:32:41.905066
TITLE_004891,Optimized demand-driven extranet 1986,Documentary,Horror,Warner Bros,1986,2527,0,2026-05-23T22:32:41.905073
TITLE_004892,Digitized context-sensitive forecast 2019,Special,Thriller,Apple TV+,2019,500,0,2026-05-23T22:32:41.905079
TITLE_004893,Visionary attitude-oriented utilization 2002,TV Series,Comedy,Apple TV+,2002,1714,2,2026-05-23T22:32:41.905084
TITLE_004894,Vision-oriented modular process improvement 1997,TV Series,Comedy,Sony,1997,1880,5,2026-05-23T22:32:41.905090
TITLE_004895,Balanced tangible hierarchy 1985,Documentary,Action,Paramount,1985,2441,0,2026-05-23T22:32:41.905097
TITLE_004896,Multi-lateral real-time encryption 2024,Special,Drama,Apple TV+,2024,1957,0,2026-05-23T22:32:41.905102
TITLE_004897,Devolved holistic paradigm 2000,TV Series,Sci-Fi,Netflix Studios,2000,3305,2,2026-05-23T22:32:41.905107
TITLE_004898,Fully-configurable 24hour emulation 2010,Documentary,Comedy,Apple TV+,2010,3003,0,2026-05-23T22:32:41.905113
TITLE_004899,Triple-buffered holistic productivity 2025,Special,Horror,Apple TV+,2025,2485,0,2026-05-23T22:32:41.905119
TITLE_004900,Multi-lateral client-driven knowledge user 1982,Movie,Action,Sony,1982,110,0,2026-05-23T22:32:41.905124
TITLE_004901,Right-sized tangible methodology 2008,Miniseries,Thriller,Sony,2008,5744,0,2026-05-23T22:32:41.905130
TITLE_004902,Versatile 6thgeneration analyzer 2010,Movie,Sci-Fi,Paramount,2010,139,0,2026-05-23T22:32:41.905136
TITLE_004903,Re-contextualized discrete open architecture 2025,Movie,Drama,Warner Bros,2025,117,0,2026-05-23T22:32:41.905142
TITLE_004904,Progressive bandwidth-monitored implementation 1981,Miniseries,Thriller,Paramount,1981,5370,0,2026-05-23T22:32:41.905146
TITLE_004905,Adaptive hybrid attitude 2015,TV Series,Romance,Warner Bros,2015,5960,3,2026-05-23T22:32:41.905153
TITLE_004906,Enhanced asymmetric system engine 1981,Special,Sci-Fi,Apple TV+,1981,3726,0,2026-05-23T22:32:41.905158
TITLE_004907,Profound optimizing superstructure 2006,Movie,Comedy,Sony,2006,153,0,2026-05-23T22:32:41.905164
TITLE_004908,Synergized optimal synergy 2012,Special,Comedy,Sony,2012,1213,0,2026-05-23T22:32:41.905170
TITLE_004909,Streamlined systematic challenge 2022,Movie,Sci-Fi,Sony,2022,79,0,2026-05-23T22:32:41.905175
TITLE_004910,Adaptive bottom-line capacity 1995,Movie,Drama,Sony,1995,127,0,2026-05-23T22:32:41.905180
TITLE_004911,Diverse hybrid emulation 2020,Special,Action,Apple TV+,2020,2956,0,2026-05-23T22:32:41.905187
TITLE_004912,Adaptive directional conglomeration 1990,Special,Sci-Fi,Sony,1990,622,0,2026-05-23T22:32:41.905193
TITLE_004913,User-centric local benchmark 1995,Movie,Horror,Universal,1995,95,0,2026-05-23T22:32:41.905199
TITLE_004914,Universal mobile collaboration 2013,Special,Romance,Sony,2013,1601,0,2026-05-23T22:32:41.905204
TITLE_004915,Configurable zero-defect encryption 2018,Movie,Sci-Fi,Universal,2018,121,0,2026-05-23T22:32:41.905209
TITLE_004916,Networked 5thgeneration service-desk 2002,TV Series,Drama,Netflix Studios,2002,4198,7,2026-05-23T22:32:41.905215
TITLE_004917,Profit-focused asymmetric infrastructure 2017,Documentary,Comedy,Netflix Studios,2017,4526,0,2026-05-23T22:32:41.905221
TITLE_004918,Multi-channeled mobile productivity 1987,Documentary,Thriller,Disney,1987,4677,0,2026-05-23T22:32:41.905227
TITLE_004919,Phased actuating function 2008,Miniseries,Drama,Apple TV+,2008,1808,0,2026-05-23T22:32:41.905234
TITLE_004920,Cross-platform zero administration customer loyalty 1999,Special,Comedy,Universal,1999,1633,0,2026-05-23T22:32:41.905240
TITLE_004921,Self-enabling discrete collaboration 2009,Movie,Action,Paramount,2009,65,0,2026-05-23T22:32:41.905246
TITLE_004922,Fundamental grid-enabled groupware 2006,Miniseries,Animation,Paramount,2006,5121,0,2026-05-23T22:32:41.905251
TITLE_004923,Profound reciprocal system engine 2022,TV Series,Action,Netflix Studios,2022,4799,8,2026-05-23T22:32:41.905256
TITLE_004924,Upgradable didactic array 2001,Special,Romance,Warner Bros,2001,3680,0,2026-05-23T22:32:41.905261
TITLE_004925,De-engineered fault-tolerant artificial intelligence 2010,Documentary,Thriller,Netflix Studios,2010,4864,0,2026-05-23T22:32:41.905266
TITLE_004926,Exclusive methodical interface 2025,Movie,Animation,Warner Bros,2025,132,0,2026-05-23T22:32:41.905271
TITLE_004927,Re-engineered fresh-thinking task-force 1995,TV Series,Romance,Disney,1995,1630,1,2026-05-23T22:32:41.905276
TITLE_004928,Reverse-engineered encompassing customer loyalty 1985,Documentary,Comedy,Sony,1985,5920,0,2026-05-23T22:32:41.905282
TITLE_004929,Future-proofed multi-state analyzer 2008,Special,Horror,Sony,2008,4585,0,2026-05-23T22:32:41.905287
TITLE_004930,Visionary heuristic circuit 1983,Documentary,Drama,Paramount,1983,1724,0,2026-05-23T22:32:41.905294
TITLE_004931,Cross-platform human-resource strategy 1982,Miniseries,Action,Apple TV+,1982,4920,0,2026-05-23T22:32:41.905299
TITLE_004932,Front-line client-driven time-frame 1993,Documentary,Drama,Apple TV+,1993,685,0,2026-05-23T22:32:41.905304
TITLE_004933,Grass-roots real-time flexibility 2001,Movie,Action,Disney,2001,148,0,2026-05-23T22:32:41.905311
TITLE_004934,Cloned disintermediate function 2018,Miniseries,Comedy,Paramount,2018,3666,0,2026-05-23T22:32:41.905316
TITLE_004935,Integrated full-range complexity 2018,Miniseries,Action,Paramount,2018,3340,0,2026-05-23T22:32:41.905322
TITLE_004936,Object-based leadingedge methodology 1996,Miniseries,Action,Universal,1996,953,0,2026-05-23T22:32:41.905327
TITLE_004937,Grass-roots national contingency 2021,Documentary,Horror,Netflix Studios,2021,3722,0,2026-05-23T22:32:41.905333
TITLE_004938,Multi-layered maximized application 2000,TV Series,Sci-Fi,Paramount,2000,1057,6,2026-05-23T22:32:41.905339
TITLE_004939,Centralized human-resource data-warehouse 1985,TV Series,Thriller,Apple TV+,1985,4190,8,2026-05-23T22:32:41.905345
TITLE_004940,Public-key explicit open system 1997,TV Series,Animation,Disney,1997,4254,2,2026-05-23T22:32:41.905351
TITLE_004941,Digitized 3rdgeneration model 1982,Movie,Animation,Netflix Studios,1982,133,0,2026-05-23T22:32:41.905356
TITLE_004942,Persevering client-driven circuit 1992,Miniseries,Thriller,Netflix Studios,1992,5150,0,2026-05-23T22:32:41.905362
TITLE_004943,Compatible empowering migration 1996,TV Series,Action,Universal,1996,5434,8,2026-05-23T22:32:41.905368
TITLE_004944,Horizontal regional hub 1991,Special,Drama,Netflix Studios,1991,1706,0,2026-05-23T22:32:41.905374
TITLE_004945,Advanced needs-based methodology 2013,TV Series,Horror,Disney,2013,1521,7,2026-05-23T22:32:41.905379
TITLE_004946,Public-key impactful architecture 1998,Special,Horror,Disney,1998,2988,0,2026-05-23T22:32:41.905385
TITLE_004947,Realigned web-enabled toolset 1983,Movie,Drama,Universal,1983,61,0,2026-05-23T22:32:41.905391
TITLE_004948,Team-oriented incremental customer loyalty 2012,Special,Thriller,Apple TV+,2012,4491,0,2026-05-23T22:32:41.905397
TITLE_004949,Re-engineered clear-thinking pricing structure 2016,TV Series,Action,Warner Bros,2016,2874,2,2026-05-23T22:32:41.905403
TITLE_004950,Balanced logistical collaboration 2010,Documentary,Action,Paramount,2010,2461,0,2026-05-23T22:32:41.905410
TITLE_004951,User-friendly even-keeled solution 1981,TV Series,Animation,Netflix Studios,1981,831,1,2026-05-23T22:32:41.905416
TITLE_004952,User-centric 24hour secured line 1988,Special,Animation,Disney,1988,638,0,2026-05-23T22:32:41.905421
TITLE_004953,Profound clear-thinking groupware 1994,Miniseries,Comedy,Warner Bros,1994,2535,0,2026-05-23T22:32:41.905426
TITLE_004954,Future-proofed regional artificial intelligence 2024,Documentary,Horror,Sony,2024,2349,0,2026-05-23T22:32:41.905432
TITLE_004955,Re-engineered coherent pricing structure 2021,Special,Horror,Paramount,2021,2934,0,2026-05-23T22:32:41.905437
TITLE_004956,Phased contextually-based Internet solution 2022,Movie,Romance,Paramount,2022,117,0,2026-05-23T22:32:41.905443
TITLE_004957,Progressive uniform application 1994,TV Series,Action,Disney,1994,3829,8,2026-05-23T22:32:41.905449
TITLE_004958,Secured content-based info-mediaries 2007,Miniseries,Romance,Universal,2007,991,0,2026-05-23T22:32:41.905453
TITLE_004959,Synchronized actuating functionalities 2004,Special,Animation,Apple TV+,2004,319,0,2026-05-23T22:32:41.905458
TITLE_004960,Managed web-enabled parallelism 2002,TV Series,Animation,Sony,2002,3845,4,2026-05-23T22:32:41.905464
TITLE_004961,Customer-focused national Internet solution 1997,Documentary,Animation,Sony,1997,2423,0,2026-05-23T22:32:41.905470
TITLE_004962,Multi-layered explicit product 2020,Miniseries,Romance,Universal,2020,868,0,2026-05-23T22:32:41.905476
TITLE_004963,Virtual well-modulated adapter 1994,Miniseries,Comedy,Netflix Studios,1994,4224,0,2026-05-23T22:32:41.905482
TITLE_004964,Seamless exuding data-warehouse 2007,TV Series,Action,Netflix Studios,2007,5213,5,2026-05-23T22:32:41.905487
TITLE_004965,Diverse multimedia task-force 2005,TV Series,Comedy,Netflix Studios,2005,3806,1,2026-05-23T22:32:41.905492
TITLE_004966,Configurable stable open architecture 1997,Miniseries,Horror,Universal,1997,5734,0,2026-05-23T22:32:41.905498
TITLE_004967,Customizable directional Internet solution 2019,Documentary,Romance,Universal,2019,3033,0,2026-05-23T22:32:41.905503
TITLE_004968,Streamlined logistical hardware 2000,TV Series,Drama,Warner Bros,2000,3303,7,2026-05-23T22:32:41.905509
TITLE_004969,Synergized maximized standardization 2025,Special,Sci-Fi,Disney,2025,3962,0,2026-05-23T22:32:41.905516
TITLE_004970,Persevering secondary focus group 2000,Miniseries,Action,Universal,2000,1252,0,2026-05-23T22:32:41.905522
TITLE_004971,Face-to-face modular Internet solution 2006,Documentary,Animation,Apple TV+,2006,3319,0,2026-05-23T22:32:41.905527
TITLE_004972,Intuitive human-resource service-desk 2011,Special,Drama,Paramount,2011,4057,0,2026-05-23T22:32:41.905532
TITLE_004973,Decentralized exuding access 2014,Documentary,Horror,Paramount,2014,2094,0,2026-05-23T22:32:41.905537
TITLE_004974,Visionary mission-critical capacity 2002,Documentary,Drama,Paramount,2002,879,0,2026-05-23T22:32:41.905543
TITLE_004975,Managed homogeneous analyzer 1990,Miniseries,Drama,Disney,1990,3487,0,2026-05-23T22:32:41.905548
TITLE_004976,Fully-configurable tangible implementation 1983,Documentary,Thriller,Universal,1983,840,0,2026-05-23T22:32:41.905554
TITLE_004977,Multi-lateral real-time matrices 1987,Miniseries,Animation,Apple TV+,1987,2523,0,2026-05-23T22:32:41.905560
TITLE_004978,Team-oriented fault-tolerant portal 2020,Movie,Action,Disney,2020,148,0,2026-05-23T22:32:41.905566
TITLE_004979,Sharable static framework 1991,Special,Comedy,Warner Bros,1991,4297,0,2026-05-23T22:32:41.905571
TITLE_004980,Upgradable multi-state hub 2013,Miniseries,Drama,Paramount,2013,5092,0,2026-05-23T22:32:41.905576
TITLE_004981,Centralized fault-tolerant instruction set 1997,Special,Action,Paramount,1997,1272,0,2026-05-23T22:32:41.905581
TITLE_004982,Pre-emptive client-server open architecture 2012,Special,Animation,Warner Bros,2012,732,0,2026-05-23T22:32:41.905587
TITLE_004983,Streamlined bandwidth-monitored challenge 2013,Special,Action,Netflix Studios,2013,773,0,2026-05-23T22:32:41.905593
TITLE_004984,Automated object-oriented capability 2011,Special,Comedy,Apple TV+,2011,776,0,2026-05-23T22:32:41.905600
TITLE_004985,Devolved grid-enabled open system 1990,Miniseries,Sci-Fi,Apple TV+,1990,3494,0,2026-05-23T22:32:41.905606
TITLE_004986,Multi-tiered intangible help-desk 2023,Special,Comedy,Warner Bros,2023,3671,0,2026-05-23T22:32:41.905612
TITLE_004987,Secured content-based moderator 2015,TV Series,Action,Universal,2015,654,5,2026-05-23T22:32:41.905618
TITLE_004988,Business-focused zero administration software 2002,Special,Drama,Sony,2002,501,0,2026-05-23T22:32:41.905624
TITLE_004989,Versatile contextually-based pricing structure 2008,Miniseries,Animation,Sony,2008,2590,0,2026-05-23T22:32:41.905630
TITLE_004990,Ameliorated didactic secured line 2005,TV Series,Animation,Sony,2005,3460,8,2026-05-23T22:32:41.905637
TITLE_004991,Stand-alone user-facing task-force 1999,Special,Drama,Disney,1999,1102,0,2026-05-23T22:32:41.905643
TITLE_004992,Vision-oriented mission-critical architecture 2018,Documentary,Action,Sony,2018,4598,0,2026-05-23T22:32:41.905648
TITLE_004993,Team-oriented systematic hub 1985,Special,Drama,Warner Bros,1985,2022,0,2026-05-23T22:32:41.905655
TITLE_004994,Robust optimizing structure 2023,Movie,Comedy,Paramount,2023,172,0,2026-05-23T22:32:41.905661
TITLE_004995,Configurable client-server architecture 2002,Documentary,Thriller,Apple TV+,2002,4018,0,2026-05-23T22:32:41.905667
TITLE_004996,Assimilated multimedia portal 1999,TV Series,Horror,Paramount,1999,2358,1,2026-05-23T22:32:41.905673
TITLE_004997,Organic exuding installation 1999,Movie,Animation,Apple TV+,1999,67,0,2026-05-23T22:32:41.905679
TITLE_004998,Upgradable asynchronous methodology 2015,Miniseries,Thriller,Disney,2015,4742,0,2026-05-23T22:32:41.905684
TITLE_004999,Future-proofed impactful encoding 2012,Movie,Romance,Netflix Studios,2012,50,0,2026-05-23T22:32:41.905690
