title_id,synopsis
TITLE_000000,A bone-chilling special where a marine biologist's deep-sea expedition surfaces a creature that should not exist. Produced by Disney (2009).
TITLE_000001,A slow-burn special where a seemingly routine investigation peels back layers of a community's darkest secrets. Produced by Netflix Studios (2020).
TITLE_000002,A thought-provoking series exploring the ethical fractures that open when deep-space colonization forces humanity to redefine citizenship. Produced by Disney (1987).
TITLE_000003,A visually stunning animated limited series about an unlikely band of heroes who must defend their enchanted homeland from an ancient darkness. Produced by Paramount (2013).
TITLE_000004,A taut series in which a forensic archivist realizes the cold cases stacking up on her desk share one terrifying pattern. Produced by Sony (2017).
TITLE_000005,A charming series centered on a chaotic workplace where every attempt to impose order results in glorious failure. Produced by Apple TV+ (1994).
TITLE_000006,A chilling psychological limited series in which a family discovers their renovated home was built atop the site of something unspeakable. Produced by Netflix Studios (2017).
TITLE_000007,A taut limited series in which a forensic archivist realizes the cold cases stacking up on her desk share one terrifying pattern. Produced by Warner Bros (2005).
TITLE_000008,A visually stunning animated film about an unlikely band of heroes who must defend their enchanted homeland from an ancient darkness. Produced by Paramount (2001).
TITLE_000009,A bold animated film that challenges the boundaries of the form while delivering a story full of wit and genuine emotion. Produced by Paramount (2025).
TITLE_000010,A nuanced documentary that examines the quiet cost of ambition and the unspoken sacrifices we make for the people we love. Produced by Warner Bros (2022).
TITLE_000011,A nuanced special that examines the quiet cost of ambition and the unspoken sacrifices we make for the people we love. Produced by Disney (2005).
TITLE_000012,A charming documentary centered on a chaotic workplace where every attempt to impose order results in glorious failure. Produced by Sony (2017).
TITLE_000013,"A heartfelt special about two strangers whose lives intersect at a critical crossroads, leading to unexpected and inconvenient love. Produced by Apple TV+ (2005)."
TITLE_000014,"A powerful film exploring the fractured bonds between family members as they navigate grief, guilt, and reconciliation. Produced by Netflix Studios (1992)."
TITLE_000015,A visionary science fiction series set in a near future where artificial intelligence has fundamentally reshaped what it means to be human. Produced by Sony (2019).
TITLE_000016,A pulse-pounding special where a covert operative races against time to prevent a global catastrophe. Produced by Apple TV+ (1988).
TITLE_000017,A suspenseful series about a cybersecurity analyst who uncovers a conspiracy that reaches the highest corridors of power. Produced by Netflix Studios (2004).
TITLE_000018,A witty series about a small-town dreamer who accidentally becomes the most controversial person in a major city. Produced by Sony (1989).
TITLE_000019,A sharp satirical limited series skewering corporate culture through the eyes of the most reluctant middle manager alive. Produced by Universal (2001).
TITLE_000020,An imaginative animated special that takes a young protagonist on a breathtaking journey through a world governed by forgotten magic. Produced by Paramount (2003).
TITLE_000021,"A powerful series exploring the fractured bonds between family members as they navigate grief, guilt, and reconciliation. Produced by Sony (1991)."
TITLE_000022,"A sweeping romance spanning three decades, exploring how first love quietly shapes every significant decision that follows. Produced by Apple TV+ (1980)."
TITLE_000023,A nuanced limited series that examines the quiet cost of ambition and the unspoken sacrifices we make for the people we love. Produced by Disney (2002).
TITLE_000024,"A sweeping romance spanning three decades, exploring how first love quietly shapes every significant decision that follows. Produced by Warner Bros (2012)."
TITLE_000025,A tender special in which two people who built walls against vulnerability slowly and reluctantly dismantle them together. Produced by Universal (2020).
TITLE_000026,A nuanced documentary that examines the quiet cost of ambition and the unspoken sacrifices we make for the people we love. Produced by Sony (2009).
TITLE_000027,A terrifying limited series following a group of strangers stranded in a remote wilderness as something ancient and patient closes in. Produced by Warner Bros (2021).
TITLE_000028,An explosive series following a disgraced soldier who must go rogue to expose corruption at the highest levels of government. Produced by Sony (2007).
TITLE_000029,A cerebral science fiction special about a theoretical physicist whose containment breach tears a hole in the fabric of spacetime. Produced by Apple TV+ (1998).
TITLE_000030,A visionary science fiction series set in a near future where artificial intelligence has fundamentally reshaped what it means to be human. Produced by Universal (1999).
TITLE_000031,"An adrenaline-fueled special in which rival factions clash across three continents, leaving a trail of deception and betrayal. Produced by Paramount (2020)."
TITLE_000032,A gripping psychological film where a seasoned detective discovers the prime suspect may be hiding in plain sight. Produced by Apple TV+ (1980).
TITLE_000033,A slow-burn limited series where a seemingly routine investigation peels back layers of a community's darkest secrets. Produced by Disney (1980).
TITLE_000034,"A heartfelt documentary about two strangers whose lives intersect at a critical crossroads, leading to unexpected and inconvenient love. Produced by Warner Bros (2003)."
TITLE_000035,A slow-dread special exploring the horror of losing trust in your own perception of reality. Produced by Apple TV+ (1997).
TITLE_000036,A hilarious series following a group of well-meaning misfits whose cross-country trip descends into spectacular chaos. Produced by Universal (2020).
TITLE_000037,"A heartfelt film about two strangers whose lives intersect at a critical crossroads, leading to unexpected and inconvenient love. Produced by Paramount (2004)."
TITLE_000038,An imaginative animated documentary that takes a young protagonist on a breathtaking journey through a world governed by forgotten magic. Produced by Apple TV+ (2011).
TITLE_000039,"An adrenaline-fueled documentary in which rival factions clash across three continents, leaving a trail of deception and betrayal. Produced by Warner Bros (2016)."
TITLE_000040,"An adrenaline-fueled documentary in which rival factions clash across three continents, leaving a trail of deception and betrayal. Produced by Warner Bros (2006)."
TITLE_000041,A visually stunning animated film about an unlikely band of heroes who must defend their enchanted homeland from an ancient darkness. Produced by Warner Bros (1999).
TITLE_000042,A pulse-pounding documentary where a covert operative races against time to prevent a global catastrophe. Produced by Sony (1997).
TITLE_000043,A tender yet unflinching special in which three strangers bound by a shared tragedy find unexpected solidarity. Produced by Apple TV+ (2024).
TITLE_000044,"An adrenaline-fueled documentary in which rival factions clash across three continents, leaving a trail of deception and betrayal. Produced by Warner Bros (1980)."
TITLE_000045,A sharp satirical special skewering corporate culture through the eyes of the most reluctant middle manager alive. Produced by Netflix Studios (2005).
TITLE_000046,A sharp satirical series skewering corporate culture through the eyes of the most reluctant middle manager alive. Produced by Sony (2017).
TITLE_000047,A slow-dread film exploring the horror of losing trust in your own perception of reality. Produced by Warner Bros (2013).
TITLE_000048,A hilarious special following a group of well-meaning misfits whose cross-country trip descends into spectacular chaos. Produced by Sony (1992).
TITLE_000049,A nuanced film that examines the quiet cost of ambition and the unspoken sacrifices we make for the people we love. Produced by Sony (2007).
TITLE_000050,A high-octane series about a former special forces veteran pulled back into the field for one last impossible mission. Produced by Universal (1988).
TITLE_000051,A nuanced limited series that examines the quiet cost of ambition and the unspoken sacrifices we make for the people we love. Produced by Netflix Studios (1986).
TITLE_000052,A tender documentary in which two people who built walls against vulnerability slowly and reluctantly dismantle them together. Produced by Apple TV+ (1983).
TITLE_000053,An emotionally charged film about an individual's struggle to rebuild identity and purpose after an unexpected personal collapse. Produced by Sony (1981).
TITLE_000054,A suspenseful series about a cybersecurity analyst who uncovers a conspiracy that reaches the highest corridors of power. Produced by Sony (2010).
TITLE_000055,A gripping psychological series where a seasoned detective discovers the prime suspect may be hiding in plain sight. Produced by Netflix Studios (2005).
TITLE_000056,A tender special in which two people who built walls against vulnerability slowly and reluctantly dismantle them together. Produced by Sony (1980).
TITLE_000057,A tender documentary in which two people who built walls against vulnerability slowly and reluctantly dismantle them together. Produced by Sony (2025).
TITLE_000058,A tender yet unflinching series in which three strangers bound by a shared tragedy find unexpected solidarity. Produced by Universal (2003).
TITLE_000059,A tender documentary in which two people who built walls against vulnerability slowly and reluctantly dismantle them together. Produced by Warner Bros (1989).
TITLE_000060,A terrifying series following a group of strangers stranded in a remote wilderness as something ancient and patient closes in. Produced by Sony (1987).
TITLE_000061,A hilarious special following a group of well-meaning misfits whose cross-country trip descends into spectacular chaos. Produced by Warner Bros (2005).
TITLE_000062,"A heartfelt special about two strangers whose lives intersect at a critical crossroads, leading to unexpected and inconvenient love. Produced by Disney (1984)."
TITLE_000063,An emotionally charged limited series about an individual's struggle to rebuild identity and purpose after an unexpected personal collapse. Produced by Universal (2011).
TITLE_000064,A sharp satirical film skewering corporate culture through the eyes of the most reluctant middle manager alive. Produced by Disney (1991).
TITLE_000065,A visionary science fiction series set in a near future where artificial intelligence has fundamentally reshaped what it means to be human. Produced by Paramount (2012).
TITLE_000066,A nuanced limited series that examines the quiet cost of ambition and the unspoken sacrifices we make for the people we love. Produced by Apple TV+ (1982).
TITLE_000067,A visually stunning animated film about an unlikely band of heroes who must defend their enchanted homeland from an ancient darkness. Produced by Netflix Studios (2018).
TITLE_000068,A bold animated film that challenges the boundaries of the form while delivering a story full of wit and genuine emotion. Produced by Sony (2014).
TITLE_000069,"A sweeping romance spanning three decades, exploring how first love quietly shapes every significant decision that follows. Produced by Warner Bros (2022)."
TITLE_000070,A high-octane documentary about a former special forces veteran pulled back into the field for one last impossible mission. Produced by Universal (1980).
TITLE_000071,A tender documentary in which two people who built walls against vulnerability slowly and reluctantly dismantle them together. Produced by Netflix Studios (2013).
TITLE_000072,A pulse-pounding special where a covert operative races against time to prevent a global catastrophe. Produced by Apple TV+ (1990).
TITLE_000073,A thought-provoking film exploring the ethical fractures that open when deep-space colonization forces humanity to redefine citizenship. Produced by Paramount (2010).
TITLE_000074,A thought-provoking documentary exploring the ethical fractures that open when deep-space colonization forces humanity to redefine citizenship. Produced by Disney (2018).
TITLE_000075,"A bittersweet romantic film following star-crossed lovers whose timing always seems to be precisely, maddeningly off. Produced by Apple TV+ (2025)."
TITLE_000076,A visually stunning animated special about an unlikely band of heroes who must defend their enchanted homeland from an ancient darkness. Produced by Apple TV+ (1997).
TITLE_000077,A thought-provoking series exploring the ethical fractures that open when deep-space colonization forces humanity to redefine citizenship. Produced by Disney (1983).
TITLE_000078,A bleak yet hopeful special depicting a generation born on a generation ship who have never seen Earth and no longer believe in it. Produced by Paramount (2019).
TITLE_000079,A bold animated series that challenges the boundaries of the form while delivering a story full of wit and genuine emotion. Produced by Disney (1997).
TITLE_000080,A cerebral science fiction documentary about a theoretical physicist whose containment breach tears a hole in the fabric of spacetime. Produced by Warner Bros (1988).
TITLE_000081,A visually stunning animated documentary about an unlikely band of heroes who must defend their enchanted homeland from an ancient darkness. Produced by Apple TV+ (2006).
TITLE_000082,"A heartwarming animated documentary that uses the adventures of misfit characters to explore belonging, courage, and found family. Produced by Disney (2001)."
TITLE_000083,A tender film in which two people who built walls against vulnerability slowly and reluctantly dismantle them together. Produced by Paramount (1994).
TITLE_000084,A charming documentary centered on a chaotic workplace where every attempt to impose order results in glorious failure. Produced by Disney (1996).
TITLE_000085,A tender yet unflinching film in which three strangers bound by a shared tragedy find unexpected solidarity. Produced by Warner Bros (2022).
TITLE_000086,An imaginative animated limited series that takes a young protagonist on a breathtaking journey through a world governed by forgotten magic. Produced by Apple TV+ (2011).
TITLE_000087,A hilarious series following a group of well-meaning misfits whose cross-country trip descends into spectacular chaos. Produced by Disney (2011).
TITLE_000088,A chilling psychological series in which a family discovers their renovated home was built atop the site of something unspeakable. Produced by Apple TV+ (1990).
TITLE_000089,A suspenseful documentary about a cybersecurity analyst who uncovers a conspiracy that reaches the highest corridors of power. Produced by Disney (1992).
TITLE_000090,A taut special in which a forensic archivist realizes the cold cases stacking up on her desk share one terrifying pattern. Produced by Warner Bros (2004).
TITLE_000091,A sharp satirical documentary skewering corporate culture through the eyes of the most reluctant middle manager alive. Produced by Paramount (2021).
TITLE_000092,An explosive special following a disgraced soldier who must go rogue to expose corruption at the highest levels of government. Produced by Paramount (1986).
TITLE_000093,A high-octane series about a former special forces veteran pulled back into the field for one last impossible mission. Produced by Sony (1997).
TITLE_000094,A pulse-pounding series where a covert operative races against time to prevent a global catastrophe. Produced by Sony (1985).
TITLE_000095,A bleak yet hopeful documentary depicting a generation born on a generation ship who have never seen Earth and no longer believe in it. Produced by Apple TV+ (2013).
TITLE_000096,A charming film centered on a chaotic workplace where every attempt to impose order results in glorious failure. Produced by Sony (1985).
TITLE_000097,A slow-burn series where a seemingly routine investigation peels back layers of a community's darkest secrets. Produced by Apple TV+ (1987).
TITLE_000098,A bleak yet hopeful film depicting a generation born on a generation ship who have never seen Earth and no longer believe in it. Produced by Universal (1984).
TITLE_000099,A nuanced film that examines the quiet cost of ambition and the unspoken sacrifices we make for the people we love. Produced by Universal (2015).
TITLE_000100,"An adrenaline-fueled limited series in which rival factions clash across three continents, leaving a trail of deception and betrayal. Produced by Apple TV+ (1997)."
TITLE_000101,A pulse-pounding limited series where a covert operative races against time to prevent a global catastrophe. Produced by Netflix Studios (2018).
TITLE_000102,"A heartfelt documentary about two strangers whose lives intersect at a critical crossroads, leading to unexpected and inconvenient love. Produced by Netflix Studios (1999)."
TITLE_000103,A suspenseful special about a cybersecurity analyst who uncovers a conspiracy that reaches the highest corridors of power. Produced by Apple TV+ (1990).
TITLE_000104,A visually stunning animated documentary about an unlikely band of heroes who must defend their enchanted homeland from an ancient darkness. Produced by Paramount (2003).
TITLE_000105,A charming documentary centered on a chaotic workplace where every attempt to impose order results in glorious failure. Produced by Universal (1999).
TITLE_000106,A high-octane series about a former special forces veteran pulled back into the field for one last impossible mission. Produced by Netflix Studios (2004).
TITLE_000107,A visually stunning animated documentary about an unlikely band of heroes who must defend their enchanted homeland from an ancient darkness. Produced by Universal (2009).
TITLE_000108,A thought-provoking limited series exploring the ethical fractures that open when deep-space colonization forces humanity to redefine citizenship. Produced by Warner Bros (2003).
TITLE_000109,A tender yet unflinching series in which three strangers bound by a shared tragedy find unexpected solidarity. Produced by Universal (1997).
TITLE_000110,A tender film in which two people who built walls against vulnerability slowly and reluctantly dismantle them together. Produced by Warner Bros (1998).
TITLE_000111,A slow-dread series exploring the horror of losing trust in your own perception of reality. Produced by Warner Bros (2011).
TITLE_000112,A charming film centered on a chaotic workplace where every attempt to impose order results in glorious failure. Produced by Warner Bros (1983).
TITLE_000113,A high-octane special about a former special forces veteran pulled back into the field for one last impossible mission. Produced by Warner Bros (2016).
TITLE_000114,"A heartfelt documentary about two strangers whose lives intersect at a critical crossroads, leading to unexpected and inconvenient love. Produced by Paramount (2000)."
TITLE_000115,A high-octane documentary about a former special forces veteran pulled back into the field for one last impossible mission. Produced by Sony (2023).
TITLE_000116,A thought-provoking special exploring the ethical fractures that open when deep-space colonization forces humanity to redefine citizenship. Produced by Sony (2023).
TITLE_000117,An emotionally charged film about an individual's struggle to rebuild identity and purpose after an unexpected personal collapse. Produced by Apple TV+ (1984).
TITLE_000118,"A bittersweet romantic special following star-crossed lovers whose timing always seems to be precisely, maddeningly off. Produced by Paramount (2018)."
TITLE_000119,A cerebral science fiction limited series about a theoretical physicist whose containment breach tears a hole in the fabric of spacetime. Produced by Paramount (1991).
TITLE_000120,"A powerful special exploring the fractured bonds between family members as they navigate grief, guilt, and reconciliation. Produced by Apple TV+ (2010)."
TITLE_000121,An imaginative animated documentary that takes a young protagonist on a breathtaking journey through a world governed by forgotten magic. Produced by Apple TV+ (2003).
TITLE_000122,"A bittersweet romantic special following star-crossed lovers whose timing always seems to be precisely, maddeningly off. Produced by Universal (2025)."
TITLE_000123,An explosive limited series following a disgraced soldier who must go rogue to expose corruption at the highest levels of government. Produced by Netflix Studios (2017).
TITLE_000124,"A sweeping romance spanning three decades, exploring how first love quietly shapes every significant decision that follows. Produced by Disney (2016)."
TITLE_000125,A charming special centered on a chaotic workplace where every attempt to impose order results in glorious failure. Produced by Sony (2018).
TITLE_000126,A tender yet unflinching film in which three strangers bound by a shared tragedy find unexpected solidarity. Produced by Netflix Studios (2011).
TITLE_000127,A witty special about a small-town dreamer who accidentally becomes the most controversial person in a major city. Produced by Apple TV+ (2001).
TITLE_000128,A slow-dread film exploring the horror of losing trust in your own perception of reality. Produced by Apple TV+ (2005).
TITLE_000129,A bleak yet hopeful film depicting a generation born on a generation ship who have never seen Earth and no longer believe in it. Produced by Warner Bros (1987).
TITLE_000130,A terrifying limited series following a group of strangers stranded in a remote wilderness as something ancient and patient closes in. Produced by Netflix Studios (1985).
TITLE_000131,A high-octane film about a former special forces veteran pulled back into the field for one last impossible mission. Produced by Universal (2007).
TITLE_000132,A bold animated documentary that challenges the boundaries of the form while delivering a story full of wit and genuine emotion. Produced by Warner Bros (1995).
TITLE_000133,An explosive limited series following a disgraced soldier who must go rogue to expose corruption at the highest levels of government. Produced by Netflix Studios (1998).
TITLE_000134,"A sweeping romance spanning three decades, exploring how first love quietly shapes every significant decision that follows. Produced by Universal (1991)."
TITLE_000135,A tender special in which two people who built walls against vulnerability slowly and reluctantly dismantle them together. Produced by Sony (2016).
TITLE_000136,A bold animated film that challenges the boundaries of the form while delivering a story full of wit and genuine emotion. Produced by Warner Bros (1994).
TITLE_000137,A bone-chilling special where a marine biologist's deep-sea expedition surfaces a creature that should not exist. Produced by Sony (1989).
TITLE_000138,"A bittersweet romantic film following star-crossed lovers whose timing always seems to be precisely, maddeningly off. Produced by Universal (1982)."
TITLE_000139,"A sweeping romance spanning three decades, exploring how first love quietly shapes every significant decision that follows. Produced by Netflix Studios (1998)."
TITLE_000140,"A bittersweet romantic documentary following star-crossed lovers whose timing always seems to be precisely, maddeningly off. Produced by Paramount (2011)."
TITLE_000141,An imaginative animated limited series that takes a young protagonist on a breathtaking journey through a world governed by forgotten magic. Produced by Sony (2015).
TITLE_000142,A nuanced film that examines the quiet cost of ambition and the unspoken sacrifices we make for the people we love. Produced by Netflix Studios (1983).
TITLE_000143,A suspenseful special about a cybersecurity analyst who uncovers a conspiracy that reaches the highest corridors of power. Produced by Paramount (2017).
TITLE_000144,A suspenseful documentary about a cybersecurity analyst who uncovers a conspiracy that reaches the highest corridors of power. Produced by Disney (2002).
TITLE_000145,A tender yet unflinching series in which three strangers bound by a shared tragedy find unexpected solidarity. Produced by Paramount (1995).
TITLE_000146,"A sweeping romance spanning three decades, exploring how first love quietly shapes every significant decision that follows. Produced by Warner Bros (1989)."
TITLE_000147,A slow-burn series where a seemingly routine investigation peels back layers of a community's darkest secrets. Produced by Sony (1994).
TITLE_000148,A hilarious series following a group of well-meaning misfits whose cross-country trip descends into spectacular chaos. Produced by Sony (1985).
TITLE_000149,A bone-chilling special where a marine biologist's deep-sea expedition surfaces a creature that should not exist. Produced by Paramount (2025).
TITLE_000150,A tender yet unflinching series in which three strangers bound by a shared tragedy find unexpected solidarity. Produced by Netflix Studios (1999).
TITLE_000151,"A bittersweet romantic special following star-crossed lovers whose timing always seems to be precisely, maddeningly off. Produced by Universal (1992)."
TITLE_000152,A suspenseful limited series about a cybersecurity analyst who uncovers a conspiracy that reaches the highest corridors of power. Produced by Sony (1989).
TITLE_000153,A cerebral science fiction special about a theoretical physicist whose containment breach tears a hole in the fabric of spacetime. Produced by Universal (1983).
TITLE_000154,A thought-provoking series exploring the ethical fractures that open when deep-space colonization forces humanity to redefine citizenship. Produced by Warner Bros (2025).
TITLE_000155,A charming limited series centered on a chaotic workplace where every attempt to impose order results in glorious failure. Produced by Netflix Studios (2020).
TITLE_000156,A tender yet unflinching series in which three strangers bound by a shared tragedy find unexpected solidarity. Produced by Netflix Studios (1984).
TITLE_000157,"A heartwarming animated series that uses the adventures of misfit characters to explore belonging, courage, and found family. Produced by Sony (2023)."
TITLE_000158,A bone-chilling limited series where a marine biologist's deep-sea expedition surfaces a creature that should not exist. Produced by Warner Bros (2006).
TITLE_000159,A cerebral science fiction documentary about a theoretical physicist whose containment breach tears a hole in the fabric of spacetime. Produced by Apple TV+ (1989).
TITLE_000160,A terrifying documentary following a group of strangers stranded in a remote wilderness as something ancient and patient closes in. Produced by Disney (2000).
TITLE_000161,A pulse-pounding special where a covert operative races against time to prevent a global catastrophe. Produced by Universal (2017).
TITLE_000162,A chilling psychological documentary in which a family discovers their renovated home was built atop the site of something unspeakable. Produced by Universal (2024).
TITLE_000163,A visionary science fiction series set in a near future where artificial intelligence has fundamentally reshaped what it means to be human. Produced by Apple TV+ (2006).
TITLE_000164,A nuanced documentary that examines the quiet cost of ambition and the unspoken sacrifices we make for the people we love. Produced by Apple TV+ (2000).
TITLE_000165,A tender limited series in which two people who built walls against vulnerability slowly and reluctantly dismantle them together. Produced by Netflix Studios (1989).
TITLE_000166,A gripping psychological limited series where a seasoned detective discovers the prime suspect may be hiding in plain sight. Produced by Disney (1997).
TITLE_000167,A bone-chilling series where a marine biologist's deep-sea expedition surfaces a creature that should not exist. Produced by Universal (2014).
TITLE_000168,"A bittersweet romantic limited series following star-crossed lovers whose timing always seems to be precisely, maddeningly off. Produced by Warner Bros (2008)."
TITLE_000169,A sharp satirical series skewering corporate culture through the eyes of the most reluctant middle manager alive. Produced by Universal (2002).
TITLE_000170,"A heartfelt documentary about two strangers whose lives intersect at a critical crossroads, leading to unexpected and inconvenient love. Produced by Sony (2005)."
TITLE_000171,"A powerful special exploring the fractured bonds between family members as they navigate grief, guilt, and reconciliation. Produced by Apple TV+ (2012)."
TITLE_000172,A slow-burn film where a seemingly routine investigation peels back layers of a community's darkest secrets. Produced by Warner Bros (1984).
TITLE_000173,A slow-dread special exploring the horror of losing trust in your own perception of reality. Produced by Universal (2018).
TITLE_000174,A gripping psychological series where a seasoned detective discovers the prime suspect may be hiding in plain sight. Produced by Netflix Studios (1992).
TITLE_000175,A thought-provoking limited series exploring the ethical fractures that open when deep-space colonization forces humanity to redefine citizenship. Produced by Apple TV+ (2003).
TITLE_000176,A bone-chilling documentary where a marine biologist's deep-sea expedition surfaces a creature that should not exist. Produced by Warner Bros (2025).
TITLE_000177,A thought-provoking film exploring the ethical fractures that open when deep-space colonization forces humanity to redefine citizenship. Produced by Sony (2011).
TITLE_000178,A visionary science fiction documentary set in a near future where artificial intelligence has fundamentally reshaped what it means to be human. Produced by Sony (1988).
TITLE_000179,"A heartwarming animated limited series that uses the adventures of misfit characters to explore belonging, courage, and found family. Produced by Disney (2018)."
TITLE_000180,A terrifying limited series following a group of strangers stranded in a remote wilderness as something ancient and patient closes in. Produced by Paramount (1995).
TITLE_000181,A visionary science fiction series set in a near future where artificial intelligence has fundamentally reshaped what it means to be human. Produced by Disney (1987).
TITLE_000182,An explosive series following a disgraced soldier who must go rogue to expose corruption at the highest levels of government. Produced by Universal (2013).
TITLE_000183,A witty special about a small-town dreamer who accidentally becomes the most controversial person in a major city. Produced by Netflix Studios (2022).
TITLE_000184,A bleak yet hopeful documentary depicting a generation born on a generation ship who have never seen Earth and no longer believe in it. Produced by Paramount (1996).
TITLE_000185,A bleak yet hopeful documentary depicting a generation born on a generation ship who have never seen Earth and no longer believe in it. Produced by Netflix Studios (1981).
TITLE_000186,A slow-dread documentary exploring the horror of losing trust in your own perception of reality. Produced by Netflix Studios (2024).
TITLE_000187,An explosive series following a disgraced soldier who must go rogue to expose corruption at the highest levels of government. Produced by Netflix Studios (2007).
TITLE_000188,A tender film in which two people who built walls against vulnerability slowly and reluctantly dismantle them together. Produced by Sony (1996).
TITLE_000189,A bleak yet hopeful series depicting a generation born on a generation ship who have never seen Earth and no longer believe in it. Produced by Universal (1994).
TITLE_000190,"A powerful special exploring the fractured bonds between family members as they navigate grief, guilt, and reconciliation. Produced by Paramount (1993)."
TITLE_000191,A bold animated film that challenges the boundaries of the form while delivering a story full of wit and genuine emotion. Produced by Disney (2004).
TITLE_000192,"A bittersweet romantic series following star-crossed lovers whose timing always seems to be precisely, maddeningly off. Produced by Sony (2008)."
TITLE_000193,A pulse-pounding special where a covert operative races against time to prevent a global catastrophe. Produced by Sony (1984).
TITLE_000194,A visually stunning animated documentary about an unlikely band of heroes who must defend their enchanted homeland from an ancient darkness. Produced by Apple TV+ (1989).
TITLE_000195,A nuanced special that examines the quiet cost of ambition and the unspoken sacrifices we make for the people we love. Produced by Netflix Studios (1985).
TITLE_000196,A pulse-pounding special where a covert operative races against time to prevent a global catastrophe. Produced by Netflix Studios (2021).
TITLE_000197,A charming series centered on a chaotic workplace where every attempt to impose order results in glorious failure. Produced by Netflix Studios (2022).
TITLE_000198,A witty limited series about a small-town dreamer who accidentally becomes the most controversial person in a major city. Produced by Disney (1989).
TITLE_000199,A thought-provoking series exploring the ethical fractures that open when deep-space colonization forces humanity to redefine citizenship. Produced by Universal (2021).
TITLE_000200,A sharp satirical limited series skewering corporate culture through the eyes of the most reluctant middle manager alive. Produced by Universal (2007).
TITLE_000201,A hilarious special following a group of well-meaning misfits whose cross-country trip descends into spectacular chaos. Produced by Sony (1987).
TITLE_000202,A hilarious special following a group of well-meaning misfits whose cross-country trip descends into spectacular chaos. Produced by Apple TV+ (2003).
TITLE_000203,An emotionally charged special about an individual's struggle to rebuild identity and purpose after an unexpected personal collapse. Produced by Paramount (2016).
TITLE_000204,A slow-dread film exploring the horror of losing trust in your own perception of reality. Produced by Universal (2006).
TITLE_000205,A visionary science fiction series set in a near future where artificial intelligence has fundamentally reshaped what it means to be human. Produced by Netflix Studios (1983).
TITLE_000206,"A heartfelt film about two strangers whose lives intersect at a critical crossroads, leading to unexpected and inconvenient love. Produced by Warner Bros (1997)."
TITLE_000207,A chilling psychological limited series in which a family discovers their renovated home was built atop the site of something unspeakable. Produced by Apple TV+ (2014).
TITLE_000208,A suspenseful documentary about a cybersecurity analyst who uncovers a conspiracy that reaches the highest corridors of power. Produced by Netflix Studios (2012).
TITLE_000209,"A bittersweet romantic limited series following star-crossed lovers whose timing always seems to be precisely, maddeningly off. Produced by Warner Bros (2005)."
TITLE_000210,"An adrenaline-fueled limited series in which rival factions clash across three continents, leaving a trail of deception and betrayal. Produced by Apple TV+ (2014)."
TITLE_000211,A high-octane special about a former special forces veteran pulled back into the field for one last impossible mission. Produced by Paramount (2015).
TITLE_000212,A tender yet unflinching series in which three strangers bound by a shared tragedy find unexpected solidarity. Produced by Netflix Studios (2021).
TITLE_000213,A gripping psychological film where a seasoned detective discovers the prime suspect may be hiding in plain sight. Produced by Paramount (2002).
TITLE_000214,A visually stunning animated special about an unlikely band of heroes who must defend their enchanted homeland from an ancient darkness. Produced by Disney (2016).
TITLE_000215,A thought-provoking series exploring the ethical fractures that open when deep-space colonization forces humanity to redefine citizenship. Produced by Sony (2018).
TITLE_000216,An imaginative animated special that takes a young protagonist on a breathtaking journey through a world governed by forgotten magic. Produced by Warner Bros (1989).
TITLE_000217,A visionary science fiction series set in a near future where artificial intelligence has fundamentally reshaped what it means to be human. Produced by Apple TV+ (2021).
TITLE_000218,A bleak yet hopeful film depicting a generation born on a generation ship who have never seen Earth and no longer believe in it. Produced by Sony (2016).
TITLE_000219,A visually stunning animated documentary about an unlikely band of heroes who must defend their enchanted homeland from an ancient darkness. Produced by Disney (1995).
TITLE_000220,"A heartfelt documentary about two strangers whose lives intersect at a critical crossroads, leading to unexpected and inconvenient love. Produced by Disney (1984)."
TITLE_000221,A visionary science fiction special set in a near future where artificial intelligence has fundamentally reshaped what it means to be human. Produced by Disney (2012).
TITLE_000222,A slow-burn series where a seemingly routine investigation peels back layers of a community's darkest secrets. Produced by Disney (2002).
TITLE_000223,A slow-burn limited series where a seemingly routine investigation peels back layers of a community's darkest secrets. Produced by Disney (2003).
TITLE_000224,A sharp satirical series skewering corporate culture through the eyes of the most reluctant middle manager alive. Produced by Netflix Studios (1983).
TITLE_000225,A suspenseful series about a cybersecurity analyst who uncovers a conspiracy that reaches the highest corridors of power. Produced by Netflix Studios (2007).
TITLE_000226,A visually stunning animated film about an unlikely band of heroes who must defend their enchanted homeland from an ancient darkness. Produced by Netflix Studios (2009).
TITLE_000227,A nuanced special that examines the quiet cost of ambition and the unspoken sacrifices we make for the people we love. Produced by Universal (1994).
TITLE_000228,A thought-provoking film exploring the ethical fractures that open when deep-space colonization forces humanity to redefine citizenship. Produced by Netflix Studios (1988).
TITLE_000229,A taut documentary in which a forensic archivist realizes the cold cases stacking up on her desk share one terrifying pattern. Produced by Apple TV+ (2013).
TITLE_000230,A gripping psychological documentary where a seasoned detective discovers the prime suspect may be hiding in plain sight. Produced by Apple TV+ (1989).
TITLE_000231,A high-octane series about a former special forces veteran pulled back into the field for one last impossible mission. Produced by Paramount (1985).
TITLE_000232,An imaginative animated film that takes a young protagonist on a breathtaking journey through a world governed by forgotten magic. Produced by Universal (1987).
TITLE_000233,A charming documentary centered on a chaotic workplace where every attempt to impose order results in glorious failure. Produced by Apple TV+ (1997).
TITLE_000234,A bold animated series that challenges the boundaries of the form while delivering a story full of wit and genuine emotion. Produced by Sony (2001).
TITLE_000235,"A bittersweet romantic documentary following star-crossed lovers whose timing always seems to be precisely, maddeningly off. Produced by Netflix Studios (2012)."
TITLE_000236,A tender series in which two people who built walls against vulnerability slowly and reluctantly dismantle them together. Produced by Disney (1980).
TITLE_000237,"A heartwarming animated film that uses the adventures of misfit characters to explore belonging, courage, and found family. Produced by Universal (2018)."
TITLE_000238,A tender yet unflinching limited series in which three strangers bound by a shared tragedy find unexpected solidarity. Produced by Apple TV+ (2006).
TITLE_000239,A witty film about a small-town dreamer who accidentally becomes the most controversial person in a major city. Produced by Sony (2014).
TITLE_000240,An explosive film following a disgraced soldier who must go rogue to expose corruption at the highest levels of government. Produced by Netflix Studios (1993).
TITLE_000241,A slow-dread documentary exploring the horror of losing trust in your own perception of reality. Produced by Apple TV+ (1998).
TITLE_000242,A hilarious limited series following a group of well-meaning misfits whose cross-country trip descends into spectacular chaos. Produced by Universal (1996).
TITLE_000243,A tender limited series in which two people who built walls against vulnerability slowly and reluctantly dismantle them together. Produced by Paramount (2004).
TITLE_000244,A nuanced documentary that examines the quiet cost of ambition and the unspoken sacrifices we make for the people we love. Produced by Disney (2016).
TITLE_000245,A slow-dread series exploring the horror of losing trust in your own perception of reality. Produced by Universal (2002).
TITLE_000246,A pulse-pounding film where a covert operative races against time to prevent a global catastrophe. Produced by Sony (1989).
TITLE_000247,"An adrenaline-fueled limited series in which rival factions clash across three continents, leaving a trail of deception and betrayal. Produced by Sony (2017)."
TITLE_000248,A high-octane series about a former special forces veteran pulled back into the field for one last impossible mission. Produced by Warner Bros (2022).
TITLE_000249,A terrifying series following a group of strangers stranded in a remote wilderness as something ancient and patient closes in. Produced by Paramount (2012).
TITLE_000250,A high-octane special about a former special forces veteran pulled back into the field for one last impossible mission. Produced by Apple TV+ (1990).
TITLE_000251,"A powerful film exploring the fractured bonds between family members as they navigate grief, guilt, and reconciliation. Produced by Paramount (2012)."
TITLE_000252,A visually stunning animated documentary about an unlikely band of heroes who must defend their enchanted homeland from an ancient darkness. Produced by Paramount (2019).
TITLE_000253,A bold animated series that challenges the boundaries of the form while delivering a story full of wit and genuine emotion. Produced by Apple TV+ (1980).
TITLE_000254,A slow-dread special exploring the horror of losing trust in your own perception of reality. Produced by Apple TV+ (2006).
TITLE_000255,A chilling psychological series in which a family discovers their renovated home was built atop the site of something unspeakable. Produced by Paramount (2001).
TITLE_000256,A bone-chilling special where a marine biologist's deep-sea expedition surfaces a creature that should not exist. Produced by Universal (1984).
TITLE_000257,An explosive special following a disgraced soldier who must go rogue to expose corruption at the highest levels of government. Produced by Sony (1990).
TITLE_000258,A taut limited series in which a forensic archivist realizes the cold cases stacking up on her desk share one terrifying pattern. Produced by Warner Bros (2020).
TITLE_000259,An emotionally charged film about an individual's struggle to rebuild identity and purpose after an unexpected personal collapse. Produced by Paramount (2010).
TITLE_000260,An imaginative animated film that takes a young protagonist on a breathtaking journey through a world governed by forgotten magic. Produced by Warner Bros (1991).
TITLE_000261,A cerebral science fiction film about a theoretical physicist whose containment breach tears a hole in the fabric of spacetime. Produced by Universal (2009).
TITLE_000262,A bold animated film that challenges the boundaries of the form while delivering a story full of wit and genuine emotion. Produced by Warner Bros (1983).
TITLE_000263,A pulse-pounding documentary where a covert operative races against time to prevent a global catastrophe. Produced by Universal (2004).
TITLE_000264,A sharp satirical film skewering corporate culture through the eyes of the most reluctant middle manager alive. Produced by Apple TV+ (1980).
TITLE_000265,"A heartwarming animated limited series that uses the adventures of misfit characters to explore belonging, courage, and found family. Produced by Warner Bros (1990)."
TITLE_000266,A bleak yet hopeful series depicting a generation born on a generation ship who have never seen Earth and no longer believe in it. Produced by Universal (1983).
TITLE_000267,A terrifying documentary following a group of strangers stranded in a remote wilderness as something ancient and patient closes in. Produced by Sony (1998).
TITLE_000268,A taut series in which a forensic archivist realizes the cold cases stacking up on her desk share one terrifying pattern. Produced by Sony (1993).
TITLE_000269,A visually stunning animated special about an unlikely band of heroes who must defend their enchanted homeland from an ancient darkness. Produced by Paramount (1992).
TITLE_000270,A bold animated limited series that challenges the boundaries of the form while delivering a story full of wit and genuine emotion. Produced by Netflix Studios (2001).
TITLE_000271,"A powerful film exploring the fractured bonds between family members as they navigate grief, guilt, and reconciliation. Produced by Paramount (2015)."
TITLE_000272,"A sweeping romance spanning three decades, exploring how first love quietly shapes every significant decision that follows. Produced by Warner Bros (2006)."
TITLE_000273,"A heartwarming animated special that uses the adventures of misfit characters to explore belonging, courage, and found family. Produced by Universal (2022)."
TITLE_000274,A witty film about a small-town dreamer who accidentally becomes the most controversial person in a major city. Produced by Disney (2010).
TITLE_000275,A tender yet unflinching series in which three strangers bound by a shared tragedy find unexpected solidarity. Produced by Sony (2000).
TITLE_000276,A bold animated limited series that challenges the boundaries of the form while delivering a story full of wit and genuine emotion. Produced by Apple TV+ (2025).
TITLE_000277,"An adrenaline-fueled documentary in which rival factions clash across three continents, leaving a trail of deception and betrayal. Produced by Warner Bros (1999)."
TITLE_000278,A witty documentary about a small-town dreamer who accidentally becomes the most controversial person in a major city. Produced by Universal (2008).
TITLE_000279,A hilarious film following a group of well-meaning misfits whose cross-country trip descends into spectacular chaos. Produced by Warner Bros (2022).
TITLE_000280,A suspenseful documentary about a cybersecurity analyst who uncovers a conspiracy that reaches the highest corridors of power. Produced by Sony (1987).
TITLE_000281,A visually stunning animated special about an unlikely band of heroes who must defend their enchanted homeland from an ancient darkness. Produced by Sony (2019).
TITLE_000282,A high-octane special about a former special forces veteran pulled back into the field for one last impossible mission. Produced by Netflix Studios (2010).
TITLE_000283,A thought-provoking special exploring the ethical fractures that open when deep-space colonization forces humanity to redefine citizenship. Produced by Disney (2003).
TITLE_000284,A cerebral science fiction special about a theoretical physicist whose containment breach tears a hole in the fabric of spacetime. Produced by Paramount (1984).
TITLE_000285,An emotionally charged series about an individual's struggle to rebuild identity and purpose after an unexpected personal collapse. Produced by Paramount (1986).
TITLE_000286,A slow-burn series where a seemingly routine investigation peels back layers of a community's darkest secrets. Produced by Netflix Studios (2005).
TITLE_000287,A suspenseful film about a cybersecurity analyst who uncovers a conspiracy that reaches the highest corridors of power. Produced by Apple TV+ (1992).
TITLE_000288,A witty film about a small-town dreamer who accidentally becomes the most controversial person in a major city. Produced by Disney (1990).
TITLE_000289,A bleak yet hopeful special depicting a generation born on a generation ship who have never seen Earth and no longer believe in it. Produced by Universal (1991).
TITLE_000290,An imaginative animated documentary that takes a young protagonist on a breathtaking journey through a world governed by forgotten magic. Produced by Universal (2023).
TITLE_000291,"An adrenaline-fueled documentary in which rival factions clash across three continents, leaving a trail of deception and betrayal. Produced by Sony (2001)."
TITLE_000292,"A heartwarming animated limited series that uses the adventures of misfit characters to explore belonging, courage, and found family. Produced by Universal (1993)."
TITLE_000293,A bold animated special that challenges the boundaries of the form while delivering a story full of wit and genuine emotion. Produced by Warner Bros (2000).
TITLE_000294,A witty series about a small-town dreamer who accidentally becomes the most controversial person in a major city. Produced by Netflix Studios (2003).
TITLE_000295,A bold animated special that challenges the boundaries of the form while delivering a story full of wit and genuine emotion. Produced by Netflix Studios (1997).
TITLE_000296,A bleak yet hopeful limited series depicting a generation born on a generation ship who have never seen Earth and no longer believe in it. Produced by Sony (1993).
TITLE_000297,An emotionally charged special about an individual's struggle to rebuild identity and purpose after an unexpected personal collapse. Produced by Sony (1994).
TITLE_000298,A suspenseful series about a cybersecurity analyst who uncovers a conspiracy that reaches the highest corridors of power. Produced by Netflix Studios (2014).
TITLE_000299,A taut special in which a forensic archivist realizes the cold cases stacking up on her desk share one terrifying pattern. Produced by Netflix Studios (1995).
TITLE_000300,"A powerful limited series exploring the fractured bonds between family members as they navigate grief, guilt, and reconciliation. Produced by Sony (1993)."
TITLE_000301,A terrifying limited series following a group of strangers stranded in a remote wilderness as something ancient and patient closes in. Produced by Netflix Studios (2017).
TITLE_000302,A visually stunning animated special about an unlikely band of heroes who must defend their enchanted homeland from an ancient darkness. Produced by Apple TV+ (1998).
TITLE_000303,A charming special centered on a chaotic workplace where every attempt to impose order results in glorious failure. Produced by Disney (2016).
TITLE_000304,A pulse-pounding film where a covert operative races against time to prevent a global catastrophe. Produced by Disney (2019).
TITLE_000305,A pulse-pounding documentary where a covert operative races against time to prevent a global catastrophe. Produced by Universal (1980).
TITLE_000306,A nuanced special that examines the quiet cost of ambition and the unspoken sacrifices we make for the people we love. Produced by Disney (1990).
TITLE_000307,A pulse-pounding special where a covert operative races against time to prevent a global catastrophe. Produced by Warner Bros (1986).
TITLE_000308,An explosive series following a disgraced soldier who must go rogue to expose corruption at the highest levels of government. Produced by Apple TV+ (2025).
TITLE_000309,A tender yet unflinching documentary in which three strangers bound by a shared tragedy find unexpected solidarity. Produced by Paramount (1990).
TITLE_000310,A chilling psychological limited series in which a family discovers their renovated home was built atop the site of something unspeakable. Produced by Disney (1987).
TITLE_000311,An explosive special following a disgraced soldier who must go rogue to expose corruption at the highest levels of government. Produced by Universal (2000).
TITLE_000312,An explosive special following a disgraced soldier who must go rogue to expose corruption at the highest levels of government. Produced by Apple TV+ (1994).
TITLE_000313,"An adrenaline-fueled limited series in which rival factions clash across three continents, leaving a trail of deception and betrayal. Produced by Paramount (2009)."
TITLE_000314,A bold animated series that challenges the boundaries of the form while delivering a story full of wit and genuine emotion. Produced by Sony (1990).
TITLE_000315,A terrifying documentary following a group of strangers stranded in a remote wilderness as something ancient and patient closes in. Produced by Disney (1989).
TITLE_000316,A pulse-pounding special where a covert operative races against time to prevent a global catastrophe. Produced by Sony (1998).
TITLE_000317,A cerebral science fiction series about a theoretical physicist whose containment breach tears a hole in the fabric of spacetime. Produced by Sony (2013).
TITLE_000318,A charming film centered on a chaotic workplace where every attempt to impose order results in glorious failure. Produced by Paramount (1987).
TITLE_000319,"A sweeping romance spanning three decades, exploring how first love quietly shapes every significant decision that follows. Produced by Netflix Studios (1996)."
TITLE_000320,A sharp satirical film skewering corporate culture through the eyes of the most reluctant middle manager alive. Produced by Universal (2025).
TITLE_000321,"A powerful limited series exploring the fractured bonds between family members as they navigate grief, guilt, and reconciliation. Produced by Netflix Studios (1989)."
TITLE_000322,"An adrenaline-fueled limited series in which rival factions clash across three continents, leaving a trail of deception and betrayal. Produced by Sony (2003)."
TITLE_000323,A slow-burn documentary where a seemingly routine investigation peels back layers of a community's darkest secrets. Produced by Disney (1983).
TITLE_000324,A pulse-pounding documentary where a covert operative races against time to prevent a global catastrophe. Produced by Netflix Studios (2001).
TITLE_000325,A nuanced special that examines the quiet cost of ambition and the unspoken sacrifices we make for the people we love. Produced by Sony (1985).
TITLE_000326,A high-octane film about a former special forces veteran pulled back into the field for one last impossible mission. Produced by Universal (2024).
TITLE_000327,An emotionally charged special about an individual's struggle to rebuild identity and purpose after an unexpected personal collapse. Produced by Disney (2013).
TITLE_000328,A charming film centered on a chaotic workplace where every attempt to impose order results in glorious failure. Produced by Universal (2009).
TITLE_000329,A hilarious documentary following a group of well-meaning misfits whose cross-country trip descends into spectacular chaos. Produced by Apple TV+ (2013).
TITLE_000330,"A sweeping romance spanning three decades, exploring how first love quietly shapes every significant decision that follows. Produced by Paramount (2025)."
TITLE_000331,A high-octane limited series about a former special forces veteran pulled back into the field for one last impossible mission. Produced by Disney (1990).
TITLE_000332,A tender yet unflinching special in which three strangers bound by a shared tragedy find unexpected solidarity. Produced by Warner Bros (2008).
TITLE_000333,"A powerful special exploring the fractured bonds between family members as they navigate grief, guilt, and reconciliation. Produced by Netflix Studios (2008)."
TITLE_000334,"A bittersweet romantic special following star-crossed lovers whose timing always seems to be precisely, maddeningly off. Produced by Warner Bros (2009)."
TITLE_000335,A charming special centered on a chaotic workplace where every attempt to impose order results in glorious failure. Produced by Apple TV+ (1988).
TITLE_000336,"A heartwarming animated limited series that uses the adventures of misfit characters to explore belonging, courage, and found family. Produced by Disney (2016)."
TITLE_000337,A bleak yet hopeful special depicting a generation born on a generation ship who have never seen Earth and no longer believe in it. Produced by Universal (2000).
TITLE_000338,An explosive documentary following a disgraced soldier who must go rogue to expose corruption at the highest levels of government. Produced by Universal (2017).
TITLE_000339,A chilling psychological series in which a family discovers their renovated home was built atop the site of something unspeakable. Produced by Paramount (1993).
TITLE_000340,A witty film about a small-town dreamer who accidentally becomes the most controversial person in a major city. Produced by Disney (2004).
TITLE_000341,An imaginative animated series that takes a young protagonist on a breathtaking journey through a world governed by forgotten magic. Produced by Netflix Studios (2011).
TITLE_000342,"An adrenaline-fueled limited series in which rival factions clash across three continents, leaving a trail of deception and betrayal. Produced by Apple TV+ (2001)."
TITLE_000343,A bone-chilling limited series where a marine biologist's deep-sea expedition surfaces a creature that should not exist. Produced by Sony (2015).
TITLE_000344,A thought-provoking special exploring the ethical fractures that open when deep-space colonization forces humanity to redefine citizenship. Produced by Disney (2023).
TITLE_000345,A gripping psychological limited series where a seasoned detective discovers the prime suspect may be hiding in plain sight. Produced by Warner Bros (2018).
TITLE_000346,A bold animated special that challenges the boundaries of the form while delivering a story full of wit and genuine emotion. Produced by Disney (2005).
TITLE_000347,A gripping psychological documentary where a seasoned detective discovers the prime suspect may be hiding in plain sight. Produced by Apple TV+ (1995).
TITLE_000348,A visually stunning animated special about an unlikely band of heroes who must defend their enchanted homeland from an ancient darkness. Produced by Universal (1986).
TITLE_000349,A high-octane film about a former special forces veteran pulled back into the field for one last impossible mission. Produced by Netflix Studios (1984).
TITLE_000350,A bone-chilling documentary where a marine biologist's deep-sea expedition surfaces a creature that should not exist. Produced by Universal (2001).
TITLE_000351,A witty series about a small-town dreamer who accidentally becomes the most controversial person in a major city. Produced by Netflix Studios (1997).
TITLE_000352,A slow-dread documentary exploring the horror of losing trust in your own perception of reality. Produced by Sony (2011).
TITLE_000353,A hilarious series following a group of well-meaning misfits whose cross-country trip descends into spectacular chaos. Produced by Warner Bros (2016).
TITLE_000354,A cerebral science fiction series about a theoretical physicist whose containment breach tears a hole in the fabric of spacetime. Produced by Sony (1990).
TITLE_000355,A slow-burn film where a seemingly routine investigation peels back layers of a community's darkest secrets. Produced by Universal (1980).
TITLE_000356,A taut film in which a forensic archivist realizes the cold cases stacking up on her desk share one terrifying pattern. Produced by Universal (2015).
TITLE_000357,A visionary science fiction series set in a near future where artificial intelligence has fundamentally reshaped what it means to be human. Produced by Disney (1986).
TITLE_000358,A chilling psychological special in which a family discovers their renovated home was built atop the site of something unspeakable. Produced by Sony (2012).
TITLE_000359,A tender yet unflinching special in which three strangers bound by a shared tragedy find unexpected solidarity. Produced by Universal (2015).
TITLE_000360,"A powerful film exploring the fractured bonds between family members as they navigate grief, guilt, and reconciliation. Produced by Disney (2002)."
TITLE_000361,A bone-chilling limited series where a marine biologist's deep-sea expedition surfaces a creature that should not exist. Produced by Netflix Studios (2001).
TITLE_000362,A gripping psychological special where a seasoned detective discovers the prime suspect may be hiding in plain sight. Produced by Paramount (1996).
TITLE_000363,"A bittersweet romantic series following star-crossed lovers whose timing always seems to be precisely, maddeningly off. Produced by Apple TV+ (1999)."
TITLE_000364,A sharp satirical special skewering corporate culture through the eyes of the most reluctant middle manager alive. Produced by Sony (2002).
TITLE_000365,A suspenseful special about a cybersecurity analyst who uncovers a conspiracy that reaches the highest corridors of power. Produced by Netflix Studios (1995).
TITLE_000366,A slow-burn film where a seemingly routine investigation peels back layers of a community's darkest secrets. Produced by Disney (1982).
TITLE_000367,A tender yet unflinching series in which three strangers bound by a shared tragedy find unexpected solidarity. Produced by Netflix Studios (2018).
TITLE_000368,A gripping psychological series where a seasoned detective discovers the prime suspect may be hiding in plain sight. Produced by Netflix Studios (2002).
TITLE_000369,A suspenseful series about a cybersecurity analyst who uncovers a conspiracy that reaches the highest corridors of power. Produced by Disney (2016).
TITLE_000370,A high-octane limited series about a former special forces veteran pulled back into the field for one last impossible mission. Produced by Warner Bros (1981).
TITLE_000371,"An adrenaline-fueled series in which rival factions clash across three continents, leaving a trail of deception and betrayal. Produced by Disney (1985)."
TITLE_000372,"A sweeping romance spanning three decades, exploring how first love quietly shapes every significant decision that follows. Produced by Warner Bros (1987)."
TITLE_000373,A charming series centered on a chaotic workplace where every attempt to impose order results in glorious failure. Produced by Apple TV+ (1984).
TITLE_000374,"An adrenaline-fueled film in which rival factions clash across three continents, leaving a trail of deception and betrayal. Produced by Disney (1980)."
TITLE_000375,A visionary science fiction series set in a near future where artificial intelligence has fundamentally reshaped what it means to be human. Produced by Paramount (2009).
TITLE_000376,A tender special in which two people who built walls against vulnerability slowly and reluctantly dismantle them together. Produced by Disney (1996).
TITLE_000377,A slow-burn series where a seemingly routine investigation peels back layers of a community's darkest secrets. Produced by Warner Bros (2009).
TITLE_000378,An emotionally charged film about an individual's struggle to rebuild identity and purpose after an unexpected personal collapse. Produced by Paramount (1989).
TITLE_000379,An imaginative animated limited series that takes a young protagonist on a breathtaking journey through a world governed by forgotten magic. Produced by Universal (1990).
TITLE_000380,A cerebral science fiction limited series about a theoretical physicist whose containment breach tears a hole in the fabric of spacetime. Produced by Netflix Studios (2006).
TITLE_000381,A suspenseful series about a cybersecurity analyst who uncovers a conspiracy that reaches the highest corridors of power. Produced by Apple TV+ (1985).
TITLE_000382,A high-octane special about a former special forces veteran pulled back into the field for one last impossible mission. Produced by Sony (2017).
TITLE_000383,"A powerful documentary exploring the fractured bonds between family members as they navigate grief, guilt, and reconciliation. Produced by Sony (2000)."
TITLE_000384,An explosive limited series following a disgraced soldier who must go rogue to expose corruption at the highest levels of government. Produced by Apple TV+ (2009).
TITLE_000385,A slow-burn limited series where a seemingly routine investigation peels back layers of a community's darkest secrets. Produced by Disney (1991).
TITLE_000386,A terrifying film following a group of strangers stranded in a remote wilderness as something ancient and patient closes in. Produced by Netflix Studios (1985).
TITLE_000387,A hilarious limited series following a group of well-meaning misfits whose cross-country trip descends into spectacular chaos. Produced by Apple TV+ (2004).
TITLE_000388,A slow-burn series where a seemingly routine investigation peels back layers of a community's darkest secrets. Produced by Apple TV+ (2009).
TITLE_000389,An emotionally charged limited series about an individual's struggle to rebuild identity and purpose after an unexpected personal collapse. Produced by Paramount (2014).
TITLE_000390,A gripping psychological documentary where a seasoned detective discovers the prime suspect may be hiding in plain sight. Produced by Universal (1981).
TITLE_000391,"A heartfelt film about two strangers whose lives intersect at a critical crossroads, leading to unexpected and inconvenient love. Produced by Sony (2016)."
TITLE_000392,A thought-provoking series exploring the ethical fractures that open when deep-space colonization forces humanity to redefine citizenship. Produced by Universal (2024).
TITLE_000393,A gripping psychological documentary where a seasoned detective discovers the prime suspect may be hiding in plain sight. Produced by Sony (1998).
TITLE_000394,A tender film in which two people who built walls against vulnerability slowly and reluctantly dismantle them together. Produced by Disney (1996).
TITLE_000395,A high-octane documentary about a former special forces veteran pulled back into the field for one last impossible mission. Produced by Paramount (1987).
TITLE_000396,A nuanced limited series that examines the quiet cost of ambition and the unspoken sacrifices we make for the people we love. Produced by Sony (1989).
TITLE_000397,"A powerful special exploring the fractured bonds between family members as they navigate grief, guilt, and reconciliation. Produced by Disney (1995)."
TITLE_000398,A terrifying documentary following a group of strangers stranded in a remote wilderness as something ancient and patient closes in. Produced by Universal (2002).
TITLE_000399,A gripping psychological documentary where a seasoned detective discovers the prime suspect may be hiding in plain sight. Produced by Disney (1989).
TITLE_000400,An explosive special following a disgraced soldier who must go rogue to expose corruption at the highest levels of government. Produced by Disney (2021).
TITLE_000401,A bold animated series that challenges the boundaries of the form while delivering a story full of wit and genuine emotion. Produced by Disney (2011).
TITLE_000402,A slow-burn limited series where a seemingly routine investigation peels back layers of a community's darkest secrets. Produced by Apple TV+ (1983).
TITLE_000403,A witty documentary about a small-town dreamer who accidentally becomes the most controversial person in a major city. Produced by Universal (1988).
TITLE_000404,"A sweeping romance spanning three decades, exploring how first love quietly shapes every significant decision that follows. Produced by Warner Bros (2010)."
TITLE_000405,"An adrenaline-fueled film in which rival factions clash across three continents, leaving a trail of deception and betrayal. Produced by Universal (2014)."
TITLE_000406,A taut series in which a forensic archivist realizes the cold cases stacking up on her desk share one terrifying pattern. Produced by Netflix Studios (2025).
TITLE_000407,An imaginative animated limited series that takes a young protagonist on a breathtaking journey through a world governed by forgotten magic. Produced by Apple TV+ (1994).
TITLE_000408,A witty series about a small-town dreamer who accidentally becomes the most controversial person in a major city. Produced by Sony (2003).
TITLE_000409,A high-octane documentary about a former special forces veteran pulled back into the field for one last impossible mission. Produced by Warner Bros (2010).
TITLE_000410,An explosive series following a disgraced soldier who must go rogue to expose corruption at the highest levels of government. Produced by Disney (2002).
TITLE_000411,"An adrenaline-fueled special in which rival factions clash across three continents, leaving a trail of deception and betrayal. Produced by Warner Bros (1980)."
TITLE_000412,A visionary science fiction series set in a near future where artificial intelligence has fundamentally reshaped what it means to be human. Produced by Universal (1989).
TITLE_000413,A visionary science fiction series set in a near future where artificial intelligence has fundamentally reshaped what it means to be human. Produced by Paramount (2007).
TITLE_000414,A bold animated film that challenges the boundaries of the form while delivering a story full of wit and genuine emotion. Produced by Disney (2021).
TITLE_000415,A witty documentary about a small-town dreamer who accidentally becomes the most controversial person in a major city. Produced by Warner Bros (2001).
TITLE_000416,"A sweeping romance spanning three decades, exploring how first love quietly shapes every significant decision that follows. Produced by Universal (2016)."
TITLE_000417,A witty film about a small-town dreamer who accidentally becomes the most controversial person in a major city. Produced by Disney (1998).
TITLE_000418,A witty film about a small-town dreamer who accidentally becomes the most controversial person in a major city. Produced by Universal (2009).
TITLE_000419,A tender yet unflinching series in which three strangers bound by a shared tragedy find unexpected solidarity. Produced by Netflix Studios (2016).
TITLE_000420,"A powerful series exploring the fractured bonds between family members as they navigate grief, guilt, and reconciliation. Produced by Disney (1998)."
TITLE_000421,"A powerful film exploring the fractured bonds between family members as they navigate grief, guilt, and reconciliation. Produced by Sony (2005)."
TITLE_000422,A terrifying limited series following a group of strangers stranded in a remote wilderness as something ancient and patient closes in. Produced by Universal (1993).
TITLE_000423,A thought-provoking limited series exploring the ethical fractures that open when deep-space colonization forces humanity to redefine citizenship. Produced by Sony (2009).
TITLE_000424,A slow-dread special exploring the horror of losing trust in your own perception of reality. Produced by Warner Bros (2012).
TITLE_000425,A hilarious limited series following a group of well-meaning misfits whose cross-country trip descends into spectacular chaos. Produced by Sony (1995).
TITLE_000426,A tender limited series in which two people who built walls against vulnerability slowly and reluctantly dismantle them together. Produced by Sony (2013).
TITLE_000427,A bone-chilling series where a marine biologist's deep-sea expedition surfaces a creature that should not exist. Produced by Universal (1997).
TITLE_000428,A pulse-pounding film where a covert operative races against time to prevent a global catastrophe. Produced by Disney (2014).
TITLE_000429,A charming film centered on a chaotic workplace where every attempt to impose order results in glorious failure. Produced by Apple TV+ (2011).
TITLE_000430,"A heartfelt film about two strangers whose lives intersect at a critical crossroads, leading to unexpected and inconvenient love. Produced by Sony (1998)."
TITLE_000431,A high-octane documentary about a former special forces veteran pulled back into the field for one last impossible mission. Produced by Warner Bros (2021).
TITLE_000432,A bold animated documentary that challenges the boundaries of the form while delivering a story full of wit and genuine emotion. Produced by Sony (2024).
TITLE_000433,"An adrenaline-fueled special in which rival factions clash across three continents, leaving a trail of deception and betrayal. Produced by Universal (1984)."
TITLE_000434,"A heartwarming animated special that uses the adventures of misfit characters to explore belonging, courage, and found family. Produced by Netflix Studios (2024)."
TITLE_000435,"A heartwarming animated documentary that uses the adventures of misfit characters to explore belonging, courage, and found family. Produced by Apple TV+ (2012)."
TITLE_000436,A taut special in which a forensic archivist realizes the cold cases stacking up on her desk share one terrifying pattern. Produced by Universal (2021).
TITLE_000437,A chilling psychological limited series in which a family discovers their renovated home was built atop the site of something unspeakable. Produced by Paramount (1987).
TITLE_000438,A sharp satirical limited series skewering corporate culture through the eyes of the most reluctant middle manager alive. Produced by Paramount (1981).
TITLE_000439,A witty special about a small-town dreamer who accidentally becomes the most controversial person in a major city. Produced by Sony (2013).
TITLE_000440,A tender film in which two people who built walls against vulnerability slowly and reluctantly dismantle them together. Produced by Warner Bros (2024).
TITLE_000441,A cerebral science fiction film about a theoretical physicist whose containment breach tears a hole in the fabric of spacetime. Produced by Sony (2020).
TITLE_000442,A cerebral science fiction documentary about a theoretical physicist whose containment breach tears a hole in the fabric of spacetime. Produced by Sony (1995).
TITLE_000443,A tender special in which two people who built walls against vulnerability slowly and reluctantly dismantle them together. Produced by Disney (1985).
TITLE_000444,A bone-chilling film where a marine biologist's deep-sea expedition surfaces a creature that should not exist. Produced by Universal (1983).
TITLE_000445,A bold animated limited series that challenges the boundaries of the form while delivering a story full of wit and genuine emotion. Produced by Netflix Studios (2025).
TITLE_000446,"A sweeping romance spanning three decades, exploring how first love quietly shapes every significant decision that follows. Produced by Apple TV+ (1994)."
TITLE_000447,A bone-chilling limited series where a marine biologist's deep-sea expedition surfaces a creature that should not exist. Produced by Disney (2016).
TITLE_000448,A witty limited series about a small-town dreamer who accidentally becomes the most controversial person in a major city. Produced by Apple TV+ (1991).
TITLE_000449,"A sweeping romance spanning three decades, exploring how first love quietly shapes every significant decision that follows. Produced by Apple TV+ (1988)."
TITLE_000450,"A powerful limited series exploring the fractured bonds between family members as they navigate grief, guilt, and reconciliation. Produced by Universal (1991)."
TITLE_000451,A suspenseful special about a cybersecurity analyst who uncovers a conspiracy that reaches the highest corridors of power. Produced by Universal (2017).
TITLE_000452,"A powerful limited series exploring the fractured bonds between family members as they navigate grief, guilt, and reconciliation. Produced by Paramount (2000)."
TITLE_000453,A bleak yet hopeful film depicting a generation born on a generation ship who have never seen Earth and no longer believe in it. Produced by Apple TV+ (1982).
TITLE_000454,A tender film in which two people who built walls against vulnerability slowly and reluctantly dismantle them together. Produced by Disney (2023).
TITLE_000455,A pulse-pounding limited series where a covert operative races against time to prevent a global catastrophe. Produced by Warner Bros (2022).
TITLE_000456,An emotionally charged film about an individual's struggle to rebuild identity and purpose after an unexpected personal collapse. Produced by Sony (1986).
TITLE_000457,An explosive film following a disgraced soldier who must go rogue to expose corruption at the highest levels of government. Produced by Sony (2015).
TITLE_000458,A nuanced special that examines the quiet cost of ambition and the unspoken sacrifices we make for the people we love. Produced by Paramount (2024).
TITLE_000459,An explosive limited series following a disgraced soldier who must go rogue to expose corruption at the highest levels of government. Produced by Apple TV+ (1991).
TITLE_000460,A cerebral science fiction limited series about a theoretical physicist whose containment breach tears a hole in the fabric of spacetime. Produced by Sony (2022).
TITLE_000461,A gripping psychological series where a seasoned detective discovers the prime suspect may be hiding in plain sight. Produced by Universal (2013).
TITLE_000462,A charming special centered on a chaotic workplace where every attempt to impose order results in glorious failure. Produced by Disney (2023).
TITLE_000463,A bone-chilling limited series where a marine biologist's deep-sea expedition surfaces a creature that should not exist. Produced by Universal (2001).
TITLE_000464,"A heartfelt documentary about two strangers whose lives intersect at a critical crossroads, leading to unexpected and inconvenient love. Produced by Apple TV+ (1980)."
TITLE_000465,A tender documentary in which two people who built walls against vulnerability slowly and reluctantly dismantle them together. Produced by Warner Bros (2021).
TITLE_000466,An explosive series following a disgraced soldier who must go rogue to expose corruption at the highest levels of government. Produced by Sony (1985).
TITLE_000467,A visually stunning animated special about an unlikely band of heroes who must defend their enchanted homeland from an ancient darkness. Produced by Sony (2002).
TITLE_000468,A chilling psychological limited series in which a family discovers their renovated home was built atop the site of something unspeakable. Produced by Paramount (2009).
TITLE_000469,A tender series in which two people who built walls against vulnerability slowly and reluctantly dismantle them together. Produced by Apple TV+ (2004).
TITLE_000470,A high-octane special about a former special forces veteran pulled back into the field for one last impossible mission. Produced by Apple TV+ (1984).
TITLE_000471,A visually stunning animated series about an unlikely band of heroes who must defend their enchanted homeland from an ancient darkness. Produced by Sony (1988).
TITLE_000472,A bone-chilling series where a marine biologist's deep-sea expedition surfaces a creature that should not exist. Produced by Sony (2021).
TITLE_000473,A pulse-pounding limited series where a covert operative races against time to prevent a global catastrophe. Produced by Paramount (1995).
TITLE_000474,A terrifying special following a group of strangers stranded in a remote wilderness as something ancient and patient closes in. Produced by Apple TV+ (2018).
TITLE_000475,A charming series centered on a chaotic workplace where every attempt to impose order results in glorious failure. Produced by Warner Bros (1981).
TITLE_000476,A hilarious series following a group of well-meaning misfits whose cross-country trip descends into spectacular chaos. Produced by Disney (1980).
TITLE_000477,A cerebral science fiction documentary about a theoretical physicist whose containment breach tears a hole in the fabric of spacetime. Produced by Disney (1984).
TITLE_000478,A taut limited series in which a forensic archivist realizes the cold cases stacking up on her desk share one terrifying pattern. Produced by Warner Bros (2004).
TITLE_000479,A nuanced special that examines the quiet cost of ambition and the unspoken sacrifices we make for the people we love. Produced by Paramount (1996).
TITLE_000480,A visually stunning animated documentary about an unlikely band of heroes who must defend their enchanted homeland from an ancient darkness. Produced by Universal (2020).
TITLE_000481,"A heartwarming animated film that uses the adventures of misfit characters to explore belonging, courage, and found family. Produced by Warner Bros (1998)."
TITLE_000482,A pulse-pounding documentary where a covert operative races against time to prevent a global catastrophe. Produced by Disney (2000).
TITLE_000483,A visually stunning animated series about an unlikely band of heroes who must defend their enchanted homeland from an ancient darkness. Produced by Paramount (2022).
TITLE_000484,"A powerful documentary exploring the fractured bonds between family members as they navigate grief, guilt, and reconciliation. Produced by Universal (1996)."
TITLE_000485,An explosive limited series following a disgraced soldier who must go rogue to expose corruption at the highest levels of government. Produced by Apple TV+ (2013).
TITLE_000486,"A heartwarming animated documentary that uses the adventures of misfit characters to explore belonging, courage, and found family. Produced by Paramount (2000)."
TITLE_000487,A high-octane series about a former special forces veteran pulled back into the field for one last impossible mission. Produced by Apple TV+ (2000).
TITLE_000488,A cerebral science fiction special about a theoretical physicist whose containment breach tears a hole in the fabric of spacetime. Produced by Disney (1992).
TITLE_000489,A bone-chilling documentary where a marine biologist's deep-sea expedition surfaces a creature that should not exist. Produced by Warner Bros (2005).
TITLE_000490,A tender documentary in which two people who built walls against vulnerability slowly and reluctantly dismantle them together. Produced by Warner Bros (1998).
TITLE_000491,A hilarious series following a group of well-meaning misfits whose cross-country trip descends into spectacular chaos. Produced by Warner Bros (1988).
TITLE_000492,"A powerful special exploring the fractured bonds between family members as they navigate grief, guilt, and reconciliation. Produced by Disney (2018)."
TITLE_000493,An emotionally charged series about an individual's struggle to rebuild identity and purpose after an unexpected personal collapse. Produced by Paramount (2017).
TITLE_000494,An explosive documentary following a disgraced soldier who must go rogue to expose corruption at the highest levels of government. Produced by Apple TV+ (2008).
TITLE_000495,A visionary science fiction film set in a near future where artificial intelligence has fundamentally reshaped what it means to be human. Produced by Paramount (1985).
TITLE_000496,"A heartwarming animated special that uses the adventures of misfit characters to explore belonging, courage, and found family. Produced by Paramount (2012)."
TITLE_000497,A charming limited series centered on a chaotic workplace where every attempt to impose order results in glorious failure. Produced by Sony (2017).
TITLE_000498,"A bittersweet romantic special following star-crossed lovers whose timing always seems to be precisely, maddeningly off. Produced by Warner Bros (1983)."
TITLE_000499,"A heartfelt limited series about two strangers whose lives intersect at a critical crossroads, leading to unexpected and inconvenient love. Produced by Sony (1997)."
TITLE_000500,A bone-chilling series where a marine biologist's deep-sea expedition surfaces a creature that should not exist. Produced by Warner Bros (1986).
TITLE_000501,An imaginative animated special that takes a young protagonist on a breathtaking journey through a world governed by forgotten magic. Produced by Paramount (2004).
TITLE_000502,A suspenseful series about a cybersecurity analyst who uncovers a conspiracy that reaches the highest corridors of power. Produced by Apple TV+ (2020).
TITLE_000503,A high-octane special about a former special forces veteran pulled back into the field for one last impossible mission. Produced by Warner Bros (1985).
TITLE_000504,A suspenseful documentary about a cybersecurity analyst who uncovers a conspiracy that reaches the highest corridors of power. Produced by Warner Bros (2017).
TITLE_000505,A taut limited series in which a forensic archivist realizes the cold cases stacking up on her desk share one terrifying pattern. Produced by Apple TV+ (2024).
TITLE_000506,A visually stunning animated film about an unlikely band of heroes who must defend their enchanted homeland from an ancient darkness. Produced by Sony (2020).
TITLE_000507,A high-octane documentary about a former special forces veteran pulled back into the field for one last impossible mission. Produced by Warner Bros (2001).
TITLE_000508,An explosive limited series following a disgraced soldier who must go rogue to expose corruption at the highest levels of government. Produced by Netflix Studios (1987).
TITLE_000509,"A powerful series exploring the fractured bonds between family members as they navigate grief, guilt, and reconciliation. Produced by Warner Bros (2022)."
TITLE_000510,A slow-burn series where a seemingly routine investigation peels back layers of a community's darkest secrets. Produced by Disney (2005).
TITLE_000511,A tender series in which two people who built walls against vulnerability slowly and reluctantly dismantle them together. Produced by Paramount (1988).
TITLE_000512,A witty film about a small-town dreamer who accidentally becomes the most controversial person in a major city. Produced by Paramount (2006).
TITLE_000513,"A heartfelt limited series about two strangers whose lives intersect at a critical crossroads, leading to unexpected and inconvenient love. Produced by Disney (2012)."
TITLE_000514,An emotionally charged documentary about an individual's struggle to rebuild identity and purpose after an unexpected personal collapse. Produced by Universal (1999).
TITLE_000515,A gripping psychological series where a seasoned detective discovers the prime suspect may be hiding in plain sight. Produced by Universal (2003).
TITLE_000516,"A sweeping romance spanning three decades, exploring how first love quietly shapes every significant decision that follows. Produced by Paramount (1997)."
TITLE_000517,A pulse-pounding series where a covert operative races against time to prevent a global catastrophe. Produced by Apple TV+ (2015).
TITLE_000518,"A powerful special exploring the fractured bonds between family members as they navigate grief, guilt, and reconciliation. Produced by Disney (2013)."
TITLE_000519,A visually stunning animated special about an unlikely band of heroes who must defend their enchanted homeland from an ancient darkness. Produced by Netflix Studios (1992).
TITLE_000520,A terrifying documentary following a group of strangers stranded in a remote wilderness as something ancient and patient closes in. Produced by Disney (2020).
TITLE_000521,An explosive limited series following a disgraced soldier who must go rogue to expose corruption at the highest levels of government. Produced by Paramount (1983).
TITLE_000522,A terrifying limited series following a group of strangers stranded in a remote wilderness as something ancient and patient closes in. Produced by Sony (1987).
TITLE_000523,A pulse-pounding film where a covert operative races against time to prevent a global catastrophe. Produced by Apple TV+ (2003).
TITLE_000524,An explosive limited series following a disgraced soldier who must go rogue to expose corruption at the highest levels of government. Produced by Universal (2000).
TITLE_000525,"A heartwarming animated limited series that uses the adventures of misfit characters to explore belonging, courage, and found family. Produced by Warner Bros (1997)."
TITLE_000526,A hilarious limited series following a group of well-meaning misfits whose cross-country trip descends into spectacular chaos. Produced by Paramount (2004).
TITLE_000527,"A powerful series exploring the fractured bonds between family members as they navigate grief, guilt, and reconciliation. Produced by Warner Bros (1987)."
TITLE_000528,An imaginative animated film that takes a young protagonist on a breathtaking journey through a world governed by forgotten magic. Produced by Universal (2019).
TITLE_000529,An imaginative animated limited series that takes a young protagonist on a breathtaking journey through a world governed by forgotten magic. Produced by Netflix Studios (2007).
TITLE_000530,A high-octane special about a former special forces veteran pulled back into the field for one last impossible mission. Produced by Netflix Studios (2000).
TITLE_000531,"An adrenaline-fueled series in which rival factions clash across three continents, leaving a trail of deception and betrayal. Produced by Apple TV+ (2004)."
TITLE_000532,A witty series about a small-town dreamer who accidentally becomes the most controversial person in a major city. Produced by Universal (2021).
TITLE_000533,A slow-burn special where a seemingly routine investigation peels back layers of a community's darkest secrets. Produced by Warner Bros (2006).
TITLE_000534,A terrifying series following a group of strangers stranded in a remote wilderness as something ancient and patient closes in. Produced by Netflix Studios (2015).
TITLE_000535,A bold animated special that challenges the boundaries of the form while delivering a story full of wit and genuine emotion. Produced by Sony (1996).
TITLE_000536,A suspenseful limited series about a cybersecurity analyst who uncovers a conspiracy that reaches the highest corridors of power. Produced by Universal (2008).
TITLE_000537,A bone-chilling series where a marine biologist's deep-sea expedition surfaces a creature that should not exist. Produced by Netflix Studios (2021).
TITLE_000538,"A sweeping romance spanning three decades, exploring how first love quietly shapes every significant decision that follows. Produced by Apple TV+ (1997)."
TITLE_000539,A charming limited series centered on a chaotic workplace where every attempt to impose order results in glorious failure. Produced by Universal (2016).
TITLE_000540,A hilarious limited series following a group of well-meaning misfits whose cross-country trip descends into spectacular chaos. Produced by Netflix Studios (2004).
TITLE_000541,A gripping psychological limited series where a seasoned detective discovers the prime suspect may be hiding in plain sight. Produced by Warner Bros (2017).
TITLE_000542,A taut special in which a forensic archivist realizes the cold cases stacking up on her desk share one terrifying pattern. Produced by Netflix Studios (2021).
TITLE_000543,"An adrenaline-fueled series in which rival factions clash across three continents, leaving a trail of deception and betrayal. Produced by Sony (2010)."
TITLE_000544,A slow-burn special where a seemingly routine investigation peels back layers of a community's darkest secrets. Produced by Paramount (2011).
TITLE_000545,"A bittersweet romantic documentary following star-crossed lovers whose timing always seems to be precisely, maddeningly off. Produced by Netflix Studios (1991)."
TITLE_000546,A bone-chilling film where a marine biologist's deep-sea expedition surfaces a creature that should not exist. Produced by Universal (2008).
TITLE_000547,"An adrenaline-fueled film in which rival factions clash across three continents, leaving a trail of deception and betrayal. Produced by Paramount (2009)."
TITLE_000548,A taut special in which a forensic archivist realizes the cold cases stacking up on her desk share one terrifying pattern. Produced by Disney (1987).
TITLE_000549,A slow-burn special where a seemingly routine investigation peels back layers of a community's darkest secrets. Produced by Universal (1995).
TITLE_000550,A nuanced series that examines the quiet cost of ambition and the unspoken sacrifices we make for the people we love. Produced by Netflix Studios (1981).
TITLE_000551,A terrifying film following a group of strangers stranded in a remote wilderness as something ancient and patient closes in. Produced by Sony (2008).
TITLE_000552,A high-octane film about a former special forces veteran pulled back into the field for one last impossible mission. Produced by Warner Bros (2004).
TITLE_000553,A tender documentary in which two people who built walls against vulnerability slowly and reluctantly dismantle them together. Produced by Apple TV+ (2025).
TITLE_000554,A bold animated special that challenges the boundaries of the form while delivering a story full of wit and genuine emotion. Produced by Netflix Studios (2013).
TITLE_000555,A bleak yet hopeful documentary depicting a generation born on a generation ship who have never seen Earth and no longer believe in it. Produced by Warner Bros (1994).
TITLE_000556,A tender special in which two people who built walls against vulnerability slowly and reluctantly dismantle them together. Produced by Netflix Studios (1993).
TITLE_000557,An imaginative animated limited series that takes a young protagonist on a breathtaking journey through a world governed by forgotten magic. Produced by Sony (2003).
TITLE_000558,"A heartfelt special about two strangers whose lives intersect at a critical crossroads, leading to unexpected and inconvenient love. Produced by Sony (2017)."
TITLE_000559,A cerebral science fiction film about a theoretical physicist whose containment breach tears a hole in the fabric of spacetime. Produced by Warner Bros (2014).
TITLE_000560,A sharp satirical special skewering corporate culture through the eyes of the most reluctant middle manager alive. Produced by Sony (2010).
TITLE_000561,A pulse-pounding documentary where a covert operative races against time to prevent a global catastrophe. Produced by Disney (1999).
TITLE_000562,A slow-burn special where a seemingly routine investigation peels back layers of a community's darkest secrets. Produced by Paramount (1991).
TITLE_000563,A bleak yet hopeful series depicting a generation born on a generation ship who have never seen Earth and no longer believe in it. Produced by Sony (1985).
TITLE_000564,A charming special centered on a chaotic workplace where every attempt to impose order results in glorious failure. Produced by Universal (2008).
TITLE_000565,A cerebral science fiction special about a theoretical physicist whose containment breach tears a hole in the fabric of spacetime. Produced by Paramount (1986).
TITLE_000566,"A heartwarming animated film that uses the adventures of misfit characters to explore belonging, courage, and found family. Produced by Paramount (2016)."
TITLE_000567,A nuanced documentary that examines the quiet cost of ambition and the unspoken sacrifices we make for the people we love. Produced by Paramount (1998).
TITLE_000568,A pulse-pounding documentary where a covert operative races against time to prevent a global catastrophe. Produced by Warner Bros (2010).
TITLE_000569,An emotionally charged documentary about an individual's struggle to rebuild identity and purpose after an unexpected personal collapse. Produced by Sony (2004).
TITLE_000570,A visionary science fiction documentary set in a near future where artificial intelligence has fundamentally reshaped what it means to be human. Produced by Apple TV+ (2001).
TITLE_000571,A cerebral science fiction documentary about a theoretical physicist whose containment breach tears a hole in the fabric of spacetime. Produced by Disney (2016).
TITLE_000572,A slow-dread film exploring the horror of losing trust in your own perception of reality. Produced by Netflix Studios (2019).
TITLE_000573,A bold animated series that challenges the boundaries of the form while delivering a story full of wit and genuine emotion. Produced by Netflix Studios (2020).
TITLE_000574,A visionary science fiction special set in a near future where artificial intelligence has fundamentally reshaped what it means to be human. Produced by Disney (1993).
TITLE_000575,A cerebral science fiction film about a theoretical physicist whose containment breach tears a hole in the fabric of spacetime. Produced by Netflix Studios (2015).
TITLE_000576,An emotionally charged limited series about an individual's struggle to rebuild identity and purpose after an unexpected personal collapse. Produced by Sony (2013).
TITLE_000577,An emotionally charged series about an individual's struggle to rebuild identity and purpose after an unexpected personal collapse. Produced by Disney (1995).
TITLE_000578,A tender limited series in which two people who built walls against vulnerability slowly and reluctantly dismantle them together. Produced by Universal (2012).
TITLE_000579,"A heartfelt limited series about two strangers whose lives intersect at a critical crossroads, leading to unexpected and inconvenient love. Produced by Apple TV+ (1988)."
TITLE_000580,A visually stunning animated special about an unlikely band of heroes who must defend their enchanted homeland from an ancient darkness. Produced by Universal (2022).
TITLE_000581,An imaginative animated special that takes a young protagonist on a breathtaking journey through a world governed by forgotten magic. Produced by Sony (2023).
TITLE_000582,A cerebral science fiction series about a theoretical physicist whose containment breach tears a hole in the fabric of spacetime. Produced by Disney (1994).
TITLE_000583,A slow-burn documentary where a seemingly routine investigation peels back layers of a community's darkest secrets. Produced by Warner Bros (2004).
TITLE_000584,A tender yet unflinching documentary in which three strangers bound by a shared tragedy find unexpected solidarity. Produced by Paramount (2001).
TITLE_000585,A visually stunning animated special about an unlikely band of heroes who must defend their enchanted homeland from an ancient darkness. Produced by Warner Bros (1995).
TITLE_000586,"A bittersweet romantic film following star-crossed lovers whose timing always seems to be precisely, maddeningly off. Produced by Warner Bros (2018)."
TITLE_000587,A visually stunning animated limited series about an unlikely band of heroes who must defend their enchanted homeland from an ancient darkness. Produced by Netflix Studios (2010).
TITLE_000588,A bold animated series that challenges the boundaries of the form while delivering a story full of wit and genuine emotion. Produced by Universal (1991).
TITLE_000589,A chilling psychological limited series in which a family discovers their renovated home was built atop the site of something unspeakable. Produced by Netflix Studios (2005).
TITLE_000590,A slow-dread limited series exploring the horror of losing trust in your own perception of reality. Produced by Sony (1981).
TITLE_000591,A chilling psychological special in which a family discovers their renovated home was built atop the site of something unspeakable. Produced by Apple TV+ (1992).
TITLE_000592,A suspenseful special about a cybersecurity analyst who uncovers a conspiracy that reaches the highest corridors of power. Produced by Disney (2019).
TITLE_000593,A cerebral science fiction special about a theoretical physicist whose containment breach tears a hole in the fabric of spacetime. Produced by Apple TV+ (1988).
TITLE_000594,A suspenseful limited series about a cybersecurity analyst who uncovers a conspiracy that reaches the highest corridors of power. Produced by Disney (2025).
TITLE_000595,"A heartwarming animated limited series that uses the adventures of misfit characters to explore belonging, courage, and found family. Produced by Netflix Studios (2024)."
TITLE_000596,An explosive series following a disgraced soldier who must go rogue to expose corruption at the highest levels of government. Produced by Paramount (1983).
TITLE_000597,A bold animated film that challenges the boundaries of the form while delivering a story full of wit and genuine emotion. Produced by Warner Bros (2021).
TITLE_000598,"A heartwarming animated film that uses the adventures of misfit characters to explore belonging, courage, and found family. Produced by Netflix Studios (2013)."
TITLE_000599,"A heartwarming animated special that uses the adventures of misfit characters to explore belonging, courage, and found family. Produced by Disney (2014)."
TITLE_000600,"A powerful limited series exploring the fractured bonds between family members as they navigate grief, guilt, and reconciliation. Produced by Sony (1984)."
TITLE_000601,"An adrenaline-fueled documentary in which rival factions clash across three continents, leaving a trail of deception and betrayal. Produced by Universal (1981)."
TITLE_000602,A charming film centered on a chaotic workplace where every attempt to impose order results in glorious failure. Produced by Universal (2020).
TITLE_000603,A gripping psychological series where a seasoned detective discovers the prime suspect may be hiding in plain sight. Produced by Apple TV+ (1997).
TITLE_000604,A bone-chilling special where a marine biologist's deep-sea expedition surfaces a creature that should not exist. Produced by Sony (2009).
TITLE_000605,A pulse-pounding limited series where a covert operative races against time to prevent a global catastrophe. Produced by Netflix Studios (2023).
TITLE_000606,A pulse-pounding limited series where a covert operative races against time to prevent a global catastrophe. Produced by Sony (1985).
TITLE_000607,A high-octane limited series about a former special forces veteran pulled back into the field for one last impossible mission. Produced by Disney (2017).
TITLE_000608,A bleak yet hopeful documentary depicting a generation born on a generation ship who have never seen Earth and no longer believe in it. Produced by Universal (2022).
TITLE_000609,A hilarious film following a group of well-meaning misfits whose cross-country trip descends into spectacular chaos. Produced by Warner Bros (2001).
TITLE_000610,A suspenseful special about a cybersecurity analyst who uncovers a conspiracy that reaches the highest corridors of power. Produced by Warner Bros (2008).
TITLE_000611,A suspenseful special about a cybersecurity analyst who uncovers a conspiracy that reaches the highest corridors of power. Produced by Sony (2006).
TITLE_000612,A sharp satirical special skewering corporate culture through the eyes of the most reluctant middle manager alive. Produced by Universal (1993).
TITLE_000613,A tender special in which two people who built walls against vulnerability slowly and reluctantly dismantle them together. Produced by Disney (2015).
TITLE_000614,A bone-chilling special where a marine biologist's deep-sea expedition surfaces a creature that should not exist. Produced by Sony (2021).
TITLE_000615,A terrifying documentary following a group of strangers stranded in a remote wilderness as something ancient and patient closes in. Produced by Netflix Studios (1995).
TITLE_000616,A sharp satirical film skewering corporate culture through the eyes of the most reluctant middle manager alive. Produced by Sony (2010).
TITLE_000617,A chilling psychological film in which a family discovers their renovated home was built atop the site of something unspeakable. Produced by Disney (1984).
TITLE_000618,A visionary science fiction series set in a near future where artificial intelligence has fundamentally reshaped what it means to be human. Produced by Paramount (1999).
TITLE_000619,A visually stunning animated special about an unlikely band of heroes who must defend their enchanted homeland from an ancient darkness. Produced by Netflix Studios (2016).
TITLE_000620,A chilling psychological limited series in which a family discovers their renovated home was built atop the site of something unspeakable. Produced by Netflix Studios (2014).
TITLE_000621,An imaginative animated documentary that takes a young protagonist on a breathtaking journey through a world governed by forgotten magic. Produced by Sony (2007).
TITLE_000622,"A bittersweet romantic film following star-crossed lovers whose timing always seems to be precisely, maddeningly off. Produced by Disney (2016)."
TITLE_000623,"An adrenaline-fueled limited series in which rival factions clash across three continents, leaving a trail of deception and betrayal. Produced by Warner Bros (2011)."
TITLE_000624,A bleak yet hopeful documentary depicting a generation born on a generation ship who have never seen Earth and no longer believe in it. Produced by Universal (1985).
TITLE_000625,"A heartwarming animated series that uses the adventures of misfit characters to explore belonging, courage, and found family. Produced by Sony (2012)."
TITLE_000626,A visually stunning animated special about an unlikely band of heroes who must defend their enchanted homeland from an ancient darkness. Produced by Disney (2007).
TITLE_000627,A cerebral science fiction film about a theoretical physicist whose containment breach tears a hole in the fabric of spacetime. Produced by Disney (1992).
TITLE_000628,"A powerful documentary exploring the fractured bonds between family members as they navigate grief, guilt, and reconciliation. Produced by Netflix Studios (1992)."
TITLE_000629,A suspenseful series about a cybersecurity analyst who uncovers a conspiracy that reaches the highest corridors of power. Produced by Netflix Studios (1997).
TITLE_000630,"A heartfelt limited series about two strangers whose lives intersect at a critical crossroads, leading to unexpected and inconvenient love. Produced by Apple TV+ (1989)."
TITLE_000631,"A powerful film exploring the fractured bonds between family members as they navigate grief, guilt, and reconciliation. Produced by Paramount (2012)."
TITLE_000632,A witty limited series about a small-town dreamer who accidentally becomes the most controversial person in a major city. Produced by Disney (1990).
TITLE_000633,"A heartwarming animated film that uses the adventures of misfit characters to explore belonging, courage, and found family. Produced by Netflix Studios (2005)."
TITLE_000634,A visually stunning animated film about an unlikely band of heroes who must defend their enchanted homeland from an ancient darkness. Produced by Disney (2008).
TITLE_000635,An emotionally charged special about an individual's struggle to rebuild identity and purpose after an unexpected personal collapse. Produced by Warner Bros (1991).
TITLE_000636,"A powerful limited series exploring the fractured bonds between family members as they navigate grief, guilt, and reconciliation. Produced by Apple TV+ (1993)."
TITLE_000637,A charming documentary centered on a chaotic workplace where every attempt to impose order results in glorious failure. Produced by Sony (2010).
TITLE_000638,An imaginative animated limited series that takes a young protagonist on a breathtaking journey through a world governed by forgotten magic. Produced by Apple TV+ (1986).
TITLE_000639,A pulse-pounding documentary where a covert operative races against time to prevent a global catastrophe. Produced by Warner Bros (1981).
TITLE_000640,An emotionally charged series about an individual's struggle to rebuild identity and purpose after an unexpected personal collapse. Produced by Warner Bros (1983).
TITLE_000641,A gripping psychological film where a seasoned detective discovers the prime suspect may be hiding in plain sight. Produced by Universal (2018).
TITLE_000642,"An adrenaline-fueled film in which rival factions clash across three continents, leaving a trail of deception and betrayal. Produced by Universal (1982)."
TITLE_000643,A tender yet unflinching series in which three strangers bound by a shared tragedy find unexpected solidarity. Produced by Disney (2014).
TITLE_000644,A tender yet unflinching film in which three strangers bound by a shared tragedy find unexpected solidarity. Produced by Apple TV+ (1999).
TITLE_000645,A bleak yet hopeful series depicting a generation born on a generation ship who have never seen Earth and no longer believe in it. Produced by Paramount (1996).
TITLE_000646,A bleak yet hopeful series depicting a generation born on a generation ship who have never seen Earth and no longer believe in it. Produced by Disney (2003).
TITLE_000647,A slow-dread limited series exploring the horror of losing trust in your own perception of reality. Produced by Universal (1987).
TITLE_000648,"A heartwarming animated special that uses the adventures of misfit characters to explore belonging, courage, and found family. Produced by Universal (1988)."
TITLE_000649,A high-octane documentary about a former special forces veteran pulled back into the field for one last impossible mission. Produced by Sony (1987).
TITLE_000650,A bold animated documentary that challenges the boundaries of the form while delivering a story full of wit and genuine emotion. Produced by Disney (1981).
TITLE_000651,"An adrenaline-fueled series in which rival factions clash across three continents, leaving a trail of deception and betrayal. Produced by Warner Bros (2003)."
TITLE_000652,A bold animated special that challenges the boundaries of the form while delivering a story full of wit and genuine emotion. Produced by Universal (2010).
TITLE_000653,A hilarious limited series following a group of well-meaning misfits whose cross-country trip descends into spectacular chaos. Produced by Warner Bros (1994).
TITLE_000654,A witty film about a small-town dreamer who accidentally becomes the most controversial person in a major city. Produced by Paramount (2019).
TITLE_000655,A terrifying series following a group of strangers stranded in a remote wilderness as something ancient and patient closes in. Produced by Apple TV+ (1990).
TITLE_000656,A taut documentary in which a forensic archivist realizes the cold cases stacking up on her desk share one terrifying pattern. Produced by Paramount (1996).
TITLE_000657,A witty documentary about a small-town dreamer who accidentally becomes the most controversial person in a major city. Produced by Warner Bros (1990).
TITLE_000658,A charming series centered on a chaotic workplace where every attempt to impose order results in glorious failure. Produced by Apple TV+ (2007).
TITLE_000659,A pulse-pounding documentary where a covert operative races against time to prevent a global catastrophe. Produced by Paramount (2008).
TITLE_000660,A visually stunning animated film about an unlikely band of heroes who must defend their enchanted homeland from an ancient darkness. Produced by Apple TV+ (1984).
TITLE_000661,A chilling psychological film in which a family discovers their renovated home was built atop the site of something unspeakable. Produced by Sony (2010).
TITLE_000662,A bold animated limited series that challenges the boundaries of the form while delivering a story full of wit and genuine emotion. Produced by Disney (1997).
TITLE_000663,"A bittersweet romantic film following star-crossed lovers whose timing always seems to be precisely, maddeningly off. Produced by Apple TV+ (1993)."
TITLE_000664,A thought-provoking film exploring the ethical fractures that open when deep-space colonization forces humanity to redefine citizenship. Produced by Apple TV+ (1991).
TITLE_000665,"A bittersweet romantic documentary following star-crossed lovers whose timing always seems to be precisely, maddeningly off. Produced by Disney (1988)."
TITLE_000666,A visionary science fiction film set in a near future where artificial intelligence has fundamentally reshaped what it means to be human. Produced by Disney (2005).
TITLE_000667,A taut special in which a forensic archivist realizes the cold cases stacking up on her desk share one terrifying pattern. Produced by Disney (2017).
TITLE_000668,A sharp satirical film skewering corporate culture through the eyes of the most reluctant middle manager alive. Produced by Paramount (2021).
TITLE_000669,A sharp satirical special skewering corporate culture through the eyes of the most reluctant middle manager alive. Produced by Netflix Studios (2016).
TITLE_000670,A visionary science fiction special set in a near future where artificial intelligence has fundamentally reshaped what it means to be human. Produced by Disney (2002).
TITLE_000671,A high-octane limited series about a former special forces veteran pulled back into the field for one last impossible mission. Produced by Paramount (2005).
TITLE_000672,A witty film about a small-town dreamer who accidentally becomes the most controversial person in a major city. Produced by Disney (1996).
TITLE_000673,A pulse-pounding special where a covert operative races against time to prevent a global catastrophe. Produced by Universal (1988).
TITLE_000674,A cerebral science fiction special about a theoretical physicist whose containment breach tears a hole in the fabric of spacetime. Produced by Paramount (1990).
TITLE_000675,A chilling psychological documentary in which a family discovers their renovated home was built atop the site of something unspeakable. Produced by Apple TV+ (1982).
TITLE_000676,A sharp satirical special skewering corporate culture through the eyes of the most reluctant middle manager alive. Produced by Universal (1984).
TITLE_000677,A pulse-pounding series where a covert operative races against time to prevent a global catastrophe. Produced by Disney (1989).
TITLE_000678,A bleak yet hopeful documentary depicting a generation born on a generation ship who have never seen Earth and no longer believe in it. Produced by Apple TV+ (2017).
TITLE_000679,"A powerful limited series exploring the fractured bonds between family members as they navigate grief, guilt, and reconciliation. Produced by Apple TV+ (2021)."
TITLE_000680,A slow-burn special where a seemingly routine investigation peels back layers of a community's darkest secrets. Produced by Apple TV+ (2008).
TITLE_000681,"An adrenaline-fueled series in which rival factions clash across three continents, leaving a trail of deception and betrayal. Produced by Disney (2012)."
TITLE_000682,A cerebral science fiction series about a theoretical physicist whose containment breach tears a hole in the fabric of spacetime. Produced by Warner Bros (1988).
TITLE_000683,A charming special centered on a chaotic workplace where every attempt to impose order results in glorious failure. Produced by Sony (1993).
TITLE_000684,A suspenseful special about a cybersecurity analyst who uncovers a conspiracy that reaches the highest corridors of power. Produced by Warner Bros (1997).
TITLE_000685,A bold animated special that challenges the boundaries of the form while delivering a story full of wit and genuine emotion. Produced by Netflix Studios (1980).
TITLE_000686,A tender series in which two people who built walls against vulnerability slowly and reluctantly dismantle them together. Produced by Warner Bros (2021).
TITLE_000687,A cerebral science fiction special about a theoretical physicist whose containment breach tears a hole in the fabric of spacetime. Produced by Sony (2016).
TITLE_000688,A taut special in which a forensic archivist realizes the cold cases stacking up on her desk share one terrifying pattern. Produced by Universal (1992).
TITLE_000689,A bold animated special that challenges the boundaries of the form while delivering a story full of wit and genuine emotion. Produced by Apple TV+ (1998).
TITLE_000690,A gripping psychological documentary where a seasoned detective discovers the prime suspect may be hiding in plain sight. Produced by Sony (1998).
TITLE_000691,"A bittersweet romantic series following star-crossed lovers whose timing always seems to be precisely, maddeningly off. Produced by Universal (2020)."
TITLE_000692,"A heartwarming animated film that uses the adventures of misfit characters to explore belonging, courage, and found family. Produced by Universal (2017)."
TITLE_000693,A visually stunning animated film about an unlikely band of heroes who must defend their enchanted homeland from an ancient darkness. Produced by Sony (2022).
TITLE_000694,A high-octane documentary about a former special forces veteran pulled back into the field for one last impossible mission. Produced by Warner Bros (2011).
TITLE_000695,A sharp satirical limited series skewering corporate culture through the eyes of the most reluctant middle manager alive. Produced by Apple TV+ (2000).
TITLE_000696,An imaginative animated documentary that takes a young protagonist on a breathtaking journey through a world governed by forgotten magic. Produced by Warner Bros (2000).
TITLE_000697,A tender yet unflinching series in which three strangers bound by a shared tragedy find unexpected solidarity. Produced by Disney (2012).
TITLE_000698,"An adrenaline-fueled limited series in which rival factions clash across three continents, leaving a trail of deception and betrayal. Produced by Disney (1980)."
TITLE_000699,A suspenseful documentary about a cybersecurity analyst who uncovers a conspiracy that reaches the highest corridors of power. Produced by Disney (2016).
TITLE_000700,A bone-chilling film where a marine biologist's deep-sea expedition surfaces a creature that should not exist. Produced by Universal (1981).
TITLE_000701,A suspenseful film about a cybersecurity analyst who uncovers a conspiracy that reaches the highest corridors of power. Produced by Disney (1986).
TITLE_000702,A tender yet unflinching limited series in which three strangers bound by a shared tragedy find unexpected solidarity. Produced by Netflix Studios (1986).
TITLE_000703,"A sweeping romance spanning three decades, exploring how first love quietly shapes every significant decision that follows. Produced by Sony (2007)."
TITLE_000704,A bold animated special that challenges the boundaries of the form while delivering a story full of wit and genuine emotion. Produced by Disney (2014).
TITLE_000705,"A powerful limited series exploring the fractured bonds between family members as they navigate grief, guilt, and reconciliation. Produced by Sony (1988)."
TITLE_000706,A visually stunning animated special about an unlikely band of heroes who must defend their enchanted homeland from an ancient darkness. Produced by Paramount (2020).
TITLE_000707,A terrifying limited series following a group of strangers stranded in a remote wilderness as something ancient and patient closes in. Produced by Apple TV+ (1980).
TITLE_000708,A gripping psychological film where a seasoned detective discovers the prime suspect may be hiding in plain sight. Produced by Warner Bros (1996).
TITLE_000709,A cerebral science fiction documentary about a theoretical physicist whose containment breach tears a hole in the fabric of spacetime. Produced by Netflix Studios (2002).
TITLE_000710,A suspenseful documentary about a cybersecurity analyst who uncovers a conspiracy that reaches the highest corridors of power. Produced by Warner Bros (1986).
TITLE_000711,A slow-burn special where a seemingly routine investigation peels back layers of a community's darkest secrets. Produced by Disney (2012).
TITLE_000712,A slow-burn documentary where a seemingly routine investigation peels back layers of a community's darkest secrets. Produced by Universal (1981).
TITLE_000713,A slow-dread film exploring the horror of losing trust in your own perception of reality. Produced by Disney (2008).
TITLE_000714,A charming documentary centered on a chaotic workplace where every attempt to impose order results in glorious failure. Produced by Warner Bros (1990).
TITLE_000715,A taut limited series in which a forensic archivist realizes the cold cases stacking up on her desk share one terrifying pattern. Produced by Universal (1988).
TITLE_000716,A bone-chilling limited series where a marine biologist's deep-sea expedition surfaces a creature that should not exist. Produced by Netflix Studios (2002).
TITLE_000717,A gripping psychological series where a seasoned detective discovers the prime suspect may be hiding in plain sight. Produced by Paramount (2023).
TITLE_000718,An imaginative animated documentary that takes a young protagonist on a breathtaking journey through a world governed by forgotten magic. Produced by Warner Bros (2009).
TITLE_000719,A slow-dread documentary exploring the horror of losing trust in your own perception of reality. Produced by Sony (2024).
TITLE_000720,A bold animated limited series that challenges the boundaries of the form while delivering a story full of wit and genuine emotion. Produced by Paramount (2017).
TITLE_000721,A taut documentary in which a forensic archivist realizes the cold cases stacking up on her desk share one terrifying pattern. Produced by Disney (2012).
TITLE_000722,A terrifying series following a group of strangers stranded in a remote wilderness as something ancient and patient closes in. Produced by Sony (1982).
TITLE_000723,A suspenseful film about a cybersecurity analyst who uncovers a conspiracy that reaches the highest corridors of power. Produced by Paramount (1997).
TITLE_000724,"An adrenaline-fueled series in which rival factions clash across three continents, leaving a trail of deception and betrayal. Produced by Universal (1980)."
TITLE_000725,An emotionally charged special about an individual's struggle to rebuild identity and purpose after an unexpected personal collapse. Produced by Disney (2003).
TITLE_000726,A thought-provoking series exploring the ethical fractures that open when deep-space colonization forces humanity to redefine citizenship. Produced by Universal (1991).
TITLE_000727,An imaginative animated limited series that takes a young protagonist on a breathtaking journey through a world governed by forgotten magic. Produced by Universal (1999).
TITLE_000728,A cerebral science fiction film about a theoretical physicist whose containment breach tears a hole in the fabric of spacetime. Produced by Disney (1984).
TITLE_000729,An imaginative animated documentary that takes a young protagonist on a breathtaking journey through a world governed by forgotten magic. Produced by Universal (2003).
TITLE_000730,A terrifying series following a group of strangers stranded in a remote wilderness as something ancient and patient closes in. Produced by Disney (1995).
TITLE_000731,A terrifying documentary following a group of strangers stranded in a remote wilderness as something ancient and patient closes in. Produced by Disney (1987).
TITLE_000732,A sharp satirical special skewering corporate culture through the eyes of the most reluctant middle manager alive. Produced by Disney (2009).
TITLE_000733,An explosive documentary following a disgraced soldier who must go rogue to expose corruption at the highest levels of government. Produced by Paramount (1980).
TITLE_000734,A bone-chilling series where a marine biologist's deep-sea expedition surfaces a creature that should not exist. Produced by Universal (1997).
TITLE_000735,"A sweeping romance spanning three decades, exploring how first love quietly shapes every significant decision that follows. Produced by Sony (2009)."
TITLE_000736,A thought-provoking film exploring the ethical fractures that open when deep-space colonization forces humanity to redefine citizenship. Produced by Disney (2011).
TITLE_000737,A nuanced special that examines the quiet cost of ambition and the unspoken sacrifices we make for the people we love. Produced by Universal (2006).
TITLE_000738,A terrifying series following a group of strangers stranded in a remote wilderness as something ancient and patient closes in. Produced by Warner Bros (1981).
TITLE_000739,A chilling psychological series in which a family discovers their renovated home was built atop the site of something unspeakable. Produced by Disney (2017).
TITLE_000740,An emotionally charged documentary about an individual's struggle to rebuild identity and purpose after an unexpected personal collapse. Produced by Disney (2009).
TITLE_000741,A visually stunning animated special about an unlikely band of heroes who must defend their enchanted homeland from an ancient darkness. Produced by Universal (2016).
TITLE_000742,A bold animated documentary that challenges the boundaries of the form while delivering a story full of wit and genuine emotion. Produced by Warner Bros (2002).
TITLE_000743,A sharp satirical documentary skewering corporate culture through the eyes of the most reluctant middle manager alive. Produced by Paramount (2012).
TITLE_000744,A slow-burn series where a seemingly routine investigation peels back layers of a community's darkest secrets. Produced by Paramount (1981).
TITLE_000745,A thought-provoking series exploring the ethical fractures that open when deep-space colonization forces humanity to redefine citizenship. Produced by Universal (2008).
TITLE_000746,A gripping psychological film where a seasoned detective discovers the prime suspect may be hiding in plain sight. Produced by Universal (2020).
TITLE_000747,A cerebral science fiction documentary about a theoretical physicist whose containment breach tears a hole in the fabric of spacetime. Produced by Paramount (2008).
TITLE_000748,A pulse-pounding series where a covert operative races against time to prevent a global catastrophe. Produced by Apple TV+ (2002).
TITLE_000749,An imaginative animated special that takes a young protagonist on a breathtaking journey through a world governed by forgotten magic. Produced by Sony (2004).
TITLE_000750,A tender yet unflinching special in which three strangers bound by a shared tragedy find unexpected solidarity. Produced by Netflix Studios (1983).
TITLE_000751,A thought-provoking documentary exploring the ethical fractures that open when deep-space colonization forces humanity to redefine citizenship. Produced by Universal (2025).
TITLE_000752,A slow-dread series exploring the horror of losing trust in your own perception of reality. Produced by Disney (1998).
TITLE_000753,A suspenseful limited series about a cybersecurity analyst who uncovers a conspiracy that reaches the highest corridors of power. Produced by Paramount (1994).
TITLE_000754,A thought-provoking series exploring the ethical fractures that open when deep-space colonization forces humanity to redefine citizenship. Produced by Warner Bros (2008).
TITLE_000755,A pulse-pounding limited series where a covert operative races against time to prevent a global catastrophe. Produced by Warner Bros (2001).
TITLE_000756,A gripping psychological documentary where a seasoned detective discovers the prime suspect may be hiding in plain sight. Produced by Universal (2011).
TITLE_000757,A tender yet unflinching limited series in which three strangers bound by a shared tragedy find unexpected solidarity. Produced by Warner Bros (1987).
TITLE_000758,A sharp satirical film skewering corporate culture through the eyes of the most reluctant middle manager alive. Produced by Sony (1983).
TITLE_000759,A hilarious documentary following a group of well-meaning misfits whose cross-country trip descends into spectacular chaos. Produced by Universal (1985).
TITLE_000760,A visually stunning animated documentary about an unlikely band of heroes who must defend their enchanted homeland from an ancient darkness. Produced by Disney (2002).
TITLE_000761,An explosive limited series following a disgraced soldier who must go rogue to expose corruption at the highest levels of government. Produced by Sony (2019).
TITLE_000762,A slow-dread series exploring the horror of losing trust in your own perception of reality. Produced by Universal (2019).
TITLE_000763,A chilling psychological film in which a family discovers their renovated home was built atop the site of something unspeakable. Produced by Warner Bros (2012).
TITLE_000764,A sharp satirical series skewering corporate culture through the eyes of the most reluctant middle manager alive. Produced by Disney (1991).
TITLE_000765,A bold animated special that challenges the boundaries of the form while delivering a story full of wit and genuine emotion. Produced by Paramount (2002).
TITLE_000766,"A heartwarming animated series that uses the adventures of misfit characters to explore belonging, courage, and found family. Produced by Netflix Studios (2023)."
TITLE_000767,A tender yet unflinching film in which three strangers bound by a shared tragedy find unexpected solidarity. Produced by Netflix Studios (2020).
TITLE_000768,"An adrenaline-fueled film in which rival factions clash across three continents, leaving a trail of deception and betrayal. Produced by Disney (2011)."
TITLE_000769,"A heartfelt limited series about two strangers whose lives intersect at a critical crossroads, leading to unexpected and inconvenient love. Produced by Netflix Studios (2011)."
TITLE_000770,A thought-provoking film exploring the ethical fractures that open when deep-space colonization forces humanity to redefine citizenship. Produced by Universal (2017).
TITLE_000771,A slow-burn series where a seemingly routine investigation peels back layers of a community's darkest secrets. Produced by Disney (2001).
TITLE_000772,A chilling psychological documentary in which a family discovers their renovated home was built atop the site of something unspeakable. Produced by Sony (2023).
TITLE_000773,A suspenseful limited series about a cybersecurity analyst who uncovers a conspiracy that reaches the highest corridors of power. Produced by Netflix Studios (1986).
TITLE_000774,A cerebral science fiction film about a theoretical physicist whose containment breach tears a hole in the fabric of spacetime. Produced by Netflix Studios (1981).
TITLE_000775,A thought-provoking film exploring the ethical fractures that open when deep-space colonization forces humanity to redefine citizenship. Produced by Apple TV+ (1988).
TITLE_000776,A suspenseful film about a cybersecurity analyst who uncovers a conspiracy that reaches the highest corridors of power. Produced by Apple TV+ (1983).
TITLE_000777,A tender yet unflinching special in which three strangers bound by a shared tragedy find unexpected solidarity. Produced by Disney (2002).
TITLE_000778,A gripping psychological limited series where a seasoned detective discovers the prime suspect may be hiding in plain sight. Produced by Disney (2017).
TITLE_000779,An explosive documentary following a disgraced soldier who must go rogue to expose corruption at the highest levels of government. Produced by Disney (2003).
TITLE_000780,A terrifying special following a group of strangers stranded in a remote wilderness as something ancient and patient closes in. Produced by Universal (2007).
TITLE_000781,"A powerful film exploring the fractured bonds between family members as they navigate grief, guilt, and reconciliation. Produced by Apple TV+ (2023)."
TITLE_000782,"A heartwarming animated series that uses the adventures of misfit characters to explore belonging, courage, and found family. Produced by Disney (2011)."
TITLE_000783,A gripping psychological limited series where a seasoned detective discovers the prime suspect may be hiding in plain sight. Produced by Netflix Studios (2008).
TITLE_000784,A witty film about a small-town dreamer who accidentally becomes the most controversial person in a major city. Produced by Universal (2014).
TITLE_000785,A thought-provoking series exploring the ethical fractures that open when deep-space colonization forces humanity to redefine citizenship. Produced by Paramount (1980).
TITLE_000786,A bone-chilling series where a marine biologist's deep-sea expedition surfaces a creature that should not exist. Produced by Apple TV+ (2009).
TITLE_000787,"A heartfelt documentary about two strangers whose lives intersect at a critical crossroads, leading to unexpected and inconvenient love. Produced by Sony (2003)."
TITLE_000788,A sharp satirical limited series skewering corporate culture through the eyes of the most reluctant middle manager alive. Produced by Paramount (2014).
TITLE_000789,A visually stunning animated limited series about an unlikely band of heroes who must defend their enchanted homeland from an ancient darkness. Produced by Paramount (2009).
TITLE_000790,"A heartfelt documentary about two strangers whose lives intersect at a critical crossroads, leading to unexpected and inconvenient love. Produced by Sony (1996)."
TITLE_000791,An explosive documentary following a disgraced soldier who must go rogue to expose corruption at the highest levels of government. Produced by Sony (2015).
TITLE_000792,A tender limited series in which two people who built walls against vulnerability slowly and reluctantly dismantle them together. Produced by Disney (1985).
TITLE_000793,A bold animated series that challenges the boundaries of the form while delivering a story full of wit and genuine emotion. Produced by Disney (1994).
TITLE_000794,A slow-dread documentary exploring the horror of losing trust in your own perception of reality. Produced by Sony (2024).
TITLE_000795,A witty film about a small-town dreamer who accidentally becomes the most controversial person in a major city. Produced by Paramount (1987).
TITLE_000796,A sharp satirical documentary skewering corporate culture through the eyes of the most reluctant middle manager alive. Produced by Universal (2009).
TITLE_000797,A cerebral science fiction documentary about a theoretical physicist whose containment breach tears a hole in the fabric of spacetime. Produced by Universal (2022).
TITLE_000798,A visually stunning animated special about an unlikely band of heroes who must defend their enchanted homeland from an ancient darkness. Produced by Disney (2002).
TITLE_000799,A terrifying film following a group of strangers stranded in a remote wilderness as something ancient and patient closes in. Produced by Warner Bros (1986).
TITLE_000800,A gripping psychological limited series where a seasoned detective discovers the prime suspect may be hiding in plain sight. Produced by Apple TV+ (1996).
TITLE_000801,A tender yet unflinching special in which three strangers bound by a shared tragedy find unexpected solidarity. Produced by Sony (2014).
TITLE_000802,A sharp satirical limited series skewering corporate culture through the eyes of the most reluctant middle manager alive. Produced by Warner Bros (1998).
TITLE_000803,A bold animated special that challenges the boundaries of the form while delivering a story full of wit and genuine emotion. Produced by Disney (2010).
TITLE_000804,An explosive limited series following a disgraced soldier who must go rogue to expose corruption at the highest levels of government. Produced by Netflix Studios (2000).
TITLE_000805,A charming documentary centered on a chaotic workplace where every attempt to impose order results in glorious failure. Produced by Disney (1987).
TITLE_000806,A pulse-pounding series where a covert operative races against time to prevent a global catastrophe. Produced by Apple TV+ (1996).
TITLE_000807,A pulse-pounding special where a covert operative races against time to prevent a global catastrophe. Produced by Warner Bros (1986).
TITLE_000808,A suspenseful limited series about a cybersecurity analyst who uncovers a conspiracy that reaches the highest corridors of power. Produced by Disney (1982).
TITLE_000809,An explosive limited series following a disgraced soldier who must go rogue to expose corruption at the highest levels of government. Produced by Sony (2010).
TITLE_000810,An emotionally charged series about an individual's struggle to rebuild identity and purpose after an unexpected personal collapse. Produced by Paramount (2022).
TITLE_000811,A tender yet unflinching film in which three strangers bound by a shared tragedy find unexpected solidarity. Produced by Universal (2000).
TITLE_000812,A tender documentary in which two people who built walls against vulnerability slowly and reluctantly dismantle them together. Produced by Disney (2023).
TITLE_000813,A tender yet unflinching documentary in which three strangers bound by a shared tragedy find unexpected solidarity. Produced by Warner Bros (2024).
TITLE_000814,"A bittersweet romantic film following star-crossed lovers whose timing always seems to be precisely, maddeningly off. Produced by Disney (2024)."
TITLE_000815,A pulse-pounding limited series where a covert operative races against time to prevent a global catastrophe. Produced by Paramount (2004).
TITLE_000816,A high-octane limited series about a former special forces veteran pulled back into the field for one last impossible mission. Produced by Disney (2006).
TITLE_000817,A witty film about a small-town dreamer who accidentally becomes the most controversial person in a major city. Produced by Sony (1988).
TITLE_000818,A nuanced series that examines the quiet cost of ambition and the unspoken sacrifices we make for the people we love. Produced by Warner Bros (1986).
TITLE_000819,A thought-provoking limited series exploring the ethical fractures that open when deep-space colonization forces humanity to redefine citizenship. Produced by Disney (2016).
TITLE_000820,A charming film centered on a chaotic workplace where every attempt to impose order results in glorious failure. Produced by Apple TV+ (1986).
TITLE_000821,A bleak yet hopeful film depicting a generation born on a generation ship who have never seen Earth and no longer believe in it. Produced by Disney (2000).
TITLE_000822,"A powerful limited series exploring the fractured bonds between family members as they navigate grief, guilt, and reconciliation. Produced by Netflix Studios (2008)."
TITLE_000823,A slow-dread limited series exploring the horror of losing trust in your own perception of reality. Produced by Disney (2000).
TITLE_000824,An emotionally charged documentary about an individual's struggle to rebuild identity and purpose after an unexpected personal collapse. Produced by Paramount (2008).
TITLE_000825,A terrifying series following a group of strangers stranded in a remote wilderness as something ancient and patient closes in. Produced by Disney (2011).
TITLE_000826,A thought-provoking series exploring the ethical fractures that open when deep-space colonization forces humanity to redefine citizenship. Produced by Apple TV+ (2002).
TITLE_000827,A bleak yet hopeful film depicting a generation born on a generation ship who have never seen Earth and no longer believe in it. Produced by Netflix Studios (1994).
TITLE_000828,A bleak yet hopeful film depicting a generation born on a generation ship who have never seen Earth and no longer believe in it. Produced by Sony (2001).
TITLE_000829,A terrifying documentary following a group of strangers stranded in a remote wilderness as something ancient and patient closes in. Produced by Apple TV+ (2003).
TITLE_000830,A terrifying documentary following a group of strangers stranded in a remote wilderness as something ancient and patient closes in. Produced by Disney (1983).
TITLE_000831,A bone-chilling documentary where a marine biologist's deep-sea expedition surfaces a creature that should not exist. Produced by Netflix Studios (1981).
TITLE_000832,A gripping psychological film where a seasoned detective discovers the prime suspect may be hiding in plain sight. Produced by Paramount (2009).
TITLE_000833,"A heartfelt limited series about two strangers whose lives intersect at a critical crossroads, leading to unexpected and inconvenient love. Produced by Netflix Studios (1981)."
TITLE_000834,A sharp satirical series skewering corporate culture through the eyes of the most reluctant middle manager alive. Produced by Disney (1986).
TITLE_000835,A suspenseful film about a cybersecurity analyst who uncovers a conspiracy that reaches the highest corridors of power. Produced by Disney (2010).
TITLE_000836,A gripping psychological series where a seasoned detective discovers the prime suspect may be hiding in plain sight. Produced by Paramount (2012).
TITLE_000837,A visually stunning animated limited series about an unlikely band of heroes who must defend their enchanted homeland from an ancient darkness. Produced by Universal (2017).
TITLE_000838,A chilling psychological series in which a family discovers their renovated home was built atop the site of something unspeakable. Produced by Netflix Studios (1989).
TITLE_000839,A thought-provoking limited series exploring the ethical fractures that open when deep-space colonization forces humanity to redefine citizenship. Produced by Warner Bros (2015).
TITLE_000840,A tender film in which two people who built walls against vulnerability slowly and reluctantly dismantle them together. Produced by Netflix Studios (2001).
TITLE_000841,A chilling psychological series in which a family discovers their renovated home was built atop the site of something unspeakable. Produced by Paramount (1992).
TITLE_000842,A hilarious limited series following a group of well-meaning misfits whose cross-country trip descends into spectacular chaos. Produced by Apple TV+ (1980).
TITLE_000843,A bone-chilling film where a marine biologist's deep-sea expedition surfaces a creature that should not exist. Produced by Netflix Studios (2004).
TITLE_000844,A suspenseful documentary about a cybersecurity analyst who uncovers a conspiracy that reaches the highest corridors of power. Produced by Apple TV+ (1990).
TITLE_000845,A slow-dread special exploring the horror of losing trust in your own perception of reality. Produced by Apple TV+ (1994).
TITLE_000846,A chilling psychological series in which a family discovers their renovated home was built atop the site of something unspeakable. Produced by Warner Bros (1988).
TITLE_000847,"A heartfelt film about two strangers whose lives intersect at a critical crossroads, leading to unexpected and inconvenient love. Produced by Warner Bros (2012)."
TITLE_000848,A bold animated documentary that challenges the boundaries of the form while delivering a story full of wit and genuine emotion. Produced by Warner Bros (2020).
TITLE_000849,A visionary science fiction limited series set in a near future where artificial intelligence has fundamentally reshaped what it means to be human. Produced by Netflix Studios (2018).
TITLE_000850,An emotionally charged documentary about an individual's struggle to rebuild identity and purpose after an unexpected personal collapse. Produced by Warner Bros (2009).
TITLE_000851,A gripping psychological documentary where a seasoned detective discovers the prime suspect may be hiding in plain sight. Produced by Warner Bros (1993).
TITLE_000852,"A heartwarming animated documentary that uses the adventures of misfit characters to explore belonging, courage, and found family. Produced by Disney (2010)."
TITLE_000853,A slow-dread limited series exploring the horror of losing trust in your own perception of reality. Produced by Sony (2001).
TITLE_000854,"A sweeping romance spanning three decades, exploring how first love quietly shapes every significant decision that follows. Produced by Universal (1987)."
TITLE_000855,A suspenseful film about a cybersecurity analyst who uncovers a conspiracy that reaches the highest corridors of power. Produced by Netflix Studios (2000).
TITLE_000856,"An adrenaline-fueled limited series in which rival factions clash across three continents, leaving a trail of deception and betrayal. Produced by Warner Bros (2022)."
TITLE_000857,A thought-provoking special exploring the ethical fractures that open when deep-space colonization forces humanity to redefine citizenship. Produced by Netflix Studios (2003).
TITLE_000858,"A heartfelt special about two strangers whose lives intersect at a critical crossroads, leading to unexpected and inconvenient love. Produced by Warner Bros (2015)."
TITLE_000859,"A heartwarming animated film that uses the adventures of misfit characters to explore belonging, courage, and found family. Produced by Sony (2009)."
TITLE_000860,A cerebral science fiction film about a theoretical physicist whose containment breach tears a hole in the fabric of spacetime. Produced by Disney (2010).
TITLE_000861,"A heartfelt limited series about two strangers whose lives intersect at a critical crossroads, leading to unexpected and inconvenient love. Produced by Paramount (2001)."
TITLE_000862,An emotionally charged series about an individual's struggle to rebuild identity and purpose after an unexpected personal collapse. Produced by Universal (2020).
TITLE_000863,A slow-dread series exploring the horror of losing trust in your own perception of reality. Produced by Paramount (2013).
TITLE_000864,A chilling psychological special in which a family discovers their renovated home was built atop the site of something unspeakable. Produced by Sony (2013).
TITLE_000865,A nuanced documentary that examines the quiet cost of ambition and the unspoken sacrifices we make for the people we love. Produced by Warner Bros (1996).
TITLE_000866,An explosive documentary following a disgraced soldier who must go rogue to expose corruption at the highest levels of government. Produced by Netflix Studios (2024).
TITLE_000867,"A sweeping romance spanning three decades, exploring how first love quietly shapes every significant decision that follows. Produced by Disney (2009)."
TITLE_000868,A chilling psychological series in which a family discovers their renovated home was built atop the site of something unspeakable. Produced by Apple TV+ (2018).
TITLE_000869,A nuanced special that examines the quiet cost of ambition and the unspoken sacrifices we make for the people we love. Produced by Paramount (1985).
TITLE_000870,A thought-provoking series exploring the ethical fractures that open when deep-space colonization forces humanity to redefine citizenship. Produced by Sony (2003).
TITLE_000871,An imaginative animated documentary that takes a young protagonist on a breathtaking journey through a world governed by forgotten magic. Produced by Warner Bros (2000).
TITLE_000872,A charming limited series centered on a chaotic workplace where every attempt to impose order results in glorious failure. Produced by Universal (1980).
TITLE_000873,"A heartwarming animated special that uses the adventures of misfit characters to explore belonging, courage, and found family. Produced by Paramount (1993)."
TITLE_000874,A cerebral science fiction film about a theoretical physicist whose containment breach tears a hole in the fabric of spacetime. Produced by Disney (2001).
TITLE_000875,A hilarious documentary following a group of well-meaning misfits whose cross-country trip descends into spectacular chaos. Produced by Sony (1998).
TITLE_000876,A bold animated film that challenges the boundaries of the form while delivering a story full of wit and genuine emotion. Produced by Universal (2020).
TITLE_000877,A charming series centered on a chaotic workplace where every attempt to impose order results in glorious failure. Produced by Universal (2006).
TITLE_000878,A bone-chilling series where a marine biologist's deep-sea expedition surfaces a creature that should not exist. Produced by Apple TV+ (1982).
TITLE_000879,A bone-chilling limited series where a marine biologist's deep-sea expedition surfaces a creature that should not exist. Produced by Sony (2005).
TITLE_000880,A nuanced film that examines the quiet cost of ambition and the unspoken sacrifices we make for the people we love. Produced by Sony (1997).
TITLE_000881,A high-octane documentary about a former special forces veteran pulled back into the field for one last impossible mission. Produced by Disney (2017).
TITLE_000882,A charming limited series centered on a chaotic workplace where every attempt to impose order results in glorious failure. Produced by Universal (2006).
TITLE_000883,A tender limited series in which two people who built walls against vulnerability slowly and reluctantly dismantle them together. Produced by Sony (2008).
TITLE_000884,An emotionally charged limited series about an individual's struggle to rebuild identity and purpose after an unexpected personal collapse. Produced by Sony (1987).
TITLE_000885,A cerebral science fiction series about a theoretical physicist whose containment breach tears a hole in the fabric of spacetime. Produced by Sony (2021).
TITLE_000886,A chilling psychological series in which a family discovers their renovated home was built atop the site of something unspeakable. Produced by Disney (1992).
TITLE_000887,A terrifying film following a group of strangers stranded in a remote wilderness as something ancient and patient closes in. Produced by Sony (1989).
TITLE_000888,An imaginative animated film that takes a young protagonist on a breathtaking journey through a world governed by forgotten magic. Produced by Sony (1980).
TITLE_000889,A visionary science fiction film set in a near future where artificial intelligence has fundamentally reshaped what it means to be human. Produced by Paramount (2020).
TITLE_000890,An imaginative animated limited series that takes a young protagonist on a breathtaking journey through a world governed by forgotten magic. Produced by Sony (1984).
TITLE_000891,A terrifying limited series following a group of strangers stranded in a remote wilderness as something ancient and patient closes in. Produced by Universal (2014).
TITLE_000892,"A heartfelt film about two strangers whose lives intersect at a critical crossroads, leading to unexpected and inconvenient love. Produced by Paramount (2003)."
TITLE_000893,An explosive series following a disgraced soldier who must go rogue to expose corruption at the highest levels of government. Produced by Universal (1992).
TITLE_000894,A chilling psychological film in which a family discovers their renovated home was built atop the site of something unspeakable. Produced by Disney (2023).
TITLE_000895,A bone-chilling film where a marine biologist's deep-sea expedition surfaces a creature that should not exist. Produced by Netflix Studios (2006).
TITLE_000896,"A heartfelt documentary about two strangers whose lives intersect at a critical crossroads, leading to unexpected and inconvenient love. Produced by Netflix Studios (2012)."
TITLE_000897,"A bittersweet romantic series following star-crossed lovers whose timing always seems to be precisely, maddeningly off. Produced by Netflix Studios (2024)."
TITLE_000898,An imaginative animated documentary that takes a young protagonist on a breathtaking journey through a world governed by forgotten magic. Produced by Paramount (1996).
TITLE_000899,A terrifying special following a group of strangers stranded in a remote wilderness as something ancient and patient closes in. Produced by Paramount (2017).
TITLE_000900,"A sweeping romance spanning three decades, exploring how first love quietly shapes every significant decision that follows. Produced by Disney (1987)."
TITLE_000901,A chilling psychological documentary in which a family discovers their renovated home was built atop the site of something unspeakable. Produced by Netflix Studios (1990).
TITLE_000902,A charming series centered on a chaotic workplace where every attempt to impose order results in glorious failure. Produced by Disney (2006).
TITLE_000903,An emotionally charged special about an individual's struggle to rebuild identity and purpose after an unexpected personal collapse. Produced by Netflix Studios (2000).
TITLE_000904,A bold animated film that challenges the boundaries of the form while delivering a story full of wit and genuine emotion. Produced by Apple TV+ (1996).
TITLE_000905,A bleak yet hopeful special depicting a generation born on a generation ship who have never seen Earth and no longer believe in it. Produced by Universal (2003).
TITLE_000906,A cerebral science fiction special about a theoretical physicist whose containment breach tears a hole in the fabric of spacetime. Produced by Sony (1981).
TITLE_000907,A chilling psychological film in which a family discovers their renovated home was built atop the site of something unspeakable. Produced by Universal (1986).
TITLE_000908,A hilarious limited series following a group of well-meaning misfits whose cross-country trip descends into spectacular chaos. Produced by Warner Bros (2024).
TITLE_000909,A suspenseful film about a cybersecurity analyst who uncovers a conspiracy that reaches the highest corridors of power. Produced by Disney (1988).
TITLE_000910,A pulse-pounding documentary where a covert operative races against time to prevent a global catastrophe. Produced by Paramount (2004).
TITLE_000911,A slow-burn special where a seemingly routine investigation peels back layers of a community's darkest secrets. Produced by Warner Bros (2003).
TITLE_000912,A gripping psychological special where a seasoned detective discovers the prime suspect may be hiding in plain sight. Produced by Paramount (2000).
TITLE_000913,"A sweeping romance spanning three decades, exploring how first love quietly shapes every significant decision that follows. Produced by Netflix Studios (2021)."
TITLE_000914,"A heartfelt documentary about two strangers whose lives intersect at a critical crossroads, leading to unexpected and inconvenient love. Produced by Warner Bros (1996)."
TITLE_000915,A visually stunning animated documentary about an unlikely band of heroes who must defend their enchanted homeland from an ancient darkness. Produced by Sony (2013).
TITLE_000916,"A heartfelt documentary about two strangers whose lives intersect at a critical crossroads, leading to unexpected and inconvenient love. Produced by Disney (2021)."
TITLE_000917,A chilling psychological series in which a family discovers their renovated home was built atop the site of something unspeakable. Produced by Disney (2004).
TITLE_000918,A tender series in which two people who built walls against vulnerability slowly and reluctantly dismantle them together. Produced by Apple TV+ (2023).
TITLE_000919,A taut series in which a forensic archivist realizes the cold cases stacking up on her desk share one terrifying pattern. Produced by Warner Bros (1991).
TITLE_000920,"A sweeping romance spanning three decades, exploring how first love quietly shapes every significant decision that follows. Produced by Apple TV+ (2003)."
TITLE_000921,A bleak yet hopeful limited series depicting a generation born on a generation ship who have never seen Earth and no longer believe in it. Produced by Warner Bros (1994).
TITLE_000922,"A sweeping romance spanning three decades, exploring how first love quietly shapes every significant decision that follows. Produced by Warner Bros (2022)."
TITLE_000923,A suspenseful limited series about a cybersecurity analyst who uncovers a conspiracy that reaches the highest corridors of power. Produced by Netflix Studios (2016).
TITLE_000924,A thought-provoking film exploring the ethical fractures that open when deep-space colonization forces humanity to redefine citizenship. Produced by Universal (2014).
TITLE_000925,A charming documentary centered on a chaotic workplace where every attempt to impose order results in glorious failure. Produced by Apple TV+ (2012).
TITLE_000926,A high-octane film about a former special forces veteran pulled back into the field for one last impossible mission. Produced by Universal (1997).
TITLE_000927,An explosive series following a disgraced soldier who must go rogue to expose corruption at the highest levels of government. Produced by Disney (2022).
TITLE_000928,An emotionally charged documentary about an individual's struggle to rebuild identity and purpose after an unexpected personal collapse. Produced by Sony (2000).
TITLE_000929,An emotionally charged series about an individual's struggle to rebuild identity and purpose after an unexpected personal collapse. Produced by Apple TV+ (1996).
TITLE_000930,A bold animated limited series that challenges the boundaries of the form while delivering a story full of wit and genuine emotion. Produced by Warner Bros (1986).
TITLE_000931,"A bittersweet romantic special following star-crossed lovers whose timing always seems to be precisely, maddeningly off. Produced by Netflix Studios (2024)."
TITLE_000932,A high-octane special about a former special forces veteran pulled back into the field for one last impossible mission. Produced by Warner Bros (1994).
TITLE_000933,A visually stunning animated film about an unlikely band of heroes who must defend their enchanted homeland from an ancient darkness. Produced by Paramount (2008).
TITLE_000934,A suspenseful documentary about a cybersecurity analyst who uncovers a conspiracy that reaches the highest corridors of power. Produced by Netflix Studios (1994).
TITLE_000935,A visionary science fiction documentary set in a near future where artificial intelligence has fundamentally reshaped what it means to be human. Produced by Disney (1986).
TITLE_000936,A slow-burn series where a seemingly routine investigation peels back layers of a community's darkest secrets. Produced by Warner Bros (2014).
TITLE_000937,A witty documentary about a small-town dreamer who accidentally becomes the most controversial person in a major city. Produced by Netflix Studios (2001).
TITLE_000938,A bone-chilling special where a marine biologist's deep-sea expedition surfaces a creature that should not exist. Produced by Universal (2006).
TITLE_000939,A bleak yet hopeful limited series depicting a generation born on a generation ship who have never seen Earth and no longer believe in it. Produced by Disney (2005).
TITLE_000940,A suspenseful special about a cybersecurity analyst who uncovers a conspiracy that reaches the highest corridors of power. Produced by Universal (2014).
TITLE_000941,A thought-provoking film exploring the ethical fractures that open when deep-space colonization forces humanity to redefine citizenship. Produced by Warner Bros (1986).
TITLE_000942,A slow-burn film where a seemingly routine investigation peels back layers of a community's darkest secrets. Produced by Apple TV+ (1982).
TITLE_000943,A bleak yet hopeful documentary depicting a generation born on a generation ship who have never seen Earth and no longer believe in it. Produced by Disney (2000).
TITLE_000944,An imaginative animated special that takes a young protagonist on a breathtaking journey through a world governed by forgotten magic. Produced by Netflix Studios (1987).
TITLE_000945,A gripping psychological series where a seasoned detective discovers the prime suspect may be hiding in plain sight. Produced by Paramount (2025).
TITLE_000946,An explosive special following a disgraced soldier who must go rogue to expose corruption at the highest levels of government. Produced by Universal (2014).
TITLE_000947,"A heartfelt film about two strangers whose lives intersect at a critical crossroads, leading to unexpected and inconvenient love. Produced by Apple TV+ (1993)."
TITLE_000948,A visually stunning animated special about an unlikely band of heroes who must defend their enchanted homeland from an ancient darkness. Produced by Disney (2019).
TITLE_000949,A witty special about a small-town dreamer who accidentally becomes the most controversial person in a major city. Produced by Warner Bros (1985).
TITLE_000950,A tender film in which two people who built walls against vulnerability slowly and reluctantly dismantle them together. Produced by Warner Bros (2013).
TITLE_000951,An emotionally charged documentary about an individual's struggle to rebuild identity and purpose after an unexpected personal collapse. Produced by Disney (2018).
TITLE_000952,"A heartfelt documentary about two strangers whose lives intersect at a critical crossroads, leading to unexpected and inconvenient love. Produced by Apple TV+ (1995)."
TITLE_000953,"A heartfelt documentary about two strangers whose lives intersect at a critical crossroads, leading to unexpected and inconvenient love. Produced by Universal (2017)."
TITLE_000954,"A bittersweet romantic series following star-crossed lovers whose timing always seems to be precisely, maddeningly off. Produced by Paramount (2011)."
TITLE_000955,A slow-burn series where a seemingly routine investigation peels back layers of a community's darkest secrets. Produced by Sony (2014).
TITLE_000956,A cerebral science fiction limited series about a theoretical physicist whose containment breach tears a hole in the fabric of spacetime. Produced by Universal (2001).
TITLE_000957,"A heartwarming animated special that uses the adventures of misfit characters to explore belonging, courage, and found family. Produced by Apple TV+ (2012)."
TITLE_000958,A sharp satirical series skewering corporate culture through the eyes of the most reluctant middle manager alive. Produced by Universal (2025).
TITLE_000959,A cerebral science fiction series about a theoretical physicist whose containment breach tears a hole in the fabric of spacetime. Produced by Paramount (2003).
TITLE_000960,A sharp satirical special skewering corporate culture through the eyes of the most reluctant middle manager alive. Produced by Warner Bros (2023).
TITLE_000961,"An adrenaline-fueled special in which rival factions clash across three continents, leaving a trail of deception and betrayal. Produced by Paramount (1993)."
TITLE_000962,"A heartfelt film about two strangers whose lives intersect at a critical crossroads, leading to unexpected and inconvenient love. Produced by Paramount (1996)."
TITLE_000963,A pulse-pounding film where a covert operative races against time to prevent a global catastrophe. Produced by Apple TV+ (2022).
TITLE_000964,A visually stunning animated special about an unlikely band of heroes who must defend their enchanted homeland from an ancient darkness. Produced by Apple TV+ (2002).
TITLE_000965,An emotionally charged limited series about an individual's struggle to rebuild identity and purpose after an unexpected personal collapse. Produced by Disney (1984).
TITLE_000966,"A sweeping romance spanning three decades, exploring how first love quietly shapes every significant decision that follows. Produced by Apple TV+ (2012)."
TITLE_000967,A witty limited series about a small-town dreamer who accidentally becomes the most controversial person in a major city. Produced by Disney (2000).
TITLE_000968,A gripping psychological special where a seasoned detective discovers the prime suspect may be hiding in plain sight. Produced by Netflix Studios (2000).
TITLE_000969,A visionary science fiction limited series set in a near future where artificial intelligence has fundamentally reshaped what it means to be human. Produced by Netflix Studios (2025).
TITLE_000970,A gripping psychological limited series where a seasoned detective discovers the prime suspect may be hiding in plain sight. Produced by Sony (2025).
TITLE_000971,A nuanced documentary that examines the quiet cost of ambition and the unspoken sacrifices we make for the people we love. Produced by Netflix Studios (2006).
TITLE_000972,A tender series in which two people who built walls against vulnerability slowly and reluctantly dismantle them together. Produced by Disney (2018).
TITLE_000973,An imaginative animated series that takes a young protagonist on a breathtaking journey through a world governed by forgotten magic. Produced by Netflix Studios (2019).
TITLE_000974,A bone-chilling film where a marine biologist's deep-sea expedition surfaces a creature that should not exist. Produced by Netflix Studios (1994).
TITLE_000975,A tender yet unflinching film in which three strangers bound by a shared tragedy find unexpected solidarity. Produced by Universal (1990).
TITLE_000976,A witty series about a small-town dreamer who accidentally becomes the most controversial person in a major city. Produced by Paramount (1990).
TITLE_000977,A charming documentary centered on a chaotic workplace where every attempt to impose order results in glorious failure. Produced by Disney (1992).
TITLE_000978,"A powerful documentary exploring the fractured bonds between family members as they navigate grief, guilt, and reconciliation. Produced by Sony (1987)."
TITLE_000979,"A bittersweet romantic film following star-crossed lovers whose timing always seems to be precisely, maddeningly off. Produced by Warner Bros (2019)."
TITLE_000980,A taut documentary in which a forensic archivist realizes the cold cases stacking up on her desk share one terrifying pattern. Produced by Sony (1999).
TITLE_000981,A slow-dread limited series exploring the horror of losing trust in your own perception of reality. Produced by Sony (1992).
TITLE_000982,"A powerful series exploring the fractured bonds between family members as they navigate grief, guilt, and reconciliation. Produced by Paramount (1998)."
TITLE_000983,"A powerful limited series exploring the fractured bonds between family members as they navigate grief, guilt, and reconciliation. Produced by Disney (1980)."
TITLE_000984,A cerebral science fiction special about a theoretical physicist whose containment breach tears a hole in the fabric of spacetime. Produced by Netflix Studios (2007).
TITLE_000985,A sharp satirical documentary skewering corporate culture through the eyes of the most reluctant middle manager alive. Produced by Netflix Studios (2025).
TITLE_000986,A slow-burn special where a seemingly routine investigation peels back layers of a community's darkest secrets. Produced by Apple TV+ (1990).
TITLE_000987,"A heartwarming animated series that uses the adventures of misfit characters to explore belonging, courage, and found family. Produced by Apple TV+ (1982)."
TITLE_000988,A high-octane film about a former special forces veteran pulled back into the field for one last impossible mission. Produced by Paramount (1992).
TITLE_000989,A gripping psychological special where a seasoned detective discovers the prime suspect may be hiding in plain sight. Produced by Sony (1988).
TITLE_000990,An explosive film following a disgraced soldier who must go rogue to expose corruption at the highest levels of government. Produced by Netflix Studios (1981).
TITLE_000991,A high-octane special about a former special forces veteran pulled back into the field for one last impossible mission. Produced by Warner Bros (2025).
TITLE_000992,A hilarious special following a group of well-meaning misfits whose cross-country trip descends into spectacular chaos. Produced by Netflix Studios (1980).
TITLE_000993,A thought-provoking series exploring the ethical fractures that open when deep-space colonization forces humanity to redefine citizenship. Produced by Warner Bros (2023).
TITLE_000994,An imaginative animated limited series that takes a young protagonist on a breathtaking journey through a world governed by forgotten magic. Produced by Disney (2019).
TITLE_000995,A visually stunning animated film about an unlikely band of heroes who must defend their enchanted homeland from an ancient darkness. Produced by Apple TV+ (1991).
TITLE_000996,A slow-burn series where a seemingly routine investigation peels back layers of a community's darkest secrets. Produced by Apple TV+ (1995).
TITLE_000997,A high-octane documentary about a former special forces veteran pulled back into the field for one last impossible mission. Produced by Netflix Studios (2025).
TITLE_000998,An explosive limited series following a disgraced soldier who must go rogue to expose corruption at the highest levels of government. Produced by Apple TV+ (2005).
TITLE_000999,A chilling psychological limited series in which a family discovers their renovated home was built atop the site of something unspeakable. Produced by Universal (1984).
TITLE_001000,A visionary science fiction limited series set in a near future where artificial intelligence has fundamentally reshaped what it means to be human. Produced by Paramount (1980).
TITLE_001001,A suspenseful special about a cybersecurity analyst who uncovers a conspiracy that reaches the highest corridors of power. Produced by Sony (2024).
TITLE_001002,"A heartwarming animated limited series that uses the adventures of misfit characters to explore belonging, courage, and found family. Produced by Paramount (2023)."
TITLE_001003,A high-octane series about a former special forces veteran pulled back into the field for one last impossible mission. Produced by Netflix Studios (1982).
TITLE_001004,An explosive film following a disgraced soldier who must go rogue to expose corruption at the highest levels of government. Produced by Apple TV+ (1980).
TITLE_001005,A nuanced series that examines the quiet cost of ambition and the unspoken sacrifices we make for the people we love. Produced by Disney (1990).
TITLE_001006,A bone-chilling documentary where a marine biologist's deep-sea expedition surfaces a creature that should not exist. Produced by Apple TV+ (1980).
TITLE_001007,A terrifying special following a group of strangers stranded in a remote wilderness as something ancient and patient closes in. Produced by Sony (1999).
TITLE_001008,"A powerful limited series exploring the fractured bonds between family members as they navigate grief, guilt, and reconciliation. Produced by Apple TV+ (2007)."
TITLE_001009,A tender yet unflinching limited series in which three strangers bound by a shared tragedy find unexpected solidarity. Produced by Disney (2021).
TITLE_001010,A pulse-pounding limited series where a covert operative races against time to prevent a global catastrophe. Produced by Universal (1991).
TITLE_001011,A slow-burn series where a seemingly routine investigation peels back layers of a community's darkest secrets. Produced by Sony (2023).
TITLE_001012,A witty documentary about a small-town dreamer who accidentally becomes the most controversial person in a major city. Produced by Paramount (2022).
TITLE_001013,An explosive documentary following a disgraced soldier who must go rogue to expose corruption at the highest levels of government. Produced by Universal (2019).
TITLE_001014,A charming series centered on a chaotic workplace where every attempt to impose order results in glorious failure. Produced by Netflix Studios (2017).
TITLE_001015,A charming documentary centered on a chaotic workplace where every attempt to impose order results in glorious failure. Produced by Warner Bros (2007).
TITLE_001016,A tender yet unflinching film in which three strangers bound by a shared tragedy find unexpected solidarity. Produced by Netflix Studios (2013).
TITLE_001017,A charming series centered on a chaotic workplace where every attempt to impose order results in glorious failure. Produced by Sony (1990).
TITLE_001018,An explosive series following a disgraced soldier who must go rogue to expose corruption at the highest levels of government. Produced by Universal (1992).
TITLE_001019,A high-octane film about a former special forces veteran pulled back into the field for one last impossible mission. Produced by Paramount (1996).
TITLE_001020,A hilarious documentary following a group of well-meaning misfits whose cross-country trip descends into spectacular chaos. Produced by Paramount (1982).
TITLE_001021,"A powerful film exploring the fractured bonds between family members as they navigate grief, guilt, and reconciliation. Produced by Warner Bros (2014)."
TITLE_001022,A visually stunning animated series about an unlikely band of heroes who must defend their enchanted homeland from an ancient darkness. Produced by Netflix Studios (2013).
TITLE_001023,An emotionally charged limited series about an individual's struggle to rebuild identity and purpose after an unexpected personal collapse. Produced by Netflix Studios (1997).
TITLE_001024,An explosive limited series following a disgraced soldier who must go rogue to expose corruption at the highest levels of government. Produced by Sony (1992).
TITLE_001025,"A bittersweet romantic documentary following star-crossed lovers whose timing always seems to be precisely, maddeningly off. Produced by Apple TV+ (2012)."
TITLE_001026,A thought-provoking series exploring the ethical fractures that open when deep-space colonization forces humanity to redefine citizenship. Produced by Apple TV+ (2019).
TITLE_001027,A taut special in which a forensic archivist realizes the cold cases stacking up on her desk share one terrifying pattern. Produced by Apple TV+ (2025).
TITLE_001028,A slow-dread documentary exploring the horror of losing trust in your own perception of reality. Produced by Disney (2018).
TITLE_001029,A visually stunning animated special about an unlikely band of heroes who must defend their enchanted homeland from an ancient darkness. Produced by Apple TV+ (1980).
TITLE_001030,"A powerful documentary exploring the fractured bonds between family members as they navigate grief, guilt, and reconciliation. Produced by Sony (1980)."
TITLE_001031,A terrifying special following a group of strangers stranded in a remote wilderness as something ancient and patient closes in. Produced by Apple TV+ (2024).
TITLE_001032,A thought-provoking limited series exploring the ethical fractures that open when deep-space colonization forces humanity to redefine citizenship. Produced by Netflix Studios (2020).
TITLE_001033,A tender film in which two people who built walls against vulnerability slowly and reluctantly dismantle them together. Produced by Warner Bros (2013).
TITLE_001034,A high-octane limited series about a former special forces veteran pulled back into the field for one last impossible mission. Produced by Warner Bros (2024).
TITLE_001035,"A bittersweet romantic special following star-crossed lovers whose timing always seems to be precisely, maddeningly off. Produced by Warner Bros (2015)."
TITLE_001036,An imaginative animated limited series that takes a young protagonist on a breathtaking journey through a world governed by forgotten magic. Produced by Sony (2021).
TITLE_001037,A chilling psychological documentary in which a family discovers their renovated home was built atop the site of something unspeakable. Produced by Disney (1981).
TITLE_001038,A taut series in which a forensic archivist realizes the cold cases stacking up on her desk share one terrifying pattern. Produced by Apple TV+ (1987).
TITLE_001039,A taut documentary in which a forensic archivist realizes the cold cases stacking up on her desk share one terrifying pattern. Produced by Disney (2017).
TITLE_001040,A charming special centered on a chaotic workplace where every attempt to impose order results in glorious failure. Produced by Sony (2008).
TITLE_001041,"A powerful film exploring the fractured bonds between family members as they navigate grief, guilt, and reconciliation. Produced by Sony (1984)."
TITLE_001042,A terrifying film following a group of strangers stranded in a remote wilderness as something ancient and patient closes in. Produced by Warner Bros (2018).
TITLE_001043,A tender yet unflinching limited series in which three strangers bound by a shared tragedy find unexpected solidarity. Produced by Universal (1992).
TITLE_001044,A cerebral science fiction film about a theoretical physicist whose containment breach tears a hole in the fabric of spacetime. Produced by Apple TV+ (1988).
TITLE_001045,A witty special about a small-town dreamer who accidentally becomes the most controversial person in a major city. Produced by Universal (1984).
TITLE_001046,"An adrenaline-fueled limited series in which rival factions clash across three continents, leaving a trail of deception and betrayal. Produced by Warner Bros (1999)."
TITLE_001047,A tender yet unflinching limited series in which three strangers bound by a shared tragedy find unexpected solidarity. Produced by Apple TV+ (1990).
TITLE_001048,"A powerful film exploring the fractured bonds between family members as they navigate grief, guilt, and reconciliation. Produced by Sony (2002)."
TITLE_001049,A chilling psychological limited series in which a family discovers their renovated home was built atop the site of something unspeakable. Produced by Disney (2018).
TITLE_001050,A taut limited series in which a forensic archivist realizes the cold cases stacking up on her desk share one terrifying pattern. Produced by Paramount (1989).
TITLE_001051,A gripping psychological series where a seasoned detective discovers the prime suspect may be hiding in plain sight. Produced by Sony (2007).
TITLE_001052,"A heartfelt series about two strangers whose lives intersect at a critical crossroads, leading to unexpected and inconvenient love. Produced by Disney (2006)."
TITLE_001053,A thought-provoking special exploring the ethical fractures that open when deep-space colonization forces humanity to redefine citizenship. Produced by Disney (1989).
TITLE_001054,"A powerful film exploring the fractured bonds between family members as they navigate grief, guilt, and reconciliation. Produced by Apple TV+ (1989)."
TITLE_001055,A gripping psychological film where a seasoned detective discovers the prime suspect may be hiding in plain sight. Produced by Universal (2025).
TITLE_001056,A thought-provoking film exploring the ethical fractures that open when deep-space colonization forces humanity to redefine citizenship. Produced by Paramount (2012).
TITLE_001057,A thought-provoking series exploring the ethical fractures that open when deep-space colonization forces humanity to redefine citizenship. Produced by Apple TV+ (1985).
TITLE_001058,"A heartwarming animated special that uses the adventures of misfit characters to explore belonging, courage, and found family. Produced by Paramount (2000)."
TITLE_001059,A pulse-pounding series where a covert operative races against time to prevent a global catastrophe. Produced by Universal (2023).
TITLE_001060,An explosive documentary following a disgraced soldier who must go rogue to expose corruption at the highest levels of government. Produced by Warner Bros (2005).
TITLE_001061,A high-octane limited series about a former special forces veteran pulled back into the field for one last impossible mission. Produced by Paramount (1987).
TITLE_001062,A taut limited series in which a forensic archivist realizes the cold cases stacking up on her desk share one terrifying pattern. Produced by Warner Bros (1990).
TITLE_001063,A slow-burn documentary where a seemingly routine investigation peels back layers of a community's darkest secrets. Produced by Paramount (2009).
TITLE_001064,A high-octane documentary about a former special forces veteran pulled back into the field for one last impossible mission. Produced by Netflix Studios (1980).
TITLE_001065,A cerebral science fiction documentary about a theoretical physicist whose containment breach tears a hole in the fabric of spacetime. Produced by Paramount (2002).
TITLE_001066,An emotionally charged film about an individual's struggle to rebuild identity and purpose after an unexpected personal collapse. Produced by Universal (2011).
TITLE_001067,"A heartfelt series about two strangers whose lives intersect at a critical crossroads, leading to unexpected and inconvenient love. Produced by Netflix Studios (2013)."
TITLE_001068,A tender limited series in which two people who built walls against vulnerability slowly and reluctantly dismantle them together. Produced by Netflix Studios (2010).
TITLE_001069,"An adrenaline-fueled series in which rival factions clash across three continents, leaving a trail of deception and betrayal. Produced by Paramount (1999)."
TITLE_001070,A bleak yet hopeful limited series depicting a generation born on a generation ship who have never seen Earth and no longer believe in it. Produced by Universal (1989).
TITLE_001071,A visionary science fiction film set in a near future where artificial intelligence has fundamentally reshaped what it means to be human. Produced by Sony (2020).
TITLE_001072,"A heartfelt film about two strangers whose lives intersect at a critical crossroads, leading to unexpected and inconvenient love. Produced by Sony (2007)."
TITLE_001073,A witty special about a small-town dreamer who accidentally becomes the most controversial person in a major city. Produced by Netflix Studios (2011).
TITLE_001074,A chilling psychological special in which a family discovers their renovated home was built atop the site of something unspeakable. Produced by Disney (1980).
TITLE_001075,A taut limited series in which a forensic archivist realizes the cold cases stacking up on her desk share one terrifying pattern. Produced by Disney (1987).
TITLE_001076,A chilling psychological special in which a family discovers their renovated home was built atop the site of something unspeakable. Produced by Warner Bros (1998).
TITLE_001077,A hilarious series following a group of well-meaning misfits whose cross-country trip descends into spectacular chaos. Produced by Paramount (1999).
TITLE_001078,A bone-chilling limited series where a marine biologist's deep-sea expedition surfaces a creature that should not exist. Produced by Disney (1985).
TITLE_001079,A nuanced film that examines the quiet cost of ambition and the unspoken sacrifices we make for the people we love. Produced by Paramount (2017).
TITLE_001080,"A heartwarming animated special that uses the adventures of misfit characters to explore belonging, courage, and found family. Produced by Apple TV+ (2014)."
TITLE_001081,A sharp satirical special skewering corporate culture through the eyes of the most reluctant middle manager alive. Produced by Netflix Studios (2025).
TITLE_001082,A suspenseful special about a cybersecurity analyst who uncovers a conspiracy that reaches the highest corridors of power. Produced by Universal (1998).
TITLE_001083,A slow-burn special where a seemingly routine investigation peels back layers of a community's darkest secrets. Produced by Warner Bros (2024).
TITLE_001084,A charming documentary centered on a chaotic workplace where every attempt to impose order results in glorious failure. Produced by Paramount (1989).
TITLE_001085,"A bittersweet romantic series following star-crossed lovers whose timing always seems to be precisely, maddeningly off. Produced by Warner Bros (2004)."
TITLE_001086,"A heartfelt documentary about two strangers whose lives intersect at a critical crossroads, leading to unexpected and inconvenient love. Produced by Disney (1988)."
TITLE_001087,A tender special in which two people who built walls against vulnerability slowly and reluctantly dismantle them together. Produced by Disney (1989).
TITLE_001088,"An adrenaline-fueled documentary in which rival factions clash across three continents, leaving a trail of deception and betrayal. Produced by Disney (1983)."
TITLE_001089,"A powerful documentary exploring the fractured bonds between family members as they navigate grief, guilt, and reconciliation. Produced by Warner Bros (2009)."
TITLE_001090,A hilarious film following a group of well-meaning misfits whose cross-country trip descends into spectacular chaos. Produced by Warner Bros (2009).
TITLE_001091,A visionary science fiction documentary set in a near future where artificial intelligence has fundamentally reshaped what it means to be human. Produced by Paramount (1994).
TITLE_001092,A slow-burn limited series where a seemingly routine investigation peels back layers of a community's darkest secrets. Produced by Netflix Studios (1988).
TITLE_001093,A chilling psychological series in which a family discovers their renovated home was built atop the site of something unspeakable. Produced by Disney (2019).
TITLE_001094,An imaginative animated special that takes a young protagonist on a breathtaking journey through a world governed by forgotten magic. Produced by Disney (2024).
TITLE_001095,"A heartfelt special about two strangers whose lives intersect at a critical crossroads, leading to unexpected and inconvenient love. Produced by Sony (1992)."
TITLE_001096,A tender yet unflinching film in which three strangers bound by a shared tragedy find unexpected solidarity. Produced by Sony (1993).
TITLE_001097,"An adrenaline-fueled limited series in which rival factions clash across three continents, leaving a trail of deception and betrayal. Produced by Universal (2005)."
TITLE_001098,A hilarious limited series following a group of well-meaning misfits whose cross-country trip descends into spectacular chaos. Produced by Sony (2020).
TITLE_001099,An emotionally charged documentary about an individual's struggle to rebuild identity and purpose after an unexpected personal collapse. Produced by Sony (2005).
TITLE_001100,A nuanced special that examines the quiet cost of ambition and the unspoken sacrifices we make for the people we love. Produced by Netflix Studios (2019).
TITLE_001101,A bleak yet hopeful special depicting a generation born on a generation ship who have never seen Earth and no longer believe in it. Produced by Sony (2007).
TITLE_001102,An imaginative animated series that takes a young protagonist on a breathtaking journey through a world governed by forgotten magic. Produced by Apple TV+ (1983).
TITLE_001103,"A bittersweet romantic special following star-crossed lovers whose timing always seems to be precisely, maddeningly off. Produced by Sony (1989)."
TITLE_001104,A slow-burn film where a seemingly routine investigation peels back layers of a community's darkest secrets. Produced by Warner Bros (1991).
TITLE_001105,A bone-chilling special where a marine biologist's deep-sea expedition surfaces a creature that should not exist. Produced by Sony (2018).
TITLE_001106,A charming series centered on a chaotic workplace where every attempt to impose order results in glorious failure. Produced by Apple TV+ (2017).
TITLE_001107,An emotionally charged documentary about an individual's struggle to rebuild identity and purpose after an unexpected personal collapse. Produced by Paramount (2019).
TITLE_001108,A taut documentary in which a forensic archivist realizes the cold cases stacking up on her desk share one terrifying pattern. Produced by Disney (2009).
TITLE_001109,A sharp satirical film skewering corporate culture through the eyes of the most reluctant middle manager alive. Produced by Warner Bros (2012).
TITLE_001110,A hilarious series following a group of well-meaning misfits whose cross-country trip descends into spectacular chaos. Produced by Paramount (2020).
TITLE_001111,"An adrenaline-fueled film in which rival factions clash across three continents, leaving a trail of deception and betrayal. Produced by Netflix Studios (1998)."
TITLE_001112,A slow-dread special exploring the horror of losing trust in your own perception of reality. Produced by Universal (1999).
TITLE_001113,A taut limited series in which a forensic archivist realizes the cold cases stacking up on her desk share one terrifying pattern. Produced by Sony (2022).
TITLE_001114,"A heartfelt special about two strangers whose lives intersect at a critical crossroads, leading to unexpected and inconvenient love. Produced by Apple TV+ (2007)."
TITLE_001115,A visionary science fiction documentary set in a near future where artificial intelligence has fundamentally reshaped what it means to be human. Produced by Netflix Studios (2011).
TITLE_001116,A nuanced special that examines the quiet cost of ambition and the unspoken sacrifices we make for the people we love. Produced by Netflix Studios (2022).
TITLE_001117,A hilarious special following a group of well-meaning misfits whose cross-country trip descends into spectacular chaos. Produced by Universal (1996).
TITLE_001118,A suspenseful film about a cybersecurity analyst who uncovers a conspiracy that reaches the highest corridors of power. Produced by Netflix Studios (1983).
TITLE_001119,A tender yet unflinching special in which three strangers bound by a shared tragedy find unexpected solidarity. Produced by Apple TV+ (2018).
TITLE_001120,An emotionally charged special about an individual's struggle to rebuild identity and purpose after an unexpected personal collapse. Produced by Warner Bros (2012).
TITLE_001121,A sharp satirical series skewering corporate culture through the eyes of the most reluctant middle manager alive. Produced by Sony (2008).
TITLE_001122,A charming limited series centered on a chaotic workplace where every attempt to impose order results in glorious failure. Produced by Paramount (2017).
TITLE_001123,A bleak yet hopeful film depicting a generation born on a generation ship who have never seen Earth and no longer believe in it. Produced by Sony (1990).
TITLE_001124,A bleak yet hopeful limited series depicting a generation born on a generation ship who have never seen Earth and no longer believe in it. Produced by Warner Bros (2004).
TITLE_001125,A thought-provoking limited series exploring the ethical fractures that open when deep-space colonization forces humanity to redefine citizenship. Produced by Sony (1996).
TITLE_001126,An emotionally charged documentary about an individual's struggle to rebuild identity and purpose after an unexpected personal collapse. Produced by Paramount (2015).
TITLE_001127,A thought-provoking special exploring the ethical fractures that open when deep-space colonization forces humanity to redefine citizenship. Produced by Warner Bros (2017).
TITLE_001128,A taut limited series in which a forensic archivist realizes the cold cases stacking up on her desk share one terrifying pattern. Produced by Apple TV+ (1996).
TITLE_001129,A bleak yet hopeful series depicting a generation born on a generation ship who have never seen Earth and no longer believe in it. Produced by Netflix Studios (1986).
TITLE_001130,A sharp satirical series skewering corporate culture through the eyes of the most reluctant middle manager alive. Produced by Paramount (2008).
TITLE_001131,A slow-burn documentary where a seemingly routine investigation peels back layers of a community's darkest secrets. Produced by Universal (1983).
TITLE_001132,A high-octane special about a former special forces veteran pulled back into the field for one last impossible mission. Produced by Warner Bros (2022).
TITLE_001133,A bleak yet hopeful series depicting a generation born on a generation ship who have never seen Earth and no longer believe in it. Produced by Universal (2005).
TITLE_001134,"An adrenaline-fueled film in which rival factions clash across three continents, leaving a trail of deception and betrayal. Produced by Netflix Studios (1994)."
TITLE_001135,A bone-chilling documentary where a marine biologist's deep-sea expedition surfaces a creature that should not exist. Produced by Netflix Studios (1996).
TITLE_001136,A thought-provoking series exploring the ethical fractures that open when deep-space colonization forces humanity to redefine citizenship. Produced by Warner Bros (2017).
TITLE_001137,"A bittersweet romantic documentary following star-crossed lovers whose timing always seems to be precisely, maddeningly off. Produced by Paramount (2005)."
TITLE_001138,"A powerful special exploring the fractured bonds between family members as they navigate grief, guilt, and reconciliation. Produced by Disney (2014)."
TITLE_001139,"An adrenaline-fueled documentary in which rival factions clash across three continents, leaving a trail of deception and betrayal. Produced by Universal (2001)."
TITLE_001140,A visionary science fiction special set in a near future where artificial intelligence has fundamentally reshaped what it means to be human. Produced by Paramount (2015).
TITLE_001141,"A heartwarming animated documentary that uses the adventures of misfit characters to explore belonging, courage, and found family. Produced by Universal (1984)."
TITLE_001142,"A bittersweet romantic film following star-crossed lovers whose timing always seems to be precisely, maddeningly off. Produced by Paramount (1986)."
TITLE_001143,A bleak yet hopeful documentary depicting a generation born on a generation ship who have never seen Earth and no longer believe in it. Produced by Warner Bros (2012).
TITLE_001144,A tender series in which two people who built walls against vulnerability slowly and reluctantly dismantle them together. Produced by Netflix Studios (2013).
TITLE_001145,"An adrenaline-fueled film in which rival factions clash across three continents, leaving a trail of deception and betrayal. Produced by Universal (2014)."
TITLE_001146,A tender yet unflinching limited series in which three strangers bound by a shared tragedy find unexpected solidarity. Produced by Sony (2023).
TITLE_001147,A taut special in which a forensic archivist realizes the cold cases stacking up on her desk share one terrifying pattern. Produced by Sony (1990).
TITLE_001148,"A heartfelt special about two strangers whose lives intersect at a critical crossroads, leading to unexpected and inconvenient love. Produced by Universal (2012)."
TITLE_001149,A slow-dread documentary exploring the horror of losing trust in your own perception of reality. Produced by Warner Bros (2021).
TITLE_001150,A thought-provoking limited series exploring the ethical fractures that open when deep-space colonization forces humanity to redefine citizenship. Produced by Paramount (1987).
TITLE_001151,A pulse-pounding series where a covert operative races against time to prevent a global catastrophe. Produced by Disney (1983).
TITLE_001152,A taut film in which a forensic archivist realizes the cold cases stacking up on her desk share one terrifying pattern. Produced by Netflix Studios (1994).
TITLE_001153,A slow-burn documentary where a seemingly routine investigation peels back layers of a community's darkest secrets. Produced by Universal (1999).
TITLE_001154,"A heartwarming animated documentary that uses the adventures of misfit characters to explore belonging, courage, and found family. Produced by Netflix Studios (1993)."
TITLE_001155,A visionary science fiction documentary set in a near future where artificial intelligence has fundamentally reshaped what it means to be human. Produced by Disney (2011).
TITLE_001156,A charming documentary centered on a chaotic workplace where every attempt to impose order results in glorious failure. Produced by Apple TV+ (2005).
TITLE_001157,A bone-chilling special where a marine biologist's deep-sea expedition surfaces a creature that should not exist. Produced by Paramount (1983).
TITLE_001158,A slow-burn documentary where a seemingly routine investigation peels back layers of a community's darkest secrets. Produced by Universal (2002).
TITLE_001159,A charming limited series centered on a chaotic workplace where every attempt to impose order results in glorious failure. Produced by Sony (1990).
TITLE_001160,An emotionally charged film about an individual's struggle to rebuild identity and purpose after an unexpected personal collapse. Produced by Disney (1986).
TITLE_001161,A tender yet unflinching limited series in which three strangers bound by a shared tragedy find unexpected solidarity. Produced by Apple TV+ (2017).
TITLE_001162,A bleak yet hopeful special depicting a generation born on a generation ship who have never seen Earth and no longer believe in it. Produced by Paramount (2005).
TITLE_001163,A pulse-pounding series where a covert operative races against time to prevent a global catastrophe. Produced by Universal (1993).
TITLE_001164,"A powerful documentary exploring the fractured bonds between family members as they navigate grief, guilt, and reconciliation. Produced by Paramount (2011)."
TITLE_001165,"A bittersweet romantic series following star-crossed lovers whose timing always seems to be precisely, maddeningly off. Produced by Netflix Studios (1995)."
TITLE_001166,A nuanced documentary that examines the quiet cost of ambition and the unspoken sacrifices we make for the people we love. Produced by Disney (2022).
TITLE_001167,"A bittersweet romantic film following star-crossed lovers whose timing always seems to be precisely, maddeningly off. Produced by Netflix Studios (1995)."
TITLE_001168,A charming limited series centered on a chaotic workplace where every attempt to impose order results in glorious failure. Produced by Disney (1982).
TITLE_001169,A taut special in which a forensic archivist realizes the cold cases stacking up on her desk share one terrifying pattern. Produced by Apple TV+ (2009).
TITLE_001170,A taut special in which a forensic archivist realizes the cold cases stacking up on her desk share one terrifying pattern. Produced by Warner Bros (1989).
TITLE_001171,An imaginative animated documentary that takes a young protagonist on a breathtaking journey through a world governed by forgotten magic. Produced by Warner Bros (2008).
TITLE_001172,"A sweeping romance spanning three decades, exploring how first love quietly shapes every significant decision that follows. Produced by Paramount (2016)."
TITLE_001173,A high-octane limited series about a former special forces veteran pulled back into the field for one last impossible mission. Produced by Warner Bros (2022).
TITLE_001174,A high-octane limited series about a former special forces veteran pulled back into the field for one last impossible mission. Produced by Disney (2018).
TITLE_001175,"An adrenaline-fueled film in which rival factions clash across three continents, leaving a trail of deception and betrayal. Produced by Netflix Studios (2014)."
TITLE_001176,A chilling psychological film in which a family discovers their renovated home was built atop the site of something unspeakable. Produced by Universal (1985).
TITLE_001177,"A heartwarming animated film that uses the adventures of misfit characters to explore belonging, courage, and found family. Produced by Netflix Studios (2014)."
TITLE_001178,A bold animated film that challenges the boundaries of the form while delivering a story full of wit and genuine emotion. Produced by Disney (2004).
TITLE_001179,A charming series centered on a chaotic workplace where every attempt to impose order results in glorious failure. Produced by Disney (1987).
TITLE_001180,A hilarious film following a group of well-meaning misfits whose cross-country trip descends into spectacular chaos. Produced by Universal (1997).
TITLE_001181,An emotionally charged special about an individual's struggle to rebuild identity and purpose after an unexpected personal collapse. Produced by Paramount (2015).
TITLE_001182,A cerebral science fiction series about a theoretical physicist whose containment breach tears a hole in the fabric of spacetime. Produced by Warner Bros (1986).
TITLE_001183,A pulse-pounding film where a covert operative races against time to prevent a global catastrophe. Produced by Sony (2011).
TITLE_001184,A taut special in which a forensic archivist realizes the cold cases stacking up on her desk share one terrifying pattern. Produced by Universal (1984).
TITLE_001185,A bone-chilling series where a marine biologist's deep-sea expedition surfaces a creature that should not exist. Produced by Universal (2009).
TITLE_001186,A pulse-pounding special where a covert operative races against time to prevent a global catastrophe. Produced by Apple TV+ (2000).
TITLE_001187,A slow-dread series exploring the horror of losing trust in your own perception of reality. Produced by Paramount (2005).
TITLE_001188,A visionary science fiction limited series set in a near future where artificial intelligence has fundamentally reshaped what it means to be human. Produced by Warner Bros (2013).
TITLE_001189,A sharp satirical limited series skewering corporate culture through the eyes of the most reluctant middle manager alive. Produced by Disney (2004).
TITLE_001190,A high-octane film about a former special forces veteran pulled back into the field for one last impossible mission. Produced by Paramount (2013).
TITLE_001191,A tender series in which two people who built walls against vulnerability slowly and reluctantly dismantle them together. Produced by Warner Bros (2006).
TITLE_001192,A high-octane limited series about a former special forces veteran pulled back into the field for one last impossible mission. Produced by Apple TV+ (2021).
TITLE_001193,A suspenseful documentary about a cybersecurity analyst who uncovers a conspiracy that reaches the highest corridors of power. Produced by Netflix Studios (2018).
TITLE_001194,A cerebral science fiction series about a theoretical physicist whose containment breach tears a hole in the fabric of spacetime. Produced by Apple TV+ (2000).
TITLE_001195,A nuanced special that examines the quiet cost of ambition and the unspoken sacrifices we make for the people we love. Produced by Apple TV+ (2001).
TITLE_001196,A witty series about a small-town dreamer who accidentally becomes the most controversial person in a major city. Produced by Disney (2005).
TITLE_001197,A hilarious special following a group of well-meaning misfits whose cross-country trip descends into spectacular chaos. Produced by Netflix Studios (1989).
TITLE_001198,A sharp satirical special skewering corporate culture through the eyes of the most reluctant middle manager alive. Produced by Apple TV+ (2016).
TITLE_001199,A visionary science fiction series set in a near future where artificial intelligence has fundamentally reshaped what it means to be human. Produced by Sony (2002).
TITLE_001200,"A powerful film exploring the fractured bonds between family members as they navigate grief, guilt, and reconciliation. Produced by Disney (2003)."
TITLE_001201,An explosive documentary following a disgraced soldier who must go rogue to expose corruption at the highest levels of government. Produced by Apple TV+ (2024).
TITLE_001202,A gripping psychological limited series where a seasoned detective discovers the prime suspect may be hiding in plain sight. Produced by Disney (1985).
TITLE_001203,A thought-provoking series exploring the ethical fractures that open when deep-space colonization forces humanity to redefine citizenship. Produced by Netflix Studios (1988).
TITLE_001204,A pulse-pounding film where a covert operative races against time to prevent a global catastrophe. Produced by Paramount (1993).
TITLE_001205,A charming documentary centered on a chaotic workplace where every attempt to impose order results in glorious failure. Produced by Apple TV+ (2009).
TITLE_001206,A chilling psychological series in which a family discovers their renovated home was built atop the site of something unspeakable. Produced by Warner Bros (1998).
TITLE_001207,A witty documentary about a small-town dreamer who accidentally becomes the most controversial person in a major city. Produced by Disney (2000).
TITLE_001208,A slow-burn documentary where a seemingly routine investigation peels back layers of a community's darkest secrets. Produced by Paramount (1992).
TITLE_001209,"A heartwarming animated documentary that uses the adventures of misfit characters to explore belonging, courage, and found family. Produced by Apple TV+ (2006)."
TITLE_001210,"A heartfelt special about two strangers whose lives intersect at a critical crossroads, leading to unexpected and inconvenient love. Produced by Disney (2007)."
TITLE_001211,A sharp satirical series skewering corporate culture through the eyes of the most reluctant middle manager alive. Produced by Sony (2003).
TITLE_001212,A bleak yet hopeful series depicting a generation born on a generation ship who have never seen Earth and no longer believe in it. Produced by Paramount (1981).
TITLE_001213,A pulse-pounding film where a covert operative races against time to prevent a global catastrophe. Produced by Warner Bros (2017).
TITLE_001214,A sharp satirical special skewering corporate culture through the eyes of the most reluctant middle manager alive. Produced by Disney (1988).
TITLE_001215,A visually stunning animated film about an unlikely band of heroes who must defend their enchanted homeland from an ancient darkness. Produced by Apple TV+ (2014).
TITLE_001216,A gripping psychological film where a seasoned detective discovers the prime suspect may be hiding in plain sight. Produced by Disney (2012).
TITLE_001217,A bleak yet hopeful film depicting a generation born on a generation ship who have never seen Earth and no longer believe in it. Produced by Netflix Studios (1988).
TITLE_001218,"A powerful film exploring the fractured bonds between family members as they navigate grief, guilt, and reconciliation. Produced by Sony (1982)."
TITLE_001219,A visionary science fiction documentary set in a near future where artificial intelligence has fundamentally reshaped what it means to be human. Produced by Sony (2011).
TITLE_001220,"An adrenaline-fueled film in which rival factions clash across three continents, leaving a trail of deception and betrayal. Produced by Netflix Studios (2022)."
TITLE_001221,A suspenseful special about a cybersecurity analyst who uncovers a conspiracy that reaches the highest corridors of power. Produced by Paramount (1985).
TITLE_001222,A tender series in which two people who built walls against vulnerability slowly and reluctantly dismantle them together. Produced by Paramount (1986).
TITLE_001223,An explosive film following a disgraced soldier who must go rogue to expose corruption at the highest levels of government. Produced by Apple TV+ (2000).
TITLE_001224,A thought-provoking special exploring the ethical fractures that open when deep-space colonization forces humanity to redefine citizenship. Produced by Universal (2008).
TITLE_001225,A thought-provoking series exploring the ethical fractures that open when deep-space colonization forces humanity to redefine citizenship. Produced by Sony (1989).
TITLE_001226,A gripping psychological series where a seasoned detective discovers the prime suspect may be hiding in plain sight. Produced by Warner Bros (2006).
TITLE_001227,A bone-chilling special where a marine biologist's deep-sea expedition surfaces a creature that should not exist. Produced by Disney (2016).
TITLE_001228,A visually stunning animated special about an unlikely band of heroes who must defend their enchanted homeland from an ancient darkness. Produced by Disney (2013).
TITLE_001229,A nuanced film that examines the quiet cost of ambition and the unspoken sacrifices we make for the people we love. Produced by Sony (1987).
TITLE_001230,A cerebral science fiction series about a theoretical physicist whose containment breach tears a hole in the fabric of spacetime. Produced by Universal (1995).
TITLE_001231,An explosive special following a disgraced soldier who must go rogue to expose corruption at the highest levels of government. Produced by Netflix Studios (2003).
TITLE_001232,"A heartfelt documentary about two strangers whose lives intersect at a critical crossroads, leading to unexpected and inconvenient love. Produced by Warner Bros (1988)."
TITLE_001233,"A bittersweet romantic documentary following star-crossed lovers whose timing always seems to be precisely, maddeningly off. Produced by Apple TV+ (2003)."
TITLE_001234,A gripping psychological limited series where a seasoned detective discovers the prime suspect may be hiding in plain sight. Produced by Disney (1999).
TITLE_001235,"A sweeping romance spanning three decades, exploring how first love quietly shapes every significant decision that follows. Produced by Netflix Studios (1985)."
TITLE_001236,A thought-provoking film exploring the ethical fractures that open when deep-space colonization forces humanity to redefine citizenship. Produced by Disney (2011).
TITLE_001237,A sharp satirical limited series skewering corporate culture through the eyes of the most reluctant middle manager alive. Produced by Paramount (2012).
TITLE_001238,An emotionally charged documentary about an individual's struggle to rebuild identity and purpose after an unexpected personal collapse. Produced by Universal (2000).
TITLE_001239,A cerebral science fiction film about a theoretical physicist whose containment breach tears a hole in the fabric of spacetime. Produced by Apple TV+ (2006).
TITLE_001240,A slow-dread special exploring the horror of losing trust in your own perception of reality. Produced by Disney (2002).
TITLE_001241,A thought-provoking special exploring the ethical fractures that open when deep-space colonization forces humanity to redefine citizenship. Produced by Apple TV+ (1987).
TITLE_001242,A thought-provoking film exploring the ethical fractures that open when deep-space colonization forces humanity to redefine citizenship. Produced by Sony (1992).
TITLE_001243,A pulse-pounding documentary where a covert operative races against time to prevent a global catastrophe. Produced by Netflix Studios (1986).
TITLE_001244,A nuanced documentary that examines the quiet cost of ambition and the unspoken sacrifices we make for the people we love. Produced by Universal (2023).
TITLE_001245,A hilarious documentary following a group of well-meaning misfits whose cross-country trip descends into spectacular chaos. Produced by Warner Bros (2009).
TITLE_001246,A suspenseful documentary about a cybersecurity analyst who uncovers a conspiracy that reaches the highest corridors of power. Produced by Sony (2009).
TITLE_001247,A bleak yet hopeful series depicting a generation born on a generation ship who have never seen Earth and no longer believe in it. Produced by Netflix Studios (1989).
TITLE_001248,A tender special in which two people who built walls against vulnerability slowly and reluctantly dismantle them together. Produced by Netflix Studios (1983).
TITLE_001249,A nuanced special that examines the quiet cost of ambition and the unspoken sacrifices we make for the people we love. Produced by Disney (1991).
TITLE_001250,A hilarious documentary following a group of well-meaning misfits whose cross-country trip descends into spectacular chaos. Produced by Netflix Studios (1983).
TITLE_001251,A nuanced special that examines the quiet cost of ambition and the unspoken sacrifices we make for the people we love. Produced by Apple TV+ (2005).
TITLE_001252,A pulse-pounding special where a covert operative races against time to prevent a global catastrophe. Produced by Apple TV+ (2013).
TITLE_001253,A hilarious special following a group of well-meaning misfits whose cross-country trip descends into spectacular chaos. Produced by Disney (2025).
TITLE_001254,A witty special about a small-town dreamer who accidentally becomes the most controversial person in a major city. Produced by Universal (2008).
TITLE_001255,A slow-dread limited series exploring the horror of losing trust in your own perception of reality. Produced by Paramount (1987).
TITLE_001256,An explosive documentary following a disgraced soldier who must go rogue to expose corruption at the highest levels of government. Produced by Sony (2015).
TITLE_001257,A pulse-pounding limited series where a covert operative races against time to prevent a global catastrophe. Produced by Netflix Studios (2019).
TITLE_001258,A sharp satirical special skewering corporate culture through the eyes of the most reluctant middle manager alive. Produced by Apple TV+ (1994).
TITLE_001259,"An adrenaline-fueled special in which rival factions clash across three continents, leaving a trail of deception and betrayal. Produced by Paramount (2019)."
TITLE_001260,A pulse-pounding series where a covert operative races against time to prevent a global catastrophe. Produced by Warner Bros (1983).
TITLE_001261,A witty film about a small-town dreamer who accidentally becomes the most controversial person in a major city. Produced by Netflix Studios (2020).
TITLE_001262,A sharp satirical special skewering corporate culture through the eyes of the most reluctant middle manager alive. Produced by Universal (1987).
TITLE_001263,A taut documentary in which a forensic archivist realizes the cold cases stacking up on her desk share one terrifying pattern. Produced by Paramount (2012).
TITLE_001264,"An adrenaline-fueled documentary in which rival factions clash across three continents, leaving a trail of deception and betrayal. Produced by Disney (2019)."
TITLE_001265,A slow-burn limited series where a seemingly routine investigation peels back layers of a community's darkest secrets. Produced by Paramount (2011).
TITLE_001266,A visually stunning animated limited series about an unlikely band of heroes who must defend their enchanted homeland from an ancient darkness. Produced by Universal (2020).
TITLE_001267,An emotionally charged series about an individual's struggle to rebuild identity and purpose after an unexpected personal collapse. Produced by Apple TV+ (1988).
TITLE_001268,A nuanced special that examines the quiet cost of ambition and the unspoken sacrifices we make for the people we love. Produced by Paramount (1984).
TITLE_001269,An imaginative animated documentary that takes a young protagonist on a breathtaking journey through a world governed by forgotten magic. Produced by Paramount (1983).
TITLE_001270,A witty series about a small-town dreamer who accidentally becomes the most controversial person in a major city. Produced by Sony (2025).
TITLE_001271,An imaginative animated special that takes a young protagonist on a breathtaking journey through a world governed by forgotten magic. Produced by Warner Bros (1993).
TITLE_001272,A visionary science fiction film set in a near future where artificial intelligence has fundamentally reshaped what it means to be human. Produced by Universal (1997).
TITLE_001273,A sharp satirical limited series skewering corporate culture through the eyes of the most reluctant middle manager alive. Produced by Warner Bros (2019).
TITLE_001274,"A sweeping romance spanning three decades, exploring how first love quietly shapes every significant decision that follows. Produced by Netflix Studios (1996)."
TITLE_001275,"A sweeping romance spanning three decades, exploring how first love quietly shapes every significant decision that follows. Produced by Sony (2001)."
TITLE_001276,A sharp satirical documentary skewering corporate culture through the eyes of the most reluctant middle manager alive. Produced by Netflix Studios (1994).
TITLE_001277,A thought-provoking limited series exploring the ethical fractures that open when deep-space colonization forces humanity to redefine citizenship. Produced by Netflix Studios (1983).
TITLE_001278,"An adrenaline-fueled documentary in which rival factions clash across three continents, leaving a trail of deception and betrayal. Produced by Paramount (2010)."
TITLE_001279,A thought-provoking documentary exploring the ethical fractures that open when deep-space colonization forces humanity to redefine citizenship. Produced by Paramount (1996).
TITLE_001280,A visually stunning animated limited series about an unlikely band of heroes who must defend their enchanted homeland from an ancient darkness. Produced by Disney (2019).
TITLE_001281,"An adrenaline-fueled limited series in which rival factions clash across three continents, leaving a trail of deception and betrayal. Produced by Apple TV+ (1982)."
TITLE_001282,A visionary science fiction film set in a near future where artificial intelligence has fundamentally reshaped what it means to be human. Produced by Warner Bros (1998).
TITLE_001283,A bleak yet hopeful documentary depicting a generation born on a generation ship who have never seen Earth and no longer believe in it. Produced by Paramount (2000).
TITLE_001284,A slow-burn special where a seemingly routine investigation peels back layers of a community's darkest secrets. Produced by Disney (1984).
TITLE_001285,An explosive series following a disgraced soldier who must go rogue to expose corruption at the highest levels of government. Produced by Netflix Studios (2019).
TITLE_001286,A thought-provoking film exploring the ethical fractures that open when deep-space colonization forces humanity to redefine citizenship. Produced by Disney (1999).
TITLE_001287,A thought-provoking series exploring the ethical fractures that open when deep-space colonization forces humanity to redefine citizenship. Produced by Sony (1984).
TITLE_001288,A sharp satirical documentary skewering corporate culture through the eyes of the most reluctant middle manager alive. Produced by Apple TV+ (1983).
TITLE_001289,A bone-chilling special where a marine biologist's deep-sea expedition surfaces a creature that should not exist. Produced by Disney (1998).
TITLE_001290,A thought-provoking special exploring the ethical fractures that open when deep-space colonization forces humanity to redefine citizenship. Produced by Netflix Studios (2006).
TITLE_001291,"A heartfelt film about two strangers whose lives intersect at a critical crossroads, leading to unexpected and inconvenient love. Produced by Disney (2001)."
TITLE_001292,A slow-burn series where a seemingly routine investigation peels back layers of a community's darkest secrets. Produced by Disney (2012).
TITLE_001293,A tender yet unflinching limited series in which three strangers bound by a shared tragedy find unexpected solidarity. Produced by Disney (2018).
TITLE_001294,"An adrenaline-fueled special in which rival factions clash across three continents, leaving a trail of deception and betrayal. Produced by Netflix Studios (2021)."
TITLE_001295,A tender series in which two people who built walls against vulnerability slowly and reluctantly dismantle them together. Produced by Disney (1986).
TITLE_001296,"A sweeping romance spanning three decades, exploring how first love quietly shapes every significant decision that follows. Produced by Apple TV+ (2018)."
TITLE_001297,An emotionally charged series about an individual's struggle to rebuild identity and purpose after an unexpected personal collapse. Produced by Universal (2021).
TITLE_001298,"A bittersweet romantic documentary following star-crossed lovers whose timing always seems to be precisely, maddeningly off. Produced by Apple TV+ (1981)."
TITLE_001299,A thought-provoking limited series exploring the ethical fractures that open when deep-space colonization forces humanity to redefine citizenship. Produced by Universal (1987).
TITLE_001300,A thought-provoking documentary exploring the ethical fractures that open when deep-space colonization forces humanity to redefine citizenship. Produced by Paramount (2005).
TITLE_001301,A high-octane limited series about a former special forces veteran pulled back into the field for one last impossible mission. Produced by Disney (2022).
TITLE_001302,A hilarious film following a group of well-meaning misfits whose cross-country trip descends into spectacular chaos. Produced by Netflix Studios (1987).
TITLE_001303,A cerebral science fiction series about a theoretical physicist whose containment breach tears a hole in the fabric of spacetime. Produced by Disney (1989).
TITLE_001304,"An adrenaline-fueled documentary in which rival factions clash across three continents, leaving a trail of deception and betrayal. Produced by Netflix Studios (2017)."
TITLE_001305,A high-octane film about a former special forces veteran pulled back into the field for one last impossible mission. Produced by Disney (2019).
TITLE_001306,An imaginative animated film that takes a young protagonist on a breathtaking journey through a world governed by forgotten magic. Produced by Sony (1984).
TITLE_001307,A sharp satirical special skewering corporate culture through the eyes of the most reluctant middle manager alive. Produced by Universal (1987).
TITLE_001308,A nuanced special that examines the quiet cost of ambition and the unspoken sacrifices we make for the people we love. Produced by Paramount (1988).
TITLE_001309,A sharp satirical documentary skewering corporate culture through the eyes of the most reluctant middle manager alive. Produced by Universal (1987).
TITLE_001310,A cerebral science fiction series about a theoretical physicist whose containment breach tears a hole in the fabric of spacetime. Produced by Sony (1995).
TITLE_001311,A slow-burn film where a seemingly routine investigation peels back layers of a community's darkest secrets. Produced by Disney (2018).
TITLE_001312,An emotionally charged special about an individual's struggle to rebuild identity and purpose after an unexpected personal collapse. Produced by Universal (1993).
TITLE_001313,A visionary science fiction film set in a near future where artificial intelligence has fundamentally reshaped what it means to be human. Produced by Warner Bros (2008).
TITLE_001314,"A bittersweet romantic documentary following star-crossed lovers whose timing always seems to be precisely, maddeningly off. Produced by Disney (1988)."
TITLE_001315,A nuanced film that examines the quiet cost of ambition and the unspoken sacrifices we make for the people we love. Produced by Sony (2021).
TITLE_001316,A tender yet unflinching documentary in which three strangers bound by a shared tragedy find unexpected solidarity. Produced by Universal (2004).
TITLE_001317,A suspenseful film about a cybersecurity analyst who uncovers a conspiracy that reaches the highest corridors of power. Produced by Paramount (1994).
TITLE_001318,A charming limited series centered on a chaotic workplace where every attempt to impose order results in glorious failure. Produced by Paramount (2021).
TITLE_001319,"A powerful documentary exploring the fractured bonds between family members as they navigate grief, guilt, and reconciliation. Produced by Netflix Studios (2011)."
TITLE_001320,A slow-dread documentary exploring the horror of losing trust in your own perception of reality. Produced by Paramount (2017).
TITLE_001321,A high-octane limited series about a former special forces veteran pulled back into the field for one last impossible mission. Produced by Universal (1984).
TITLE_001322,A taut special in which a forensic archivist realizes the cold cases stacking up on her desk share one terrifying pattern. Produced by Sony (2021).
TITLE_001323,"A powerful special exploring the fractured bonds between family members as they navigate grief, guilt, and reconciliation. Produced by Sony (1980)."
TITLE_001324,A charming limited series centered on a chaotic workplace where every attempt to impose order results in glorious failure. Produced by Paramount (1988).
TITLE_001325,A pulse-pounding film where a covert operative races against time to prevent a global catastrophe. Produced by Paramount (1986).
TITLE_001326,A taut documentary in which a forensic archivist realizes the cold cases stacking up on her desk share one terrifying pattern. Produced by Disney (2018).
TITLE_001327,A bleak yet hopeful film depicting a generation born on a generation ship who have never seen Earth and no longer believe in it. Produced by Warner Bros (1980).
TITLE_001328,A charming limited series centered on a chaotic workplace where every attempt to impose order results in glorious failure. Produced by Warner Bros (2024).
TITLE_001329,A suspenseful film about a cybersecurity analyst who uncovers a conspiracy that reaches the highest corridors of power. Produced by Disney (2000).
TITLE_001330,A chilling psychological special in which a family discovers their renovated home was built atop the site of something unspeakable. Produced by Apple TV+ (2024).
TITLE_001331,A high-octane documentary about a former special forces veteran pulled back into the field for one last impossible mission. Produced by Disney (1987).
TITLE_001332,An imaginative animated film that takes a young protagonist on a breathtaking journey through a world governed by forgotten magic. Produced by Disney (2006).
TITLE_001333,A bleak yet hopeful film depicting a generation born on a generation ship who have never seen Earth and no longer believe in it. Produced by Warner Bros (1980).
TITLE_001334,A bone-chilling series where a marine biologist's deep-sea expedition surfaces a creature that should not exist. Produced by Sony (1996).
TITLE_001335,An emotionally charged limited series about an individual's struggle to rebuild identity and purpose after an unexpected personal collapse. Produced by Paramount (2014).
TITLE_001336,A slow-burn limited series where a seemingly routine investigation peels back layers of a community's darkest secrets. Produced by Paramount (2010).
TITLE_001337,A terrifying limited series following a group of strangers stranded in a remote wilderness as something ancient and patient closes in. Produced by Paramount (2022).
TITLE_001338,"An adrenaline-fueled film in which rival factions clash across three continents, leaving a trail of deception and betrayal. Produced by Universal (1998)."
TITLE_001339,A tender documentary in which two people who built walls against vulnerability slowly and reluctantly dismantle them together. Produced by Disney (2019).
TITLE_001340,A bold animated series that challenges the boundaries of the form while delivering a story full of wit and genuine emotion. Produced by Paramount (2021).
TITLE_001341,A hilarious documentary following a group of well-meaning misfits whose cross-country trip descends into spectacular chaos. Produced by Warner Bros (2008).
TITLE_001342,"A powerful series exploring the fractured bonds between family members as they navigate grief, guilt, and reconciliation. Produced by Universal (2003)."
TITLE_001343,A bleak yet hopeful series depicting a generation born on a generation ship who have never seen Earth and no longer believe in it. Produced by Universal (1981).
TITLE_001344,A charming special centered on a chaotic workplace where every attempt to impose order results in glorious failure. Produced by Apple TV+ (2017).
TITLE_001345,A taut special in which a forensic archivist realizes the cold cases stacking up on her desk share one terrifying pattern. Produced by Paramount (1994).
TITLE_001346,A pulse-pounding film where a covert operative races against time to prevent a global catastrophe. Produced by Disney (1998).
TITLE_001347,A tender yet unflinching film in which three strangers bound by a shared tragedy find unexpected solidarity. Produced by Sony (1985).
TITLE_001348,"A powerful film exploring the fractured bonds between family members as they navigate grief, guilt, and reconciliation. Produced by Apple TV+ (2010)."
TITLE_001349,A sharp satirical limited series skewering corporate culture through the eyes of the most reluctant middle manager alive. Produced by Paramount (2023).
TITLE_001350,A high-octane documentary about a former special forces veteran pulled back into the field for one last impossible mission. Produced by Universal (2023).
TITLE_001351,"A bittersweet romantic film following star-crossed lovers whose timing always seems to be precisely, maddeningly off. Produced by Universal (2019)."
TITLE_001352,"An adrenaline-fueled series in which rival factions clash across three continents, leaving a trail of deception and betrayal. Produced by Sony (1982)."
TITLE_001353,An emotionally charged film about an individual's struggle to rebuild identity and purpose after an unexpected personal collapse. Produced by Universal (2015).
TITLE_001354,A slow-burn limited series where a seemingly routine investigation peels back layers of a community's darkest secrets. Produced by Sony (1984).
TITLE_001355,A taut limited series in which a forensic archivist realizes the cold cases stacking up on her desk share one terrifying pattern. Produced by Disney (2001).
TITLE_001356,"A sweeping romance spanning three decades, exploring how first love quietly shapes every significant decision that follows. Produced by Netflix Studios (2009)."
TITLE_001357,A thought-provoking limited series exploring the ethical fractures that open when deep-space colonization forces humanity to redefine citizenship. Produced by Universal (2007).
TITLE_001358,"A sweeping romance spanning three decades, exploring how first love quietly shapes every significant decision that follows. Produced by Netflix Studios (1980)."
TITLE_001359,"A heartfelt series about two strangers whose lives intersect at a critical crossroads, leading to unexpected and inconvenient love. Produced by Apple TV+ (1980)."
TITLE_001360,A chilling psychological film in which a family discovers their renovated home was built atop the site of something unspeakable. Produced by Sony (1982).
TITLE_001361,A tender limited series in which two people who built walls against vulnerability slowly and reluctantly dismantle them together. Produced by Warner Bros (1985).
TITLE_001362,"A heartwarming animated special that uses the adventures of misfit characters to explore belonging, courage, and found family. Produced by Warner Bros (1997)."
TITLE_001363,A thought-provoking special exploring the ethical fractures that open when deep-space colonization forces humanity to redefine citizenship. Produced by Apple TV+ (2019).
TITLE_001364,A tender yet unflinching series in which three strangers bound by a shared tragedy find unexpected solidarity. Produced by Sony (2020).
TITLE_001365,An explosive film following a disgraced soldier who must go rogue to expose corruption at the highest levels of government. Produced by Netflix Studios (2013).
TITLE_001366,"A heartfelt special about two strangers whose lives intersect at a critical crossroads, leading to unexpected and inconvenient love. Produced by Paramount (1997)."
TITLE_001367,A taut documentary in which a forensic archivist realizes the cold cases stacking up on her desk share one terrifying pattern. Produced by Disney (1997).
TITLE_001368,"An adrenaline-fueled documentary in which rival factions clash across three continents, leaving a trail of deception and betrayal. Produced by Universal (2019)."
TITLE_001369,A taut documentary in which a forensic archivist realizes the cold cases stacking up on her desk share one terrifying pattern. Produced by Paramount (2002).
TITLE_001370,A bone-chilling series where a marine biologist's deep-sea expedition surfaces a creature that should not exist. Produced by Warner Bros (1985).
TITLE_001371,A high-octane special about a former special forces veteran pulled back into the field for one last impossible mission. Produced by Sony (2010).
TITLE_001372,An imaginative animated film that takes a young protagonist on a breathtaking journey through a world governed by forgotten magic. Produced by Sony (2001).
TITLE_001373,A high-octane special about a former special forces veteran pulled back into the field for one last impossible mission. Produced by Sony (2000).
TITLE_001374,A bold animated film that challenges the boundaries of the form while delivering a story full of wit and genuine emotion. Produced by Netflix Studios (1991).
TITLE_001375,A taut special in which a forensic archivist realizes the cold cases stacking up on her desk share one terrifying pattern. Produced by Disney (2009).
TITLE_001376,A cerebral science fiction film about a theoretical physicist whose containment breach tears a hole in the fabric of spacetime. Produced by Netflix Studios (1991).
TITLE_001377,An emotionally charged series about an individual's struggle to rebuild identity and purpose after an unexpected personal collapse. Produced by Sony (2000).
TITLE_001378,"A powerful series exploring the fractured bonds between family members as they navigate grief, guilt, and reconciliation. Produced by Warner Bros (2006)."
TITLE_001379,A visionary science fiction series set in a near future where artificial intelligence has fundamentally reshaped what it means to be human. Produced by Warner Bros (1998).
TITLE_001380,A slow-dread limited series exploring the horror of losing trust in your own perception of reality. Produced by Universal (1990).
TITLE_001381,A sharp satirical film skewering corporate culture through the eyes of the most reluctant middle manager alive. Produced by Warner Bros (2012).
TITLE_001382,A cerebral science fiction documentary about a theoretical physicist whose containment breach tears a hole in the fabric of spacetime. Produced by Apple TV+ (1992).
TITLE_001383,A slow-dread film exploring the horror of losing trust in your own perception of reality. Produced by Netflix Studios (2008).
TITLE_001384,A charming limited series centered on a chaotic workplace where every attempt to impose order results in glorious failure. Produced by Universal (2003).
TITLE_001385,A tender film in which two people who built walls against vulnerability slowly and reluctantly dismantle them together. Produced by Apple TV+ (1992).
TITLE_001386,A cerebral science fiction documentary about a theoretical physicist whose containment breach tears a hole in the fabric of spacetime. Produced by Universal (2019).
TITLE_001387,"A heartfelt limited series about two strangers whose lives intersect at a critical crossroads, leading to unexpected and inconvenient love. Produced by Netflix Studios (2000)."
TITLE_001388,A bone-chilling documentary where a marine biologist's deep-sea expedition surfaces a creature that should not exist. Produced by Apple TV+ (2004).
TITLE_001389,A sharp satirical film skewering corporate culture through the eyes of the most reluctant middle manager alive. Produced by Disney (2000).
TITLE_001390,A slow-dread limited series exploring the horror of losing trust in your own perception of reality. Produced by Sony (2020).
TITLE_001391,A thought-provoking limited series exploring the ethical fractures that open when deep-space colonization forces humanity to redefine citizenship. Produced by Disney (2019).
TITLE_001392,A tender yet unflinching film in which three strangers bound by a shared tragedy find unexpected solidarity. Produced by Paramount (1994).
TITLE_001393,"A heartfelt limited series about two strangers whose lives intersect at a critical crossroads, leading to unexpected and inconvenient love. Produced by Warner Bros (1995)."
TITLE_001394,A visionary science fiction series set in a near future where artificial intelligence has fundamentally reshaped what it means to be human. Produced by Apple TV+ (2018).
TITLE_001395,A charming film centered on a chaotic workplace where every attempt to impose order results in glorious failure. Produced by Apple TV+ (1997).
TITLE_001396,A slow-burn film where a seemingly routine investigation peels back layers of a community's darkest secrets. Produced by Sony (1981).
TITLE_001397,"An adrenaline-fueled special in which rival factions clash across three continents, leaving a trail of deception and betrayal. Produced by Sony (1995)."
TITLE_001398,"A bittersweet romantic limited series following star-crossed lovers whose timing always seems to be precisely, maddeningly off. Produced by Paramount (2008)."
TITLE_001399,A gripping psychological limited series where a seasoned detective discovers the prime suspect may be hiding in plain sight. Produced by Netflix Studios (2007).
TITLE_001400,"A heartwarming animated special that uses the adventures of misfit characters to explore belonging, courage, and found family. Produced by Universal (2009)."
TITLE_001401,A cerebral science fiction documentary about a theoretical physicist whose containment breach tears a hole in the fabric of spacetime. Produced by Netflix Studios (2010).
TITLE_001402,A bleak yet hopeful film depicting a generation born on a generation ship who have never seen Earth and no longer believe in it. Produced by Paramount (2005).
TITLE_001403,"A heartfelt film about two strangers whose lives intersect at a critical crossroads, leading to unexpected and inconvenient love. Produced by Apple TV+ (2021)."
TITLE_001404,A bold animated film that challenges the boundaries of the form while delivering a story full of wit and genuine emotion. Produced by Netflix Studios (2008).
TITLE_001405,A bleak yet hopeful documentary depicting a generation born on a generation ship who have never seen Earth and no longer believe in it. Produced by Netflix Studios (2017).
TITLE_001406,A slow-burn series where a seemingly routine investigation peels back layers of a community's darkest secrets. Produced by Universal (1991).
TITLE_001407,"A powerful limited series exploring the fractured bonds between family members as they navigate grief, guilt, and reconciliation. Produced by Warner Bros (1992)."
TITLE_001408,A charming series centered on a chaotic workplace where every attempt to impose order results in glorious failure. Produced by Disney (2019).
TITLE_001409,"A powerful film exploring the fractured bonds between family members as they navigate grief, guilt, and reconciliation. Produced by Sony (2005)."
TITLE_001410,A suspenseful special about a cybersecurity analyst who uncovers a conspiracy that reaches the highest corridors of power. Produced by Warner Bros (2009).
TITLE_001411,A witty special about a small-town dreamer who accidentally becomes the most controversial person in a major city. Produced by Warner Bros (2004).
TITLE_001412,A bold animated limited series that challenges the boundaries of the form while delivering a story full of wit and genuine emotion. Produced by Apple TV+ (2007).
TITLE_001413,An imaginative animated film that takes a young protagonist on a breathtaking journey through a world governed by forgotten magic. Produced by Warner Bros (2011).
TITLE_001414,A bold animated documentary that challenges the boundaries of the form while delivering a story full of wit and genuine emotion. Produced by Disney (2018).
TITLE_001415,A sharp satirical series skewering corporate culture through the eyes of the most reluctant middle manager alive. Produced by Paramount (1998).
TITLE_001416,A gripping psychological documentary where a seasoned detective discovers the prime suspect may be hiding in plain sight. Produced by Sony (2025).
TITLE_001417,A bone-chilling film where a marine biologist's deep-sea expedition surfaces a creature that should not exist. Produced by Paramount (2003).
TITLE_001418,An emotionally charged limited series about an individual's struggle to rebuild identity and purpose after an unexpected personal collapse. Produced by Paramount (1987).
TITLE_001419,A sharp satirical limited series skewering corporate culture through the eyes of the most reluctant middle manager alive. Produced by Sony (2006).
TITLE_001420,"A powerful series exploring the fractured bonds between family members as they navigate grief, guilt, and reconciliation. Produced by Sony (2019)."
TITLE_001421,"A heartfelt film about two strangers whose lives intersect at a critical crossroads, leading to unexpected and inconvenient love. Produced by Netflix Studios (1996)."
TITLE_001422,A chilling psychological documentary in which a family discovers their renovated home was built atop the site of something unspeakable. Produced by Sony (2015).
TITLE_001423,A gripping psychological documentary where a seasoned detective discovers the prime suspect may be hiding in plain sight. Produced by Universal (1989).
TITLE_001424,An explosive documentary following a disgraced soldier who must go rogue to expose corruption at the highest levels of government. Produced by Disney (1992).
TITLE_001425,A hilarious series following a group of well-meaning misfits whose cross-country trip descends into spectacular chaos. Produced by Universal (2001).
TITLE_001426,A tender yet unflinching special in which three strangers bound by a shared tragedy find unexpected solidarity. Produced by Apple TV+ (1995).
TITLE_001427,A bleak yet hopeful film depicting a generation born on a generation ship who have never seen Earth and no longer believe in it. Produced by Disney (1987).
TITLE_001428,A slow-dread limited series exploring the horror of losing trust in your own perception of reality. Produced by Sony (2013).
TITLE_001429,A high-octane special about a former special forces veteran pulled back into the field for one last impossible mission. Produced by Warner Bros (1985).
TITLE_001430,A nuanced limited series that examines the quiet cost of ambition and the unspoken sacrifices we make for the people we love. Produced by Sony (1984).
TITLE_001431,A tender yet unflinching series in which three strangers bound by a shared tragedy find unexpected solidarity. Produced by Netflix Studios (1998).
TITLE_001432,A tender yet unflinching series in which three strangers bound by a shared tragedy find unexpected solidarity. Produced by Warner Bros (1986).
TITLE_001433,A high-octane special about a former special forces veteran pulled back into the field for one last impossible mission. Produced by Netflix Studios (1998).
TITLE_001434,A pulse-pounding special where a covert operative races against time to prevent a global catastrophe. Produced by Netflix Studios (1987).
TITLE_001435,A hilarious limited series following a group of well-meaning misfits whose cross-country trip descends into spectacular chaos. Produced by Netflix Studios (1982).
TITLE_001436,"A heartwarming animated film that uses the adventures of misfit characters to explore belonging, courage, and found family. Produced by Netflix Studios (2001)."
TITLE_001437,A gripping psychological film where a seasoned detective discovers the prime suspect may be hiding in plain sight. Produced by Universal (1992).
TITLE_001438,A charming series centered on a chaotic workplace where every attempt to impose order results in glorious failure. Produced by Disney (1983).
TITLE_001439,"An adrenaline-fueled film in which rival factions clash across three continents, leaving a trail of deception and betrayal. Produced by Netflix Studios (2020)."
TITLE_001440,"A bittersweet romantic documentary following star-crossed lovers whose timing always seems to be precisely, maddeningly off. Produced by Apple TV+ (2016)."
TITLE_001441,A suspenseful special about a cybersecurity analyst who uncovers a conspiracy that reaches the highest corridors of power. Produced by Paramount (1983).
TITLE_001442,"A bittersweet romantic film following star-crossed lovers whose timing always seems to be precisely, maddeningly off. Produced by Sony (2011)."
TITLE_001443,A terrifying documentary following a group of strangers stranded in a remote wilderness as something ancient and patient closes in. Produced by Apple TV+ (2006).
TITLE_001444,"A powerful documentary exploring the fractured bonds between family members as they navigate grief, guilt, and reconciliation. Produced by Netflix Studios (2022)."
TITLE_001445,"A bittersweet romantic special following star-crossed lovers whose timing always seems to be precisely, maddeningly off. Produced by Universal (1993)."
TITLE_001446,"A heartfelt limited series about two strangers whose lives intersect at a critical crossroads, leading to unexpected and inconvenient love. Produced by Paramount (1982)."
TITLE_001447,A terrifying film following a group of strangers stranded in a remote wilderness as something ancient and patient closes in. Produced by Paramount (1992).
TITLE_001448,A nuanced limited series that examines the quiet cost of ambition and the unspoken sacrifices we make for the people we love. Produced by Warner Bros (1980).
TITLE_001449,A taut documentary in which a forensic archivist realizes the cold cases stacking up on her desk share one terrifying pattern. Produced by Warner Bros (2024).
TITLE_001450,An explosive series following a disgraced soldier who must go rogue to expose corruption at the highest levels of government. Produced by Apple TV+ (2024).
TITLE_001451,A pulse-pounding documentary where a covert operative races against time to prevent a global catastrophe. Produced by Netflix Studios (2007).
TITLE_001452,A slow-dread limited series exploring the horror of losing trust in your own perception of reality. Produced by Netflix Studios (1995).
TITLE_001453,A hilarious film following a group of well-meaning misfits whose cross-country trip descends into spectacular chaos. Produced by Warner Bros (1987).
TITLE_001454,A visionary science fiction series set in a near future where artificial intelligence has fundamentally reshaped what it means to be human. Produced by Disney (2017).
TITLE_001455,A cerebral science fiction film about a theoretical physicist whose containment breach tears a hole in the fabric of spacetime. Produced by Warner Bros (1983).
TITLE_001456,A visionary science fiction series set in a near future where artificial intelligence has fundamentally reshaped what it means to be human. Produced by Warner Bros (2011).
TITLE_001457,A bleak yet hopeful limited series depicting a generation born on a generation ship who have never seen Earth and no longer believe in it. Produced by Paramount (1982).
TITLE_001458,A sharp satirical series skewering corporate culture through the eyes of the most reluctant middle manager alive. Produced by Universal (2021).
TITLE_001459,A pulse-pounding series where a covert operative races against time to prevent a global catastrophe. Produced by Sony (1999).
TITLE_001460,"A heartwarming animated film that uses the adventures of misfit characters to explore belonging, courage, and found family. Produced by Netflix Studios (2022)."
TITLE_001461,"A heartwarming animated documentary that uses the adventures of misfit characters to explore belonging, courage, and found family. Produced by Paramount (1991)."
TITLE_001462,A pulse-pounding special where a covert operative races against time to prevent a global catastrophe. Produced by Universal (2013).
TITLE_001463,A cerebral science fiction documentary about a theoretical physicist whose containment breach tears a hole in the fabric of spacetime. Produced by Netflix Studios (2010).
TITLE_001464,A suspenseful limited series about a cybersecurity analyst who uncovers a conspiracy that reaches the highest corridors of power. Produced by Universal (2003).
TITLE_001465,A gripping psychological limited series where a seasoned detective discovers the prime suspect may be hiding in plain sight. Produced by Sony (2020).
TITLE_001466,A bleak yet hopeful special depicting a generation born on a generation ship who have never seen Earth and no longer believe in it. Produced by Sony (2020).
TITLE_001467,A pulse-pounding series where a covert operative races against time to prevent a global catastrophe. Produced by Netflix Studios (1988).
TITLE_001468,A thought-provoking film exploring the ethical fractures that open when deep-space colonization forces humanity to redefine citizenship. Produced by Sony (2000).
TITLE_001469,An imaginative animated special that takes a young protagonist on a breathtaking journey through a world governed by forgotten magic. Produced by Universal (2010).
TITLE_001470,A bone-chilling film where a marine biologist's deep-sea expedition surfaces a creature that should not exist. Produced by Universal (2018).
TITLE_001471,A witty series about a small-town dreamer who accidentally becomes the most controversial person in a major city. Produced by Apple TV+ (2018).
TITLE_001472,A cerebral science fiction special about a theoretical physicist whose containment breach tears a hole in the fabric of spacetime. Produced by Netflix Studios (2015).
TITLE_001473,A tender yet unflinching film in which three strangers bound by a shared tragedy find unexpected solidarity. Produced by Universal (2004).
TITLE_001474,A high-octane documentary about a former special forces veteran pulled back into the field for one last impossible mission. Produced by Sony (1986).
TITLE_001475,A visionary science fiction special set in a near future where artificial intelligence has fundamentally reshaped what it means to be human. Produced by Disney (2011).
TITLE_001476,A tender yet unflinching documentary in which three strangers bound by a shared tragedy find unexpected solidarity. Produced by Universal (2025).
TITLE_001477,An explosive film following a disgraced soldier who must go rogue to expose corruption at the highest levels of government. Produced by Disney (1986).
TITLE_001478,An explosive limited series following a disgraced soldier who must go rogue to expose corruption at the highest levels of government. Produced by Warner Bros (1983).
TITLE_001479,"A sweeping romance spanning three decades, exploring how first love quietly shapes every significant decision that follows. Produced by Universal (1992)."
TITLE_001480,A bleak yet hopeful limited series depicting a generation born on a generation ship who have never seen Earth and no longer believe in it. Produced by Paramount (1987).
TITLE_001481,A bleak yet hopeful special depicting a generation born on a generation ship who have never seen Earth and no longer believe in it. Produced by Netflix Studios (1999).
TITLE_001482,A tender yet unflinching documentary in which three strangers bound by a shared tragedy find unexpected solidarity. Produced by Warner Bros (2001).
TITLE_001483,An explosive special following a disgraced soldier who must go rogue to expose corruption at the highest levels of government. Produced by Universal (2018).
TITLE_001484,A thought-provoking film exploring the ethical fractures that open when deep-space colonization forces humanity to redefine citizenship. Produced by Apple TV+ (2006).
TITLE_001485,A tender yet unflinching documentary in which three strangers bound by a shared tragedy find unexpected solidarity. Produced by Apple TV+ (1995).
TITLE_001486,A witty limited series about a small-town dreamer who accidentally becomes the most controversial person in a major city. Produced by Netflix Studios (1991).
TITLE_001487,A tender film in which two people who built walls against vulnerability slowly and reluctantly dismantle them together. Produced by Universal (2023).
TITLE_001488,A bone-chilling film where a marine biologist's deep-sea expedition surfaces a creature that should not exist. Produced by Netflix Studios (1992).
TITLE_001489,An emotionally charged limited series about an individual's struggle to rebuild identity and purpose after an unexpected personal collapse. Produced by Sony (1991).
TITLE_001490,A suspenseful special about a cybersecurity analyst who uncovers a conspiracy that reaches the highest corridors of power. Produced by Paramount (1999).
TITLE_001491,A nuanced documentary that examines the quiet cost of ambition and the unspoken sacrifices we make for the people we love. Produced by Apple TV+ (1980).
TITLE_001492,A slow-dread series exploring the horror of losing trust in your own perception of reality. Produced by Sony (2013).
TITLE_001493,A slow-dread special exploring the horror of losing trust in your own perception of reality. Produced by Sony (2001).
TITLE_001494,A suspenseful limited series about a cybersecurity analyst who uncovers a conspiracy that reaches the highest corridors of power. Produced by Netflix Studios (2022).
TITLE_001495,A chilling psychological documentary in which a family discovers their renovated home was built atop the site of something unspeakable. Produced by Netflix Studios (2018).
TITLE_001496,A tender yet unflinching documentary in which three strangers bound by a shared tragedy find unexpected solidarity. Produced by Paramount (2021).
TITLE_001497,A suspenseful documentary about a cybersecurity analyst who uncovers a conspiracy that reaches the highest corridors of power. Produced by Apple TV+ (2000).
TITLE_001498,"An adrenaline-fueled special in which rival factions clash across three continents, leaving a trail of deception and betrayal. Produced by Apple TV+ (2024)."
TITLE_001499,A pulse-pounding series where a covert operative races against time to prevent a global catastrophe. Produced by Apple TV+ (1995).
TITLE_001500,A thought-provoking film exploring the ethical fractures that open when deep-space colonization forces humanity to redefine citizenship. Produced by Warner Bros (2005).
TITLE_001501,A terrifying special following a group of strangers stranded in a remote wilderness as something ancient and patient closes in. Produced by Sony (2008).
TITLE_001502,"A powerful film exploring the fractured bonds between family members as they navigate grief, guilt, and reconciliation. Produced by Apple TV+ (2016)."
TITLE_001503,A slow-burn film where a seemingly routine investigation peels back layers of a community's darkest secrets. Produced by Sony (2004).
TITLE_001504,An explosive special following a disgraced soldier who must go rogue to expose corruption at the highest levels of government. Produced by Warner Bros (2017).
TITLE_001505,"An adrenaline-fueled limited series in which rival factions clash across three continents, leaving a trail of deception and betrayal. Produced by Warner Bros (2011)."
TITLE_001506,"A heartwarming animated film that uses the adventures of misfit characters to explore belonging, courage, and found family. Produced by Sony (2001)."
TITLE_001507,A charming documentary centered on a chaotic workplace where every attempt to impose order results in glorious failure. Produced by Netflix Studios (1985).
TITLE_001508,An imaginative animated documentary that takes a young protagonist on a breathtaking journey through a world governed by forgotten magic. Produced by Sony (1989).
TITLE_001509,A suspenseful film about a cybersecurity analyst who uncovers a conspiracy that reaches the highest corridors of power. Produced by Disney (1980).
TITLE_001510,A hilarious limited series following a group of well-meaning misfits whose cross-country trip descends into spectacular chaos. Produced by Netflix Studios (1997).
TITLE_001511,A terrifying limited series following a group of strangers stranded in a remote wilderness as something ancient and patient closes in. Produced by Universal (1997).
TITLE_001512,A slow-burn special where a seemingly routine investigation peels back layers of a community's darkest secrets. Produced by Sony (2013).
TITLE_001513,A slow-dread limited series exploring the horror of losing trust in your own perception of reality. Produced by Apple TV+ (1993).
TITLE_001514,A cerebral science fiction documentary about a theoretical physicist whose containment breach tears a hole in the fabric of spacetime. Produced by Disney (2022).
TITLE_001515,"A powerful limited series exploring the fractured bonds between family members as they navigate grief, guilt, and reconciliation. Produced by Apple TV+ (1981)."
TITLE_001516,A slow-burn film where a seemingly routine investigation peels back layers of a community's darkest secrets. Produced by Sony (2012).
TITLE_001517,A chilling psychological documentary in which a family discovers their renovated home was built atop the site of something unspeakable. Produced by Sony (2019).
TITLE_001518,A gripping psychological series where a seasoned detective discovers the prime suspect may be hiding in plain sight. Produced by Netflix Studios (1999).
TITLE_001519,A high-octane film about a former special forces veteran pulled back into the field for one last impossible mission. Produced by Sony (1980).
TITLE_001520,A bold animated series that challenges the boundaries of the form while delivering a story full of wit and genuine emotion. Produced by Apple TV+ (2003).
TITLE_001521,A nuanced series that examines the quiet cost of ambition and the unspoken sacrifices we make for the people we love. Produced by Sony (1991).
TITLE_001522,A bold animated limited series that challenges the boundaries of the form while delivering a story full of wit and genuine emotion. Produced by Sony (2022).
TITLE_001523,A cerebral science fiction limited series about a theoretical physicist whose containment breach tears a hole in the fabric of spacetime. Produced by Netflix Studios (1982).
TITLE_001524,A bold animated special that challenges the boundaries of the form while delivering a story full of wit and genuine emotion. Produced by Netflix Studios (1985).
TITLE_001525,A visually stunning animated film about an unlikely band of heroes who must defend their enchanted homeland from an ancient darkness. Produced by Apple TV+ (1999).
TITLE_001526,A slow-dread film exploring the horror of losing trust in your own perception of reality. Produced by Sony (1995).
TITLE_001527,A nuanced series that examines the quiet cost of ambition and the unspoken sacrifices we make for the people we love. Produced by Netflix Studios (2004).
TITLE_001528,An explosive limited series following a disgraced soldier who must go rogue to expose corruption at the highest levels of government. Produced by Universal (2001).
TITLE_001529,A chilling psychological limited series in which a family discovers their renovated home was built atop the site of something unspeakable. Produced by Disney (2006).
TITLE_001530,"A bittersweet romantic series following star-crossed lovers whose timing always seems to be precisely, maddeningly off. Produced by Disney (2014)."
TITLE_001531,A thought-provoking documentary exploring the ethical fractures that open when deep-space colonization forces humanity to redefine citizenship. Produced by Sony (2008).
TITLE_001532,"A bittersweet romantic special following star-crossed lovers whose timing always seems to be precisely, maddeningly off. Produced by Netflix Studios (2007)."
TITLE_001533,A tender series in which two people who built walls against vulnerability slowly and reluctantly dismantle them together. Produced by Apple TV+ (2001).
TITLE_001534,A high-octane series about a former special forces veteran pulled back into the field for one last impossible mission. Produced by Apple TV+ (2021).
TITLE_001535,A hilarious series following a group of well-meaning misfits whose cross-country trip descends into spectacular chaos. Produced by Universal (1995).
TITLE_001536,A tender yet unflinching documentary in which three strangers bound by a shared tragedy find unexpected solidarity. Produced by Warner Bros (1999).
TITLE_001537,"A powerful film exploring the fractured bonds between family members as they navigate grief, guilt, and reconciliation. Produced by Netflix Studios (2024)."
TITLE_001538,A tender documentary in which two people who built walls against vulnerability slowly and reluctantly dismantle them together. Produced by Universal (2014).
TITLE_001539,"A powerful series exploring the fractured bonds between family members as they navigate grief, guilt, and reconciliation. Produced by Netflix Studios (2024)."
TITLE_001540,A witty documentary about a small-town dreamer who accidentally becomes the most controversial person in a major city. Produced by Disney (2019).
TITLE_001541,A sharp satirical special skewering corporate culture through the eyes of the most reluctant middle manager alive. Produced by Universal (2000).
TITLE_001542,A gripping psychological special where a seasoned detective discovers the prime suspect may be hiding in plain sight. Produced by Netflix Studios (1996).
TITLE_001543,A slow-dread series exploring the horror of losing trust in your own perception of reality. Produced by Paramount (1980).
TITLE_001544,A pulse-pounding documentary where a covert operative races against time to prevent a global catastrophe. Produced by Universal (1987).
TITLE_001545,A sharp satirical documentary skewering corporate culture through the eyes of the most reluctant middle manager alive. Produced by Apple TV+ (2002).
TITLE_001546,An imaginative animated documentary that takes a young protagonist on a breathtaking journey through a world governed by forgotten magic. Produced by Disney (2018).
TITLE_001547,A bold animated limited series that challenges the boundaries of the form while delivering a story full of wit and genuine emotion. Produced by Disney (2009).
TITLE_001548,A tender series in which two people who built walls against vulnerability slowly and reluctantly dismantle them together. Produced by Paramount (2005).
TITLE_001549,A nuanced documentary that examines the quiet cost of ambition and the unspoken sacrifices we make for the people we love. Produced by Disney (1987).
TITLE_001550,A tender yet unflinching documentary in which three strangers bound by a shared tragedy find unexpected solidarity. Produced by Warner Bros (1998).
TITLE_001551,"A bittersweet romantic film following star-crossed lovers whose timing always seems to be precisely, maddeningly off. Produced by Paramount (1982)."
TITLE_001552,"A heartfelt special about two strangers whose lives intersect at a critical crossroads, leading to unexpected and inconvenient love. Produced by Netflix Studios (2004)."
TITLE_001553,"A sweeping romance spanning three decades, exploring how first love quietly shapes every significant decision that follows. Produced by Universal (1996)."
TITLE_001554,A slow-dread film exploring the horror of losing trust in your own perception of reality. Produced by Apple TV+ (2013).
TITLE_001555,"A heartwarming animated special that uses the adventures of misfit characters to explore belonging, courage, and found family. Produced by Netflix Studios (2000)."
TITLE_001556,"A sweeping romance spanning three decades, exploring how first love quietly shapes every significant decision that follows. Produced by Disney (2015)."
TITLE_001557,A pulse-pounding film where a covert operative races against time to prevent a global catastrophe. Produced by Sony (2002).
TITLE_001558,"A powerful special exploring the fractured bonds between family members as they navigate grief, guilt, and reconciliation. Produced by Universal (2007)."
TITLE_001559,A thought-provoking film exploring the ethical fractures that open when deep-space colonization forces humanity to redefine citizenship. Produced by Apple TV+ (2011).
TITLE_001560,An explosive series following a disgraced soldier who must go rogue to expose corruption at the highest levels of government. Produced by Netflix Studios (2006).
TITLE_001561,An imaginative animated documentary that takes a young protagonist on a breathtaking journey through a world governed by forgotten magic. Produced by Sony (1994).
TITLE_001562,A visionary science fiction limited series set in a near future where artificial intelligence has fundamentally reshaped what it means to be human. Produced by Netflix Studios (2017).
TITLE_001563,A terrifying special following a group of strangers stranded in a remote wilderness as something ancient and patient closes in. Produced by Disney (1983).
TITLE_001564,A sharp satirical limited series skewering corporate culture through the eyes of the most reluctant middle manager alive. Produced by Universal (2023).
TITLE_001565,A slow-dread documentary exploring the horror of losing trust in your own perception of reality. Produced by Apple TV+ (1983).
TITLE_001566,"An adrenaline-fueled documentary in which rival factions clash across three continents, leaving a trail of deception and betrayal. Produced by Warner Bros (1991)."
TITLE_001567,A nuanced limited series that examines the quiet cost of ambition and the unspoken sacrifices we make for the people we love. Produced by Warner Bros (2013).
TITLE_001568,A tender film in which two people who built walls against vulnerability slowly and reluctantly dismantle them together. Produced by Disney (2016).
TITLE_001569,A cerebral science fiction film about a theoretical physicist whose containment breach tears a hole in the fabric of spacetime. Produced by Universal (1994).
TITLE_001570,A bleak yet hopeful limited series depicting a generation born on a generation ship who have never seen Earth and no longer believe in it. Produced by Paramount (1980).
TITLE_001571,A visually stunning animated special about an unlikely band of heroes who must defend their enchanted homeland from an ancient darkness. Produced by Apple TV+ (2020).
TITLE_001572,"An adrenaline-fueled film in which rival factions clash across three continents, leaving a trail of deception and betrayal. Produced by Universal (1993)."
TITLE_001573,A bone-chilling film where a marine biologist's deep-sea expedition surfaces a creature that should not exist. Produced by Netflix Studios (1991).
TITLE_001574,A bone-chilling film where a marine biologist's deep-sea expedition surfaces a creature that should not exist. Produced by Paramount (2002).
TITLE_001575,A nuanced limited series that examines the quiet cost of ambition and the unspoken sacrifices we make for the people we love. Produced by Sony (1981).
TITLE_001576,"A heartfelt series about two strangers whose lives intersect at a critical crossroads, leading to unexpected and inconvenient love. Produced by Warner Bros (1992)."
TITLE_001577,"A bittersweet romantic special following star-crossed lovers whose timing always seems to be precisely, maddeningly off. Produced by Netflix Studios (2017)."
TITLE_001578,A taut limited series in which a forensic archivist realizes the cold cases stacking up on her desk share one terrifying pattern. Produced by Paramount (1989).
TITLE_001579,A slow-burn film where a seemingly routine investigation peels back layers of a community's darkest secrets. Produced by Netflix Studios (2019).
TITLE_001580,"A heartwarming animated special that uses the adventures of misfit characters to explore belonging, courage, and found family. Produced by Universal (1995)."
TITLE_001581,"A heartwarming animated limited series that uses the adventures of misfit characters to explore belonging, courage, and found family. Produced by Universal (1986)."
TITLE_001582,A gripping psychological series where a seasoned detective discovers the prime suspect may be hiding in plain sight. Produced by Netflix Studios (1984).
TITLE_001583,A charming documentary centered on a chaotic workplace where every attempt to impose order results in glorious failure. Produced by Apple TV+ (1998).
TITLE_001584,A slow-dread special exploring the horror of losing trust in your own perception of reality. Produced by Paramount (1997).
TITLE_001585,A visionary science fiction series set in a near future where artificial intelligence has fundamentally reshaped what it means to be human. Produced by Sony (1986).
TITLE_001586,"A heartwarming animated limited series that uses the adventures of misfit characters to explore belonging, courage, and found family. Produced by Paramount (2008)."
TITLE_001587,"A bittersweet romantic special following star-crossed lovers whose timing always seems to be precisely, maddeningly off. Produced by Apple TV+ (1989)."
TITLE_001588,A bone-chilling documentary where a marine biologist's deep-sea expedition surfaces a creature that should not exist. Produced by Netflix Studios (1987).
TITLE_001589,A cerebral science fiction special about a theoretical physicist whose containment breach tears a hole in the fabric of spacetime. Produced by Apple TV+ (2019).
TITLE_001590,A pulse-pounding special where a covert operative races against time to prevent a global catastrophe. Produced by Warner Bros (2019).
TITLE_001591,A tender yet unflinching series in which three strangers bound by a shared tragedy find unexpected solidarity. Produced by Sony (2009).
TITLE_001592,A nuanced series that examines the quiet cost of ambition and the unspoken sacrifices we make for the people we love. Produced by Apple TV+ (2012).
TITLE_001593,A witty series about a small-town dreamer who accidentally becomes the most controversial person in a major city. Produced by Apple TV+ (2011).
TITLE_001594,An emotionally charged film about an individual's struggle to rebuild identity and purpose after an unexpected personal collapse. Produced by Universal (2010).
TITLE_001595,A slow-burn film where a seemingly routine investigation peels back layers of a community's darkest secrets. Produced by Apple TV+ (2003).
TITLE_001596,"A sweeping romance spanning three decades, exploring how first love quietly shapes every significant decision that follows. Produced by Paramount (1985)."
TITLE_001597,A tender special in which two people who built walls against vulnerability slowly and reluctantly dismantle them together. Produced by Netflix Studios (1984).
TITLE_001598,"An adrenaline-fueled limited series in which rival factions clash across three continents, leaving a trail of deception and betrayal. Produced by Disney (2001)."
TITLE_001599,A cerebral science fiction limited series about a theoretical physicist whose containment breach tears a hole in the fabric of spacetime. Produced by Sony (1999).
TITLE_001600,A bold animated limited series that challenges the boundaries of the form while delivering a story full of wit and genuine emotion. Produced by Universal (2016).
TITLE_001601,A visionary science fiction documentary set in a near future where artificial intelligence has fundamentally reshaped what it means to be human. Produced by Netflix Studios (2024).
TITLE_001602,A slow-burn documentary where a seemingly routine investigation peels back layers of a community's darkest secrets. Produced by Universal (2019).
TITLE_001603,A tender documentary in which two people who built walls against vulnerability slowly and reluctantly dismantle them together. Produced by Universal (1982).
TITLE_001604,"A powerful special exploring the fractured bonds between family members as they navigate grief, guilt, and reconciliation. Produced by Disney (2021)."
TITLE_001605,A gripping psychological film where a seasoned detective discovers the prime suspect may be hiding in plain sight. Produced by Netflix Studios (2009).
TITLE_001606,A visually stunning animated documentary about an unlikely band of heroes who must defend their enchanted homeland from an ancient darkness. Produced by Warner Bros (2013).
TITLE_001607,A bleak yet hopeful limited series depicting a generation born on a generation ship who have never seen Earth and no longer believe in it. Produced by Netflix Studios (2021).
TITLE_001608,A suspenseful special about a cybersecurity analyst who uncovers a conspiracy that reaches the highest corridors of power. Produced by Universal (1994).
TITLE_001609,"A powerful special exploring the fractured bonds between family members as they navigate grief, guilt, and reconciliation. Produced by Netflix Studios (1998)."
TITLE_001610,"A sweeping romance spanning three decades, exploring how first love quietly shapes every significant decision that follows. Produced by Netflix Studios (2001)."
TITLE_001611,"A powerful limited series exploring the fractured bonds between family members as they navigate grief, guilt, and reconciliation. Produced by Apple TV+ (1990)."
TITLE_001612,A terrifying film following a group of strangers stranded in a remote wilderness as something ancient and patient closes in. Produced by Disney (2000).
TITLE_001613,A slow-burn series where a seemingly routine investigation peels back layers of a community's darkest secrets. Produced by Paramount (1994).
TITLE_001614,A chilling psychological documentary in which a family discovers their renovated home was built atop the site of something unspeakable. Produced by Disney (1981).
TITLE_001615,An emotionally charged film about an individual's struggle to rebuild identity and purpose after an unexpected personal collapse. Produced by Disney (1996).
TITLE_001616,A visionary science fiction limited series set in a near future where artificial intelligence has fundamentally reshaped what it means to be human. Produced by Apple TV+ (2022).
TITLE_001617,"A sweeping romance spanning three decades, exploring how first love quietly shapes every significant decision that follows. Produced by Sony (1985)."
TITLE_001618,A slow-burn film where a seemingly routine investigation peels back layers of a community's darkest secrets. Produced by Universal (2024).
TITLE_001619,A bleak yet hopeful special depicting a generation born on a generation ship who have never seen Earth and no longer believe in it. Produced by Netflix Studios (1990).
TITLE_001620,A tender series in which two people who built walls against vulnerability slowly and reluctantly dismantle them together. Produced by Warner Bros (2020).
TITLE_001621,A sharp satirical film skewering corporate culture through the eyes of the most reluctant middle manager alive. Produced by Sony (1994).
TITLE_001622,A witty film about a small-town dreamer who accidentally becomes the most controversial person in a major city. Produced by Apple TV+ (1983).
TITLE_001623,A hilarious series following a group of well-meaning misfits whose cross-country trip descends into spectacular chaos. Produced by Sony (2018).
TITLE_001624,"A powerful series exploring the fractured bonds between family members as they navigate grief, guilt, and reconciliation. Produced by Apple TV+ (1987)."
TITLE_001625,A slow-burn special where a seemingly routine investigation peels back layers of a community's darkest secrets. Produced by Sony (2018).
TITLE_001626,A tender series in which two people who built walls against vulnerability slowly and reluctantly dismantle them together. Produced by Apple TV+ (2005).
TITLE_001627,A terrifying documentary following a group of strangers stranded in a remote wilderness as something ancient and patient closes in. Produced by Paramount (1991).
TITLE_001628,"A powerful limited series exploring the fractured bonds between family members as they navigate grief, guilt, and reconciliation. Produced by Universal (2007)."
TITLE_001629,A bleak yet hopeful limited series depicting a generation born on a generation ship who have never seen Earth and no longer believe in it. Produced by Apple TV+ (2024).
TITLE_001630,"A heartwarming animated documentary that uses the adventures of misfit characters to explore belonging, courage, and found family. Produced by Sony (1984)."
TITLE_001631,"A heartwarming animated limited series that uses the adventures of misfit characters to explore belonging, courage, and found family. Produced by Netflix Studios (2018)."
TITLE_001632,A hilarious film following a group of well-meaning misfits whose cross-country trip descends into spectacular chaos. Produced by Netflix Studios (1996).
TITLE_001633,A tender yet unflinching limited series in which three strangers bound by a shared tragedy find unexpected solidarity. Produced by Netflix Studios (1990).
TITLE_001634,A pulse-pounding series where a covert operative races against time to prevent a global catastrophe. Produced by Universal (2016).
TITLE_001635,A cerebral science fiction documentary about a theoretical physicist whose containment breach tears a hole in the fabric of spacetime. Produced by Paramount (2016).
TITLE_001636,A slow-dread limited series exploring the horror of losing trust in your own perception of reality. Produced by Apple TV+ (1996).
TITLE_001637,An imaginative animated film that takes a young protagonist on a breathtaking journey through a world governed by forgotten magic. Produced by Disney (1982).
TITLE_001638,A bold animated special that challenges the boundaries of the form while delivering a story full of wit and genuine emotion. Produced by Disney (2023).
TITLE_001639,"A heartwarming animated film that uses the adventures of misfit characters to explore belonging, courage, and found family. Produced by Warner Bros (1993)."
TITLE_001640,A slow-dread series exploring the horror of losing trust in your own perception of reality. Produced by Universal (1985).
TITLE_001641,"An adrenaline-fueled special in which rival factions clash across three continents, leaving a trail of deception and betrayal. Produced by Warner Bros (2001)."
TITLE_001642,A suspenseful series about a cybersecurity analyst who uncovers a conspiracy that reaches the highest corridors of power. Produced by Warner Bros (1997).
TITLE_001643,A gripping psychological documentary where a seasoned detective discovers the prime suspect may be hiding in plain sight. Produced by Netflix Studios (2000).
TITLE_001644,A taut limited series in which a forensic archivist realizes the cold cases stacking up on her desk share one terrifying pattern. Produced by Disney (2006).
TITLE_001645,A thought-provoking limited series exploring the ethical fractures that open when deep-space colonization forces humanity to redefine citizenship. Produced by Universal (2024).
TITLE_001646,A suspenseful film about a cybersecurity analyst who uncovers a conspiracy that reaches the highest corridors of power. Produced by Paramount (2000).
TITLE_001647,A pulse-pounding limited series where a covert operative races against time to prevent a global catastrophe. Produced by Sony (2025).
TITLE_001648,An explosive limited series following a disgraced soldier who must go rogue to expose corruption at the highest levels of government. Produced by Warner Bros (1988).
TITLE_001649,"An adrenaline-fueled series in which rival factions clash across three continents, leaving a trail of deception and betrayal. Produced by Universal (2024)."
TITLE_001650,"A heartwarming animated film that uses the adventures of misfit characters to explore belonging, courage, and found family. Produced by Apple TV+ (1984)."
TITLE_001651,"A powerful series exploring the fractured bonds between family members as they navigate grief, guilt, and reconciliation. Produced by Netflix Studios (2017)."
TITLE_001652,A tender documentary in which two people who built walls against vulnerability slowly and reluctantly dismantle them together. Produced by Warner Bros (2016).
TITLE_001653,A suspenseful documentary about a cybersecurity analyst who uncovers a conspiracy that reaches the highest corridors of power. Produced by Paramount (2008).
TITLE_001654,A thought-provoking series exploring the ethical fractures that open when deep-space colonization forces humanity to redefine citizenship. Produced by Netflix Studios (2019).
TITLE_001655,An imaginative animated special that takes a young protagonist on a breathtaking journey through a world governed by forgotten magic. Produced by Sony (1980).
TITLE_001656,A sharp satirical film skewering corporate culture through the eyes of the most reluctant middle manager alive. Produced by Apple TV+ (2017).
TITLE_001657,A chilling psychological film in which a family discovers their renovated home was built atop the site of something unspeakable. Produced by Warner Bros (1986).
TITLE_001658,A sharp satirical special skewering corporate culture through the eyes of the most reluctant middle manager alive. Produced by Warner Bros (1988).
TITLE_001659,A sharp satirical limited series skewering corporate culture through the eyes of the most reluctant middle manager alive. Produced by Warner Bros (2022).
TITLE_001660,A high-octane film about a former special forces veteran pulled back into the field for one last impossible mission. Produced by Warner Bros (2023).
TITLE_001661,A pulse-pounding documentary where a covert operative races against time to prevent a global catastrophe. Produced by Universal (2005).
TITLE_001662,A visionary science fiction film set in a near future where artificial intelligence has fundamentally reshaped what it means to be human. Produced by Netflix Studios (2003).
TITLE_001663,A nuanced limited series that examines the quiet cost of ambition and the unspoken sacrifices we make for the people we love. Produced by Sony (2001).
TITLE_001664,"A powerful series exploring the fractured bonds between family members as they navigate grief, guilt, and reconciliation. Produced by Sony (1988)."
TITLE_001665,A nuanced film that examines the quiet cost of ambition and the unspoken sacrifices we make for the people we love. Produced by Netflix Studios (1985).
TITLE_001666,A tender yet unflinching special in which three strangers bound by a shared tragedy find unexpected solidarity. Produced by Netflix Studios (1980).
TITLE_001667,A chilling psychological limited series in which a family discovers their renovated home was built atop the site of something unspeakable. Produced by Disney (1999).
TITLE_001668,A thought-provoking series exploring the ethical fractures that open when deep-space colonization forces humanity to redefine citizenship. Produced by Netflix Studios (1988).
TITLE_001669,A bone-chilling film where a marine biologist's deep-sea expedition surfaces a creature that should not exist. Produced by Disney (2004).
TITLE_001670,An explosive limited series following a disgraced soldier who must go rogue to expose corruption at the highest levels of government. Produced by Netflix Studios (2007).
TITLE_001671,A bone-chilling film where a marine biologist's deep-sea expedition surfaces a creature that should not exist. Produced by Disney (2014).
TITLE_001672,A charming series centered on a chaotic workplace where every attempt to impose order results in glorious failure. Produced by Apple TV+ (1981).
TITLE_001673,An explosive documentary following a disgraced soldier who must go rogue to expose corruption at the highest levels of government. Produced by Disney (1982).
TITLE_001674,A terrifying limited series following a group of strangers stranded in a remote wilderness as something ancient and patient closes in. Produced by Universal (2004).
TITLE_001675,A slow-dread series exploring the horror of losing trust in your own perception of reality. Produced by Paramount (2002).
TITLE_001676,A slow-burn limited series where a seemingly routine investigation peels back layers of a community's darkest secrets. Produced by Netflix Studios (2025).
TITLE_001677,A taut series in which a forensic archivist realizes the cold cases stacking up on her desk share one terrifying pattern. Produced by Apple TV+ (2021).
TITLE_001678,A thought-provoking special exploring the ethical fractures that open when deep-space colonization forces humanity to redefine citizenship. Produced by Warner Bros (1998).
TITLE_001679,A hilarious special following a group of well-meaning misfits whose cross-country trip descends into spectacular chaos. Produced by Warner Bros (1980).
TITLE_001680,"A powerful film exploring the fractured bonds between family members as they navigate grief, guilt, and reconciliation. Produced by Warner Bros (1987)."
TITLE_001681,An imaginative animated special that takes a young protagonist on a breathtaking journey through a world governed by forgotten magic. Produced by Netflix Studios (1992).
TITLE_001682,A slow-burn film where a seemingly routine investigation peels back layers of a community's darkest secrets. Produced by Sony (2001).
TITLE_001683,A bleak yet hopeful limited series depicting a generation born on a generation ship who have never seen Earth and no longer believe in it. Produced by Paramount (2002).
TITLE_001684,A visually stunning animated documentary about an unlikely band of heroes who must defend their enchanted homeland from an ancient darkness. Produced by Disney (1994).
TITLE_001685,A visually stunning animated special about an unlikely band of heroes who must defend their enchanted homeland from an ancient darkness. Produced by Warner Bros (1998).
TITLE_001686,A suspenseful series about a cybersecurity analyst who uncovers a conspiracy that reaches the highest corridors of power. Produced by Netflix Studios (2001).
TITLE_001687,"A powerful series exploring the fractured bonds between family members as they navigate grief, guilt, and reconciliation. Produced by Disney (2025)."
TITLE_001688,A slow-dread special exploring the horror of losing trust in your own perception of reality. Produced by Paramount (2018).
TITLE_001689,A bone-chilling series where a marine biologist's deep-sea expedition surfaces a creature that should not exist. Produced by Disney (2016).
TITLE_001690,A tender yet unflinching special in which three strangers bound by a shared tragedy find unexpected solidarity. Produced by Warner Bros (2024).
TITLE_001691,An imaginative animated film that takes a young protagonist on a breathtaking journey through a world governed by forgotten magic. Produced by Universal (1986).
TITLE_001692,An explosive documentary following a disgraced soldier who must go rogue to expose corruption at the highest levels of government. Produced by Paramount (2016).
TITLE_001693,"A bittersweet romantic special following star-crossed lovers whose timing always seems to be precisely, maddeningly off. Produced by Paramount (2006)."
TITLE_001694,An explosive special following a disgraced soldier who must go rogue to expose corruption at the highest levels of government. Produced by Universal (2015).
TITLE_001695,"A powerful special exploring the fractured bonds between family members as they navigate grief, guilt, and reconciliation. Produced by Paramount (1996)."
TITLE_001696,A hilarious special following a group of well-meaning misfits whose cross-country trip descends into spectacular chaos. Produced by Universal (2008).
TITLE_001697,"A heartfelt special about two strangers whose lives intersect at a critical crossroads, leading to unexpected and inconvenient love. Produced by Paramount (2010)."
TITLE_001698,A visually stunning animated film about an unlikely band of heroes who must defend their enchanted homeland from an ancient darkness. Produced by Paramount (2005).
TITLE_001699,A taut documentary in which a forensic archivist realizes the cold cases stacking up on her desk share one terrifying pattern. Produced by Sony (2024).
TITLE_001700,A sharp satirical special skewering corporate culture through the eyes of the most reluctant middle manager alive. Produced by Universal (2013).
TITLE_001701,A pulse-pounding special where a covert operative races against time to prevent a global catastrophe. Produced by Netflix Studios (1996).
TITLE_001702,A thought-provoking series exploring the ethical fractures that open when deep-space colonization forces humanity to redefine citizenship. Produced by Paramount (2013).
TITLE_001703,A hilarious documentary following a group of well-meaning misfits whose cross-country trip descends into spectacular chaos. Produced by Sony (1984).
TITLE_001704,"A heartfelt limited series about two strangers whose lives intersect at a critical crossroads, leading to unexpected and inconvenient love. Produced by Netflix Studios (1993)."
TITLE_001705,A hilarious special following a group of well-meaning misfits whose cross-country trip descends into spectacular chaos. Produced by Universal (1997).
TITLE_001706,A slow-burn documentary where a seemingly routine investigation peels back layers of a community's darkest secrets. Produced by Sony (2004).
TITLE_001707,A nuanced documentary that examines the quiet cost of ambition and the unspoken sacrifices we make for the people we love. Produced by Universal (2007).
TITLE_001708,A terrifying series following a group of strangers stranded in a remote wilderness as something ancient and patient closes in. Produced by Universal (1999).
TITLE_001709,A chilling psychological series in which a family discovers their renovated home was built atop the site of something unspeakable. Produced by Sony (2024).
TITLE_001710,A tender yet unflinching limited series in which three strangers bound by a shared tragedy find unexpected solidarity. Produced by Universal (1985).
TITLE_001711,An emotionally charged series about an individual's struggle to rebuild identity and purpose after an unexpected personal collapse. Produced by Disney (1993).
TITLE_001712,A taut special in which a forensic archivist realizes the cold cases stacking up on her desk share one terrifying pattern. Produced by Netflix Studios (1994).
TITLE_001713,A slow-burn documentary where a seemingly routine investigation peels back layers of a community's darkest secrets. Produced by Paramount (2022).
TITLE_001714,"A sweeping romance spanning three decades, exploring how first love quietly shapes every significant decision that follows. Produced by Paramount (1996)."
TITLE_001715,A slow-dread film exploring the horror of losing trust in your own perception of reality. Produced by Warner Bros (2014).
TITLE_001716,An imaginative animated series that takes a young protagonist on a breathtaking journey through a world governed by forgotten magic. Produced by Paramount (2007).
TITLE_001717,A sharp satirical film skewering corporate culture through the eyes of the most reluctant middle manager alive. Produced by Disney (2017).
TITLE_001718,A nuanced series that examines the quiet cost of ambition and the unspoken sacrifices we make for the people we love. Produced by Apple TV+ (1986).
TITLE_001719,An imaginative animated limited series that takes a young protagonist on a breathtaking journey through a world governed by forgotten magic. Produced by Sony (2006).
TITLE_001720,A visually stunning animated series about an unlikely band of heroes who must defend their enchanted homeland from an ancient darkness. Produced by Warner Bros (1980).
TITLE_001721,A bleak yet hopeful special depicting a generation born on a generation ship who have never seen Earth and no longer believe in it. Produced by Disney (2014).
TITLE_001722,A cerebral science fiction film about a theoretical physicist whose containment breach tears a hole in the fabric of spacetime. Produced by Warner Bros (1989).
TITLE_001723,A chilling psychological limited series in which a family discovers their renovated home was built atop the site of something unspeakable. Produced by Netflix Studios (2000).
TITLE_001724,A slow-dread series exploring the horror of losing trust in your own perception of reality. Produced by Netflix Studios (2020).
TITLE_001725,A pulse-pounding special where a covert operative races against time to prevent a global catastrophe. Produced by Warner Bros (2010).
TITLE_001726,A bleak yet hopeful documentary depicting a generation born on a generation ship who have never seen Earth and no longer believe in it. Produced by Sony (1985).
TITLE_001727,A suspenseful special about a cybersecurity analyst who uncovers a conspiracy that reaches the highest corridors of power. Produced by Universal (2000).
TITLE_001728,"A heartfelt film about two strangers whose lives intersect at a critical crossroads, leading to unexpected and inconvenient love. Produced by Paramount (2023)."
TITLE_001729,A suspenseful series about a cybersecurity analyst who uncovers a conspiracy that reaches the highest corridors of power. Produced by Netflix Studios (1986).
TITLE_001730,An explosive film following a disgraced soldier who must go rogue to expose corruption at the highest levels of government. Produced by Paramount (1983).
TITLE_001731,A bleak yet hopeful film depicting a generation born on a generation ship who have never seen Earth and no longer believe in it. Produced by Disney (1986).
TITLE_001732,A nuanced series that examines the quiet cost of ambition and the unspoken sacrifices we make for the people we love. Produced by Universal (1998).
TITLE_001733,A suspenseful limited series about a cybersecurity analyst who uncovers a conspiracy that reaches the highest corridors of power. Produced by Netflix Studios (2009).
TITLE_001734,"An adrenaline-fueled series in which rival factions clash across three continents, leaving a trail of deception and betrayal. Produced by Universal (2024)."
TITLE_001735,An emotionally charged series about an individual's struggle to rebuild identity and purpose after an unexpected personal collapse. Produced by Netflix Studios (2023).
TITLE_001736,A tender yet unflinching special in which three strangers bound by a shared tragedy find unexpected solidarity. Produced by Warner Bros (2007).
TITLE_001737,A nuanced special that examines the quiet cost of ambition and the unspoken sacrifices we make for the people we love. Produced by Paramount (2004).
TITLE_001738,A witty limited series about a small-town dreamer who accidentally becomes the most controversial person in a major city. Produced by Sony (2004).
TITLE_001739,A visionary science fiction limited series set in a near future where artificial intelligence has fundamentally reshaped what it means to be human. Produced by Sony (1993).
TITLE_001740,A witty limited series about a small-town dreamer who accidentally becomes the most controversial person in a major city. Produced by Warner Bros (2018).
TITLE_001741,A bold animated series that challenges the boundaries of the form while delivering a story full of wit and genuine emotion. Produced by Warner Bros (2001).
TITLE_001742,"A heartfelt limited series about two strangers whose lives intersect at a critical crossroads, leading to unexpected and inconvenient love. Produced by Apple TV+ (2006)."
TITLE_001743,A visionary science fiction documentary set in a near future where artificial intelligence has fundamentally reshaped what it means to be human. Produced by Netflix Studios (2000).
TITLE_001744,A slow-dread film exploring the horror of losing trust in your own perception of reality. Produced by Warner Bros (1994).
TITLE_001745,A tender yet unflinching special in which three strangers bound by a shared tragedy find unexpected solidarity. Produced by Netflix Studios (2011).
TITLE_001746,A high-octane special about a former special forces veteran pulled back into the field for one last impossible mission. Produced by Netflix Studios (2012).
TITLE_001747,A gripping psychological special where a seasoned detective discovers the prime suspect may be hiding in plain sight. Produced by Warner Bros (1996).
TITLE_001748,A suspenseful series about a cybersecurity analyst who uncovers a conspiracy that reaches the highest corridors of power. Produced by Warner Bros (1987).
TITLE_001749,A slow-dread documentary exploring the horror of losing trust in your own perception of reality. Produced by Paramount (2016).
TITLE_001750,A taut special in which a forensic archivist realizes the cold cases stacking up on her desk share one terrifying pattern. Produced by Disney (2018).
TITLE_001751,A sharp satirical series skewering corporate culture through the eyes of the most reluctant middle manager alive. Produced by Paramount (1991).
TITLE_001752,A nuanced special that examines the quiet cost of ambition and the unspoken sacrifices we make for the people we love. Produced by Sony (2008).
TITLE_001753,An explosive documentary following a disgraced soldier who must go rogue to expose corruption at the highest levels of government. Produced by Universal (2021).
TITLE_001754,A sharp satirical series skewering corporate culture through the eyes of the most reluctant middle manager alive. Produced by Apple TV+ (2021).
TITLE_001755,A high-octane documentary about a former special forces veteran pulled back into the field for one last impossible mission. Produced by Netflix Studios (1994).
TITLE_001756,A gripping psychological series where a seasoned detective discovers the prime suspect may be hiding in plain sight. Produced by Sony (2007).
TITLE_001757,A sharp satirical series skewering corporate culture through the eyes of the most reluctant middle manager alive. Produced by Apple TV+ (2015).
TITLE_001758,A cerebral science fiction series about a theoretical physicist whose containment breach tears a hole in the fabric of spacetime. Produced by Apple TV+ (1986).
TITLE_001759,A slow-dread documentary exploring the horror of losing trust in your own perception of reality. Produced by Paramount (2013).
TITLE_001760,An imaginative animated special that takes a young protagonist on a breathtaking journey through a world governed by forgotten magic. Produced by Disney (2002).
TITLE_001761,An imaginative animated series that takes a young protagonist on a breathtaking journey through a world governed by forgotten magic. Produced by Netflix Studios (2012).
TITLE_001762,A slow-dread documentary exploring the horror of losing trust in your own perception of reality. Produced by Paramount (1989).
TITLE_001763,A nuanced film that examines the quiet cost of ambition and the unspoken sacrifices we make for the people we love. Produced by Warner Bros (1999).
TITLE_001764,A bone-chilling limited series where a marine biologist's deep-sea expedition surfaces a creature that should not exist. Produced by Disney (2025).
TITLE_001765,A charming limited series centered on a chaotic workplace where every attempt to impose order results in glorious failure. Produced by Netflix Studios (2021).
TITLE_001766,A pulse-pounding limited series where a covert operative races against time to prevent a global catastrophe. Produced by Disney (1984).
TITLE_001767,A nuanced film that examines the quiet cost of ambition and the unspoken sacrifices we make for the people we love. Produced by Netflix Studios (1991).
TITLE_001768,An imaginative animated film that takes a young protagonist on a breathtaking journey through a world governed by forgotten magic. Produced by Sony (2010).
TITLE_001769,A thought-provoking documentary exploring the ethical fractures that open when deep-space colonization forces humanity to redefine citizenship. Produced by Sony (2001).
TITLE_001770,A high-octane film about a former special forces veteran pulled back into the field for one last impossible mission. Produced by Paramount (1993).
TITLE_001771,A witty film about a small-town dreamer who accidentally becomes the most controversial person in a major city. Produced by Universal (1996).
TITLE_001772,A visually stunning animated special about an unlikely band of heroes who must defend their enchanted homeland from an ancient darkness. Produced by Netflix Studios (1983).
TITLE_001773,A slow-burn limited series where a seemingly routine investigation peels back layers of a community's darkest secrets. Produced by Disney (2019).
TITLE_001774,A visionary science fiction series set in a near future where artificial intelligence has fundamentally reshaped what it means to be human. Produced by Sony (1982).
TITLE_001775,A cerebral science fiction limited series about a theoretical physicist whose containment breach tears a hole in the fabric of spacetime. Produced by Netflix Studios (1985).
TITLE_001776,"A powerful film exploring the fractured bonds between family members as they navigate grief, guilt, and reconciliation. Produced by Disney (2023)."
TITLE_001777,A witty series about a small-town dreamer who accidentally becomes the most controversial person in a major city. Produced by Netflix Studios (1999).
TITLE_001778,A gripping psychological film where a seasoned detective discovers the prime suspect may be hiding in plain sight. Produced by Warner Bros (2004).
TITLE_001779,A terrifying special following a group of strangers stranded in a remote wilderness as something ancient and patient closes in. Produced by Sony (2010).
TITLE_001780,"A heartfelt special about two strangers whose lives intersect at a critical crossroads, leading to unexpected and inconvenient love. Produced by Sony (1983)."
TITLE_001781,A bleak yet hopeful limited series depicting a generation born on a generation ship who have never seen Earth and no longer believe in it. Produced by Disney (1997).
TITLE_001782,A terrifying film following a group of strangers stranded in a remote wilderness as something ancient and patient closes in. Produced by Apple TV+ (1997).
TITLE_001783,An imaginative animated limited series that takes a young protagonist on a breathtaking journey through a world governed by forgotten magic. Produced by Universal (2019).
TITLE_001784,A high-octane series about a former special forces veteran pulled back into the field for one last impossible mission. Produced by Paramount (2011).
TITLE_001785,An imaginative animated documentary that takes a young protagonist on a breathtaking journey through a world governed by forgotten magic. Produced by Disney (2020).
TITLE_001786,An emotionally charged documentary about an individual's struggle to rebuild identity and purpose after an unexpected personal collapse. Produced by Universal (2000).
TITLE_001787,A thought-provoking documentary exploring the ethical fractures that open when deep-space colonization forces humanity to redefine citizenship. Produced by Disney (1992).
TITLE_001788,A gripping psychological series where a seasoned detective discovers the prime suspect may be hiding in plain sight. Produced by Warner Bros (2019).
TITLE_001789,A sharp satirical documentary skewering corporate culture through the eyes of the most reluctant middle manager alive. Produced by Paramount (2020).
TITLE_001790,A bold animated special that challenges the boundaries of the form while delivering a story full of wit and genuine emotion. Produced by Paramount (1998).
TITLE_001791,A suspenseful limited series about a cybersecurity analyst who uncovers a conspiracy that reaches the highest corridors of power. Produced by Sony (1989).
TITLE_001792,A chilling psychological documentary in which a family discovers their renovated home was built atop the site of something unspeakable. Produced by Netflix Studios (2021).
TITLE_001793,A bone-chilling limited series where a marine biologist's deep-sea expedition surfaces a creature that should not exist. Produced by Apple TV+ (2021).
TITLE_001794,A hilarious limited series following a group of well-meaning misfits whose cross-country trip descends into spectacular chaos. Produced by Warner Bros (2025).
TITLE_001795,"A heartwarming animated series that uses the adventures of misfit characters to explore belonging, courage, and found family. Produced by Netflix Studios (2022)."
TITLE_001796,A suspenseful film about a cybersecurity analyst who uncovers a conspiracy that reaches the highest corridors of power. Produced by Warner Bros (1986).
TITLE_001797,A gripping psychological series where a seasoned detective discovers the prime suspect may be hiding in plain sight. Produced by Apple TV+ (1981).
TITLE_001798,"A bittersweet romantic film following star-crossed lovers whose timing always seems to be precisely, maddeningly off. Produced by Warner Bros (2021)."
TITLE_001799,A terrifying series following a group of strangers stranded in a remote wilderness as something ancient and patient closes in. Produced by Apple TV+ (2017).
TITLE_001800,A hilarious special following a group of well-meaning misfits whose cross-country trip descends into spectacular chaos. Produced by Paramount (1986).
TITLE_001801,A tender yet unflinching film in which three strangers bound by a shared tragedy find unexpected solidarity. Produced by Apple TV+ (2002).
TITLE_001802,A pulse-pounding series where a covert operative races against time to prevent a global catastrophe. Produced by Universal (2012).
TITLE_001803,A bone-chilling special where a marine biologist's deep-sea expedition surfaces a creature that should not exist. Produced by Disney (1999).
TITLE_001804,A bleak yet hopeful documentary depicting a generation born on a generation ship who have never seen Earth and no longer believe in it. Produced by Paramount (1991).
TITLE_001805,A visionary science fiction documentary set in a near future where artificial intelligence has fundamentally reshaped what it means to be human. Produced by Disney (2016).
TITLE_001806,A tender yet unflinching documentary in which three strangers bound by a shared tragedy find unexpected solidarity. Produced by Warner Bros (1995).
TITLE_001807,A tender yet unflinching series in which three strangers bound by a shared tragedy find unexpected solidarity. Produced by Netflix Studios (2015).
TITLE_001808,A charming documentary centered on a chaotic workplace where every attempt to impose order results in glorious failure. Produced by Netflix Studios (2002).
TITLE_001809,A visionary science fiction film set in a near future where artificial intelligence has fundamentally reshaped what it means to be human. Produced by Universal (1992).
TITLE_001810,A terrifying limited series following a group of strangers stranded in a remote wilderness as something ancient and patient closes in. Produced by Universal (1990).
TITLE_001811,A suspenseful documentary about a cybersecurity analyst who uncovers a conspiracy that reaches the highest corridors of power. Produced by Paramount (2003).
TITLE_001812,A suspenseful special about a cybersecurity analyst who uncovers a conspiracy that reaches the highest corridors of power. Produced by Warner Bros (1997).
TITLE_001813,A suspenseful series about a cybersecurity analyst who uncovers a conspiracy that reaches the highest corridors of power. Produced by Universal (1980).
TITLE_001814,"An adrenaline-fueled film in which rival factions clash across three continents, leaving a trail of deception and betrayal. Produced by Universal (1982)."
TITLE_001815,A charming special centered on a chaotic workplace where every attempt to impose order results in glorious failure. Produced by Netflix Studios (2008).
TITLE_001816,"A bittersweet romantic special following star-crossed lovers whose timing always seems to be precisely, maddeningly off. Produced by Apple TV+ (2009)."
TITLE_001817,An imaginative animated documentary that takes a young protagonist on a breathtaking journey through a world governed by forgotten magic. Produced by Disney (2006).
TITLE_001818,"A sweeping romance spanning three decades, exploring how first love quietly shapes every significant decision that follows. Produced by Universal (2016)."
TITLE_001819,A slow-burn limited series where a seemingly routine investigation peels back layers of a community's darkest secrets. Produced by Netflix Studios (2005).
TITLE_001820,A nuanced series that examines the quiet cost of ambition and the unspoken sacrifices we make for the people we love. Produced by Sony (2020).
TITLE_001821,An explosive limited series following a disgraced soldier who must go rogue to expose corruption at the highest levels of government. Produced by Paramount (2005).
TITLE_001822,A tender yet unflinching film in which three strangers bound by a shared tragedy find unexpected solidarity. Produced by Sony (2015).
TITLE_001823,A tender film in which two people who built walls against vulnerability slowly and reluctantly dismantle them together. Produced by Apple TV+ (1980).
TITLE_001824,A visionary science fiction series set in a near future where artificial intelligence has fundamentally reshaped what it means to be human. Produced by Sony (2000).
TITLE_001825,"A powerful series exploring the fractured bonds between family members as they navigate grief, guilt, and reconciliation. Produced by Paramount (2019)."
TITLE_001826,A visionary science fiction special set in a near future where artificial intelligence has fundamentally reshaped what it means to be human. Produced by Sony (1980).
TITLE_001827,A visionary science fiction documentary set in a near future where artificial intelligence has fundamentally reshaped what it means to be human. Produced by Warner Bros (1984).
TITLE_001828,A cerebral science fiction documentary about a theoretical physicist whose containment breach tears a hole in the fabric of spacetime. Produced by Sony (2025).
TITLE_001829,A bold animated documentary that challenges the boundaries of the form while delivering a story full of wit and genuine emotion. Produced by Netflix Studios (1998).
TITLE_001830,A bone-chilling film where a marine biologist's deep-sea expedition surfaces a creature that should not exist. Produced by Sony (2005).
TITLE_001831,"A sweeping romance spanning three decades, exploring how first love quietly shapes every significant decision that follows. Produced by Sony (1998)."
TITLE_001832,An emotionally charged film about an individual's struggle to rebuild identity and purpose after an unexpected personal collapse. Produced by Paramount (1982).
TITLE_001833,"A powerful film exploring the fractured bonds between family members as they navigate grief, guilt, and reconciliation. Produced by Netflix Studios (1991)."
TITLE_001834,A bold animated series that challenges the boundaries of the form while delivering a story full of wit and genuine emotion. Produced by Warner Bros (2006).
TITLE_001835,A hilarious limited series following a group of well-meaning misfits whose cross-country trip descends into spectacular chaos. Produced by Warner Bros (1980).
TITLE_001836,A pulse-pounding series where a covert operative races against time to prevent a global catastrophe. Produced by Apple TV+ (2022).
TITLE_001837,A tender yet unflinching limited series in which three strangers bound by a shared tragedy find unexpected solidarity. Produced by Apple TV+ (2018).
TITLE_001838,A visionary science fiction limited series set in a near future where artificial intelligence has fundamentally reshaped what it means to be human. Produced by Netflix Studios (1984).
TITLE_001839,An explosive series following a disgraced soldier who must go rogue to expose corruption at the highest levels of government. Produced by Apple TV+ (1982).
TITLE_001840,A high-octane documentary about a former special forces veteran pulled back into the field for one last impossible mission. Produced by Paramount (1987).
TITLE_001841,A visually stunning animated documentary about an unlikely band of heroes who must defend their enchanted homeland from an ancient darkness. Produced by Disney (2004).
TITLE_001842,A tender yet unflinching limited series in which three strangers bound by a shared tragedy find unexpected solidarity. Produced by Paramount (1985).
TITLE_001843,A bleak yet hopeful series depicting a generation born on a generation ship who have never seen Earth and no longer believe in it. Produced by Paramount (2009).
TITLE_001844,A bleak yet hopeful series depicting a generation born on a generation ship who have never seen Earth and no longer believe in it. Produced by Netflix Studios (1995).
TITLE_001845,A gripping psychological series where a seasoned detective discovers the prime suspect may be hiding in plain sight. Produced by Disney (2024).
TITLE_001846,"A bittersweet romantic documentary following star-crossed lovers whose timing always seems to be precisely, maddeningly off. Produced by Disney (2003)."
TITLE_001847,A thought-provoking limited series exploring the ethical fractures that open when deep-space colonization forces humanity to redefine citizenship. Produced by Sony (2015).
TITLE_001848,A witty film about a small-town dreamer who accidentally becomes the most controversial person in a major city. Produced by Paramount (2018).
TITLE_001849,A taut series in which a forensic archivist realizes the cold cases stacking up on her desk share one terrifying pattern. Produced by Netflix Studios (2005).
TITLE_001850,A slow-dread documentary exploring the horror of losing trust in your own perception of reality. Produced by Universal (1992).
TITLE_001851,A hilarious documentary following a group of well-meaning misfits whose cross-country trip descends into spectacular chaos. Produced by Apple TV+ (1986).
TITLE_001852,A bleak yet hopeful series depicting a generation born on a generation ship who have never seen Earth and no longer believe in it. Produced by Paramount (2021).
TITLE_001853,A slow-dread special exploring the horror of losing trust in your own perception of reality. Produced by Apple TV+ (2009).
TITLE_001854,A thought-provoking series exploring the ethical fractures that open when deep-space colonization forces humanity to redefine citizenship. Produced by Netflix Studios (2021).
TITLE_001855,A chilling psychological series in which a family discovers their renovated home was built atop the site of something unspeakable. Produced by Netflix Studios (1997).
TITLE_001856,A cerebral science fiction documentary about a theoretical physicist whose containment breach tears a hole in the fabric of spacetime. Produced by Paramount (2021).
TITLE_001857,An explosive special following a disgraced soldier who must go rogue to expose corruption at the highest levels of government. Produced by Sony (2012).
TITLE_001858,A witty film about a small-town dreamer who accidentally becomes the most controversial person in a major city. Produced by Sony (2020).
TITLE_001859,A tender special in which two people who built walls against vulnerability slowly and reluctantly dismantle them together. Produced by Apple TV+ (2020).
TITLE_001860,A terrifying limited series following a group of strangers stranded in a remote wilderness as something ancient and patient closes in. Produced by Apple TV+ (2009).
TITLE_001861,An emotionally charged series about an individual's struggle to rebuild identity and purpose after an unexpected personal collapse. Produced by Disney (2003).
TITLE_001862,A cerebral science fiction series about a theoretical physicist whose containment breach tears a hole in the fabric of spacetime. Produced by Universal (1995).
TITLE_001863,A suspenseful series about a cybersecurity analyst who uncovers a conspiracy that reaches the highest corridors of power. Produced by Disney (1996).
TITLE_001864,A slow-burn documentary where a seemingly routine investigation peels back layers of a community's darkest secrets. Produced by Paramount (2001).
TITLE_001865,A thought-provoking series exploring the ethical fractures that open when deep-space colonization forces humanity to redefine citizenship. Produced by Apple TV+ (1999).
TITLE_001866,"A powerful series exploring the fractured bonds between family members as they navigate grief, guilt, and reconciliation. Produced by Sony (1983)."
TITLE_001867,A charming documentary centered on a chaotic workplace where every attempt to impose order results in glorious failure. Produced by Warner Bros (2025).
TITLE_001868,A taut limited series in which a forensic archivist realizes the cold cases stacking up on her desk share one terrifying pattern. Produced by Sony (2019).
TITLE_001869,A chilling psychological series in which a family discovers their renovated home was built atop the site of something unspeakable. Produced by Sony (2000).
TITLE_001870,A gripping psychological documentary where a seasoned detective discovers the prime suspect may be hiding in plain sight. Produced by Paramount (2012).
TITLE_001871,"A heartfelt limited series about two strangers whose lives intersect at a critical crossroads, leading to unexpected and inconvenient love. Produced by Universal (1983)."
TITLE_001872,"A heartwarming animated special that uses the adventures of misfit characters to explore belonging, courage, and found family. Produced by Paramount (1994)."
TITLE_001873,A hilarious film following a group of well-meaning misfits whose cross-country trip descends into spectacular chaos. Produced by Netflix Studios (1992).
TITLE_001874,A charming special centered on a chaotic workplace where every attempt to impose order results in glorious failure. Produced by Universal (2010).
TITLE_001875,An imaginative animated documentary that takes a young protagonist on a breathtaking journey through a world governed by forgotten magic. Produced by Warner Bros (1998).
TITLE_001876,A nuanced film that examines the quiet cost of ambition and the unspoken sacrifices we make for the people we love. Produced by Universal (2007).
TITLE_001877,A slow-dread documentary exploring the horror of losing trust in your own perception of reality. Produced by Apple TV+ (2014).
TITLE_001878,"A heartwarming animated limited series that uses the adventures of misfit characters to explore belonging, courage, and found family. Produced by Netflix Studios (2011)."
TITLE_001879,A thought-provoking documentary exploring the ethical fractures that open when deep-space colonization forces humanity to redefine citizenship. Produced by Sony (2022).
TITLE_001880,A chilling psychological series in which a family discovers their renovated home was built atop the site of something unspeakable. Produced by Universal (1986).
TITLE_001881,An emotionally charged special about an individual's struggle to rebuild identity and purpose after an unexpected personal collapse. Produced by Apple TV+ (2009).
TITLE_001882,A slow-dread series exploring the horror of losing trust in your own perception of reality. Produced by Warner Bros (2010).
TITLE_001883,A witty special about a small-town dreamer who accidentally becomes the most controversial person in a major city. Produced by Apple TV+ (2006).
TITLE_001884,An imaginative animated special that takes a young protagonist on a breathtaking journey through a world governed by forgotten magic. Produced by Universal (2016).
TITLE_001885,A high-octane film about a former special forces veteran pulled back into the field for one last impossible mission. Produced by Universal (2006).
TITLE_001886,A visionary science fiction series set in a near future where artificial intelligence has fundamentally reshaped what it means to be human. Produced by Sony (1999).
TITLE_001887,A bold animated limited series that challenges the boundaries of the form while delivering a story full of wit and genuine emotion. Produced by Apple TV+ (2018).
TITLE_001888,A bleak yet hopeful documentary depicting a generation born on a generation ship who have never seen Earth and no longer believe in it. Produced by Warner Bros (1996).
TITLE_001889,A visionary science fiction limited series set in a near future where artificial intelligence has fundamentally reshaped what it means to be human. Produced by Apple TV+ (2012).
TITLE_001890,"A heartfelt series about two strangers whose lives intersect at a critical crossroads, leading to unexpected and inconvenient love. Produced by Netflix Studios (1980)."
TITLE_001891,"A powerful series exploring the fractured bonds between family members as they navigate grief, guilt, and reconciliation. Produced by Disney (2008)."
TITLE_001892,A chilling psychological film in which a family discovers their renovated home was built atop the site of something unspeakable. Produced by Paramount (2011).
TITLE_001893,A pulse-pounding limited series where a covert operative races against time to prevent a global catastrophe. Produced by Netflix Studios (1983).
TITLE_001894,A bleak yet hopeful film depicting a generation born on a generation ship who have never seen Earth and no longer believe in it. Produced by Netflix Studios (1997).
TITLE_001895,A slow-dread documentary exploring the horror of losing trust in your own perception of reality. Produced by Netflix Studios (2008).
TITLE_001896,A taut documentary in which a forensic archivist realizes the cold cases stacking up on her desk share one terrifying pattern. Produced by Warner Bros (2022).
TITLE_001897,A chilling psychological documentary in which a family discovers their renovated home was built atop the site of something unspeakable. Produced by Netflix Studios (2014).
TITLE_001898,A hilarious film following a group of well-meaning misfits whose cross-country trip descends into spectacular chaos. Produced by Apple TV+ (2023).
TITLE_001899,"An adrenaline-fueled film in which rival factions clash across three continents, leaving a trail of deception and betrayal. Produced by Disney (1981)."
TITLE_001900,A nuanced special that examines the quiet cost of ambition and the unspoken sacrifices we make for the people we love. Produced by Sony (2018).
TITLE_001901,A cerebral science fiction limited series about a theoretical physicist whose containment breach tears a hole in the fabric of spacetime. Produced by Paramount (2025).
TITLE_001902,A hilarious limited series following a group of well-meaning misfits whose cross-country trip descends into spectacular chaos. Produced by Sony (2019).
TITLE_001903,An imaginative animated limited series that takes a young protagonist on a breathtaking journey through a world governed by forgotten magic. Produced by Universal (2005).
TITLE_001904,A visionary science fiction documentary set in a near future where artificial intelligence has fundamentally reshaped what it means to be human. Produced by Sony (2021).
TITLE_001905,A thought-provoking documentary exploring the ethical fractures that open when deep-space colonization forces humanity to redefine citizenship. Produced by Apple TV+ (1992).
TITLE_001906,A bone-chilling special where a marine biologist's deep-sea expedition surfaces a creature that should not exist. Produced by Netflix Studios (2018).
TITLE_001907,A gripping psychological special where a seasoned detective discovers the prime suspect may be hiding in plain sight. Produced by Warner Bros (2000).
TITLE_001908,A hilarious film following a group of well-meaning misfits whose cross-country trip descends into spectacular chaos. Produced by Paramount (1986).
TITLE_001909,A nuanced limited series that examines the quiet cost of ambition and the unspoken sacrifices we make for the people we love. Produced by Disney (1985).
TITLE_001910,A visionary science fiction special set in a near future where artificial intelligence has fundamentally reshaped what it means to be human. Produced by Sony (1982).
TITLE_001911,A visually stunning animated film about an unlikely band of heroes who must defend their enchanted homeland from an ancient darkness. Produced by Netflix Studios (1991).
TITLE_001912,A visionary science fiction documentary set in a near future where artificial intelligence has fundamentally reshaped what it means to be human. Produced by Disney (1996).
TITLE_001913,A nuanced film that examines the quiet cost of ambition and the unspoken sacrifices we make for the people we love. Produced by Sony (2007).
TITLE_001914,A cerebral science fiction documentary about a theoretical physicist whose containment breach tears a hole in the fabric of spacetime. Produced by Sony (1984).
TITLE_001915,"A powerful limited series exploring the fractured bonds between family members as they navigate grief, guilt, and reconciliation. Produced by Paramount (1991)."
TITLE_001916,"A heartfelt film about two strangers whose lives intersect at a critical crossroads, leading to unexpected and inconvenient love. Produced by Apple TV+ (1999)."
TITLE_001917,A sharp satirical series skewering corporate culture through the eyes of the most reluctant middle manager alive. Produced by Netflix Studios (2023).
TITLE_001918,A cerebral science fiction special about a theoretical physicist whose containment breach tears a hole in the fabric of spacetime. Produced by Sony (1980).
TITLE_001919,A charming series centered on a chaotic workplace where every attempt to impose order results in glorious failure. Produced by Universal (2025).
TITLE_001920,A thought-provoking special exploring the ethical fractures that open when deep-space colonization forces humanity to redefine citizenship. Produced by Disney (1984).
TITLE_001921,"A bittersweet romantic documentary following star-crossed lovers whose timing always seems to be precisely, maddeningly off. Produced by Warner Bros (2008)."
TITLE_001922,A terrifying documentary following a group of strangers stranded in a remote wilderness as something ancient and patient closes in. Produced by Netflix Studios (1992).
TITLE_001923,"A heartfelt series about two strangers whose lives intersect at a critical crossroads, leading to unexpected and inconvenient love. Produced by Apple TV+ (2025)."
TITLE_001924,"A bittersweet romantic documentary following star-crossed lovers whose timing always seems to be precisely, maddeningly off. Produced by Warner Bros (1988)."
TITLE_001925,A pulse-pounding series where a covert operative races against time to prevent a global catastrophe. Produced by Warner Bros (2021).
TITLE_001926,A hilarious film following a group of well-meaning misfits whose cross-country trip descends into spectacular chaos. Produced by Universal (1989).
TITLE_001927,An explosive documentary following a disgraced soldier who must go rogue to expose corruption at the highest levels of government. Produced by Warner Bros (1984).
TITLE_001928,A sharp satirical series skewering corporate culture through the eyes of the most reluctant middle manager alive. Produced by Warner Bros (1985).
TITLE_001929,"An adrenaline-fueled special in which rival factions clash across three continents, leaving a trail of deception and betrayal. Produced by Universal (1980)."
TITLE_001930,A bold animated documentary that challenges the boundaries of the form while delivering a story full of wit and genuine emotion. Produced by Netflix Studios (2011).
TITLE_001931,A bold animated documentary that challenges the boundaries of the form while delivering a story full of wit and genuine emotion. Produced by Apple TV+ (1991).
TITLE_001932,A gripping psychological special where a seasoned detective discovers the prime suspect may be hiding in plain sight. Produced by Apple TV+ (1984).
TITLE_001933,A slow-burn limited series where a seemingly routine investigation peels back layers of a community's darkest secrets. Produced by Universal (2007).
TITLE_001934,A slow-burn film where a seemingly routine investigation peels back layers of a community's darkest secrets. Produced by Paramount (2006).
TITLE_001935,A charming special centered on a chaotic workplace where every attempt to impose order results in glorious failure. Produced by Apple TV+ (2024).
TITLE_001936,A high-octane documentary about a former special forces veteran pulled back into the field for one last impossible mission. Produced by Disney (2018).
TITLE_001937,A slow-dread film exploring the horror of losing trust in your own perception of reality. Produced by Netflix Studios (2003).
TITLE_001938,An explosive limited series following a disgraced soldier who must go rogue to expose corruption at the highest levels of government. Produced by Apple TV+ (1994).
TITLE_001939,A gripping psychological special where a seasoned detective discovers the prime suspect may be hiding in plain sight. Produced by Paramount (2007).
TITLE_001940,A taut documentary in which a forensic archivist realizes the cold cases stacking up on her desk share one terrifying pattern. Produced by Universal (1994).
TITLE_001941,A tender limited series in which two people who built walls against vulnerability slowly and reluctantly dismantle them together. Produced by Universal (2008).
TITLE_001942,A cerebral science fiction film about a theoretical physicist whose containment breach tears a hole in the fabric of spacetime. Produced by Netflix Studios (2000).
TITLE_001943,A sharp satirical documentary skewering corporate culture through the eyes of the most reluctant middle manager alive. Produced by Disney (1984).
TITLE_001944,A high-octane series about a former special forces veteran pulled back into the field for one last impossible mission. Produced by Netflix Studios (2019).
TITLE_001945,A taut series in which a forensic archivist realizes the cold cases stacking up on her desk share one terrifying pattern. Produced by Netflix Studios (2019).
TITLE_001946,"A bittersweet romantic limited series following star-crossed lovers whose timing always seems to be precisely, maddeningly off. Produced by Paramount (2023)."
TITLE_001947,A thought-provoking limited series exploring the ethical fractures that open when deep-space colonization forces humanity to redefine citizenship. Produced by Universal (2024).
TITLE_001948,A taut documentary in which a forensic archivist realizes the cold cases stacking up on her desk share one terrifying pattern. Produced by Netflix Studios (2014).
TITLE_001949,A witty documentary about a small-town dreamer who accidentally becomes the most controversial person in a major city. Produced by Apple TV+ (2018).
TITLE_001950,A cerebral science fiction documentary about a theoretical physicist whose containment breach tears a hole in the fabric of spacetime. Produced by Warner Bros (1980).
TITLE_001951,A chilling psychological special in which a family discovers their renovated home was built atop the site of something unspeakable. Produced by Disney (2002).
TITLE_001952,A slow-burn documentary where a seemingly routine investigation peels back layers of a community's darkest secrets. Produced by Disney (2019).
TITLE_001953,A hilarious film following a group of well-meaning misfits whose cross-country trip descends into spectacular chaos. Produced by Sony (2008).
TITLE_001954,A hilarious special following a group of well-meaning misfits whose cross-country trip descends into spectacular chaos. Produced by Disney (2006).
TITLE_001955,A witty limited series about a small-town dreamer who accidentally becomes the most controversial person in a major city. Produced by Paramount (1990).
TITLE_001956,A slow-dread film exploring the horror of losing trust in your own perception of reality. Produced by Disney (1991).
TITLE_001957,A charming film centered on a chaotic workplace where every attempt to impose order results in glorious failure. Produced by Sony (2002).
TITLE_001958,A tender documentary in which two people who built walls against vulnerability slowly and reluctantly dismantle them together. Produced by Apple TV+ (2002).
TITLE_001959,A visually stunning animated documentary about an unlikely band of heroes who must defend their enchanted homeland from an ancient darkness. Produced by Sony (1983).
TITLE_001960,A taut documentary in which a forensic archivist realizes the cold cases stacking up on her desk share one terrifying pattern. Produced by Apple TV+ (1995).
TITLE_001961,A pulse-pounding series where a covert operative races against time to prevent a global catastrophe. Produced by Disney (1985).
TITLE_001962,A pulse-pounding documentary where a covert operative races against time to prevent a global catastrophe. Produced by Apple TV+ (2000).
TITLE_001963,A gripping psychological limited series where a seasoned detective discovers the prime suspect may be hiding in plain sight. Produced by Paramount (2022).
TITLE_001964,"An adrenaline-fueled limited series in which rival factions clash across three continents, leaving a trail of deception and betrayal. Produced by Netflix Studios (1982)."
TITLE_001965,An emotionally charged special about an individual's struggle to rebuild identity and purpose after an unexpected personal collapse. Produced by Sony (1984).
TITLE_001966,A charming special centered on a chaotic workplace where every attempt to impose order results in glorious failure. Produced by Netflix Studios (2018).
TITLE_001967,A pulse-pounding limited series where a covert operative races against time to prevent a global catastrophe. Produced by Apple TV+ (1986).
TITLE_001968,"An adrenaline-fueled documentary in which rival factions clash across three continents, leaving a trail of deception and betrayal. Produced by Disney (2023)."
TITLE_001969,A charming documentary centered on a chaotic workplace where every attempt to impose order results in glorious failure. Produced by Universal (2007).
TITLE_001970,A chilling psychological limited series in which a family discovers their renovated home was built atop the site of something unspeakable. Produced by Netflix Studios (2015).
TITLE_001971,A slow-burn documentary where a seemingly routine investigation peels back layers of a community's darkest secrets. Produced by Universal (1980).
TITLE_001972,A bleak yet hopeful film depicting a generation born on a generation ship who have never seen Earth and no longer believe in it. Produced by Warner Bros (1982).
TITLE_001973,An emotionally charged film about an individual's struggle to rebuild identity and purpose after an unexpected personal collapse. Produced by Apple TV+ (2001).
TITLE_001974,An emotionally charged limited series about an individual's struggle to rebuild identity and purpose after an unexpected personal collapse. Produced by Apple TV+ (2021).
TITLE_001975,A chilling psychological film in which a family discovers their renovated home was built atop the site of something unspeakable. Produced by Disney (1981).
TITLE_001976,A cerebral science fiction documentary about a theoretical physicist whose containment breach tears a hole in the fabric of spacetime. Produced by Paramount (2015).
TITLE_001977,An imaginative animated film that takes a young protagonist on a breathtaking journey through a world governed by forgotten magic. Produced by Netflix Studios (1992).
TITLE_001978,"A sweeping romance spanning three decades, exploring how first love quietly shapes every significant decision that follows. Produced by Paramount (1994)."
TITLE_001979,A tender series in which two people who built walls against vulnerability slowly and reluctantly dismantle them together. Produced by Netflix Studios (2009).
TITLE_001980,An imaginative animated limited series that takes a young protagonist on a breathtaking journey through a world governed by forgotten magic. Produced by Paramount (1997).
TITLE_001981,A taut limited series in which a forensic archivist realizes the cold cases stacking up on her desk share one terrifying pattern. Produced by Apple TV+ (2021).
TITLE_001982,A visually stunning animated limited series about an unlikely band of heroes who must defend their enchanted homeland from an ancient darkness. Produced by Paramount (2017).
TITLE_001983,A cerebral science fiction limited series about a theoretical physicist whose containment breach tears a hole in the fabric of spacetime. Produced by Netflix Studios (2011).
TITLE_001984,A thought-provoking limited series exploring the ethical fractures that open when deep-space colonization forces humanity to redefine citizenship. Produced by Apple TV+ (1996).
TITLE_001985,A slow-burn series where a seemingly routine investigation peels back layers of a community's darkest secrets. Produced by Disney (2002).
TITLE_001986,A sharp satirical limited series skewering corporate culture through the eyes of the most reluctant middle manager alive. Produced by Universal (1996).
TITLE_001987,"A heartwarming animated film that uses the adventures of misfit characters to explore belonging, courage, and found family. Produced by Apple TV+ (1981)."
TITLE_001988,A nuanced special that examines the quiet cost of ambition and the unspoken sacrifices we make for the people we love. Produced by Sony (1996).
TITLE_001989,"A powerful documentary exploring the fractured bonds between family members as they navigate grief, guilt, and reconciliation. Produced by Paramount (1987)."
TITLE_001990,An explosive film following a disgraced soldier who must go rogue to expose corruption at the highest levels of government. Produced by Netflix Studios (1992).
TITLE_001991,A visually stunning animated film about an unlikely band of heroes who must defend their enchanted homeland from an ancient darkness. Produced by Sony (1990).
TITLE_001992,A terrifying limited series following a group of strangers stranded in a remote wilderness as something ancient and patient closes in. Produced by Warner Bros (1993).
TITLE_001993,A witty special about a small-town dreamer who accidentally becomes the most controversial person in a major city. Produced by Netflix Studios (2008).
TITLE_001994,"A heartfelt documentary about two strangers whose lives intersect at a critical crossroads, leading to unexpected and inconvenient love. Produced by Sony (1995)."
TITLE_001995,A hilarious special following a group of well-meaning misfits whose cross-country trip descends into spectacular chaos. Produced by Apple TV+ (2024).
TITLE_001996,A cerebral science fiction limited series about a theoretical physicist whose containment breach tears a hole in the fabric of spacetime. Produced by Paramount (1989).
TITLE_001997,An imaginative animated limited series that takes a young protagonist on a breathtaking journey through a world governed by forgotten magic. Produced by Sony (1995).
TITLE_001998,"A sweeping romance spanning three decades, exploring how first love quietly shapes every significant decision that follows. Produced by Warner Bros (1980)."
TITLE_001999,A slow-dread series exploring the horror of losing trust in your own perception of reality. Produced by Paramount (2001).
TITLE_002000,"A bittersweet romantic special following star-crossed lovers whose timing always seems to be precisely, maddeningly off. Produced by Netflix Studios (1990)."
TITLE_002001,A witty film about a small-town dreamer who accidentally becomes the most controversial person in a major city. Produced by Warner Bros (2024).
TITLE_002002,A nuanced limited series that examines the quiet cost of ambition and the unspoken sacrifices we make for the people we love. Produced by Universal (2021).
TITLE_002003,An explosive film following a disgraced soldier who must go rogue to expose corruption at the highest levels of government. Produced by Disney (1988).
TITLE_002004,A tender yet unflinching film in which three strangers bound by a shared tragedy find unexpected solidarity. Produced by Universal (2021).
TITLE_002005,"A heartfelt documentary about two strangers whose lives intersect at a critical crossroads, leading to unexpected and inconvenient love. Produced by Netflix Studios (1982)."
TITLE_002006,"An adrenaline-fueled film in which rival factions clash across three continents, leaving a trail of deception and betrayal. Produced by Paramount (1982)."
TITLE_002007,A tender yet unflinching documentary in which three strangers bound by a shared tragedy find unexpected solidarity. Produced by Warner Bros (2013).
TITLE_002008,A sharp satirical limited series skewering corporate culture through the eyes of the most reluctant middle manager alive. Produced by Disney (1993).
TITLE_002009,A sharp satirical documentary skewering corporate culture through the eyes of the most reluctant middle manager alive. Produced by Warner Bros (2008).
TITLE_002010,A tender series in which two people who built walls against vulnerability slowly and reluctantly dismantle them together. Produced by Paramount (2019).
TITLE_002011,A pulse-pounding special where a covert operative races against time to prevent a global catastrophe. Produced by Universal (1984).
TITLE_002012,A bold animated documentary that challenges the boundaries of the form while delivering a story full of wit and genuine emotion. Produced by Sony (2011).
TITLE_002013,"A heartwarming animated film that uses the adventures of misfit characters to explore belonging, courage, and found family. Produced by Warner Bros (1994)."
TITLE_002014,A slow-dread series exploring the horror of losing trust in your own perception of reality. Produced by Sony (2001).
TITLE_002015,A hilarious documentary following a group of well-meaning misfits whose cross-country trip descends into spectacular chaos. Produced by Warner Bros (1986).
TITLE_002016,An explosive documentary following a disgraced soldier who must go rogue to expose corruption at the highest levels of government. Produced by Paramount (2024).
TITLE_002017,A visually stunning animated series about an unlikely band of heroes who must defend their enchanted homeland from an ancient darkness. Produced by Apple TV+ (2006).
TITLE_002018,A visionary science fiction documentary set in a near future where artificial intelligence has fundamentally reshaped what it means to be human. Produced by Paramount (1989).
TITLE_002019,A high-octane film about a former special forces veteran pulled back into the field for one last impossible mission. Produced by Disney (2021).
TITLE_002020,A slow-burn special where a seemingly routine investigation peels back layers of a community's darkest secrets. Produced by Paramount (2016).
TITLE_002021,A tender yet unflinching series in which three strangers bound by a shared tragedy find unexpected solidarity. Produced by Universal (2015).
TITLE_002022,A sharp satirical series skewering corporate culture through the eyes of the most reluctant middle manager alive. Produced by Warner Bros (2002).
TITLE_002023,"A bittersweet romantic limited series following star-crossed lovers whose timing always seems to be precisely, maddeningly off. Produced by Paramount (2019)."
TITLE_002024,An emotionally charged limited series about an individual's struggle to rebuild identity and purpose after an unexpected personal collapse. Produced by Universal (2021).
TITLE_002025,"A bittersweet romantic series following star-crossed lovers whose timing always seems to be precisely, maddeningly off. Produced by Warner Bros (2013)."
TITLE_002026,"A heartwarming animated series that uses the adventures of misfit characters to explore belonging, courage, and found family. Produced by Paramount (2007)."
TITLE_002027,A chilling psychological documentary in which a family discovers their renovated home was built atop the site of something unspeakable. Produced by Apple TV+ (2010).
TITLE_002028,"A heartfelt documentary about two strangers whose lives intersect at a critical crossroads, leading to unexpected and inconvenient love. Produced by Sony (2003)."
TITLE_002029,A visionary science fiction special set in a near future where artificial intelligence has fundamentally reshaped what it means to be human. Produced by Sony (2012).
TITLE_002030,"A heartfelt film about two strangers whose lives intersect at a critical crossroads, leading to unexpected and inconvenient love. Produced by Warner Bros (2021)."
TITLE_002031,A tender yet unflinching limited series in which three strangers bound by a shared tragedy find unexpected solidarity. Produced by Disney (1990).
TITLE_002032,A high-octane series about a former special forces veteran pulled back into the field for one last impossible mission. Produced by Sony (1985).
TITLE_002033,A nuanced series that examines the quiet cost of ambition and the unspoken sacrifices we make for the people we love. Produced by Sony (2021).
TITLE_002034,A cerebral science fiction film about a theoretical physicist whose containment breach tears a hole in the fabric of spacetime. Produced by Sony (1995).
TITLE_002035,A chilling psychological special in which a family discovers their renovated home was built atop the site of something unspeakable. Produced by Paramount (1992).
TITLE_002036,"A heartfelt series about two strangers whose lives intersect at a critical crossroads, leading to unexpected and inconvenient love. Produced by Sony (2014)."
TITLE_002037,A witty film about a small-town dreamer who accidentally becomes the most controversial person in a major city. Produced by Paramount (2007).
TITLE_002038,A gripping psychological special where a seasoned detective discovers the prime suspect may be hiding in plain sight. Produced by Universal (2016).
TITLE_002039,A bone-chilling documentary where a marine biologist's deep-sea expedition surfaces a creature that should not exist. Produced by Apple TV+ (2013).
TITLE_002040,A tender limited series in which two people who built walls against vulnerability slowly and reluctantly dismantle them together. Produced by Netflix Studios (1982).
TITLE_002041,A hilarious documentary following a group of well-meaning misfits whose cross-country trip descends into spectacular chaos. Produced by Universal (2024).
TITLE_002042,An explosive special following a disgraced soldier who must go rogue to expose corruption at the highest levels of government. Produced by Netflix Studios (1982).
TITLE_002043,A bone-chilling documentary where a marine biologist's deep-sea expedition surfaces a creature that should not exist. Produced by Sony (1986).
TITLE_002044,A pulse-pounding documentary where a covert operative races against time to prevent a global catastrophe. Produced by Warner Bros (1995).
TITLE_002045,An emotionally charged documentary about an individual's struggle to rebuild identity and purpose after an unexpected personal collapse. Produced by Apple TV+ (2018).
TITLE_002046,A pulse-pounding special where a covert operative races against time to prevent a global catastrophe. Produced by Netflix Studios (2013).
TITLE_002047,A witty documentary about a small-town dreamer who accidentally becomes the most controversial person in a major city. Produced by Netflix Studios (1994).
TITLE_002048,A bleak yet hopeful limited series depicting a generation born on a generation ship who have never seen Earth and no longer believe in it. Produced by Paramount (2005).
TITLE_002049,A tender yet unflinching film in which three strangers bound by a shared tragedy find unexpected solidarity. Produced by Universal (2017).
TITLE_002050,A taut film in which a forensic archivist realizes the cold cases stacking up on her desk share one terrifying pattern. Produced by Sony (2020).
TITLE_002051,A tender yet unflinching film in which three strangers bound by a shared tragedy find unexpected solidarity. Produced by Sony (2020).
TITLE_002052,"An adrenaline-fueled documentary in which rival factions clash across three continents, leaving a trail of deception and betrayal. Produced by Paramount (2012)."
TITLE_002053,"A powerful documentary exploring the fractured bonds between family members as they navigate grief, guilt, and reconciliation. Produced by Sony (2003)."
TITLE_002054,A thought-provoking series exploring the ethical fractures that open when deep-space colonization forces humanity to redefine citizenship. Produced by Sony (1985).
TITLE_002055,A visionary science fiction series set in a near future where artificial intelligence has fundamentally reshaped what it means to be human. Produced by Universal (2018).
TITLE_002056,A gripping psychological limited series where a seasoned detective discovers the prime suspect may be hiding in plain sight. Produced by Sony (1991).
TITLE_002057,An imaginative animated limited series that takes a young protagonist on a breathtaking journey through a world governed by forgotten magic. Produced by Disney (2020).
TITLE_002058,A terrifying film following a group of strangers stranded in a remote wilderness as something ancient and patient closes in. Produced by Paramount (2024).
TITLE_002059,A sharp satirical series skewering corporate culture through the eyes of the most reluctant middle manager alive. Produced by Universal (2003).
TITLE_002060,A chilling psychological series in which a family discovers their renovated home was built atop the site of something unspeakable. Produced by Universal (2024).
TITLE_002061,A chilling psychological film in which a family discovers their renovated home was built atop the site of something unspeakable. Produced by Universal (1996).
TITLE_002062,A suspenseful series about a cybersecurity analyst who uncovers a conspiracy that reaches the highest corridors of power. Produced by Disney (2009).
TITLE_002063,A thought-provoking film exploring the ethical fractures that open when deep-space colonization forces humanity to redefine citizenship. Produced by Netflix Studios (2017).
TITLE_002064,"A heartfelt film about two strangers whose lives intersect at a critical crossroads, leading to unexpected and inconvenient love. Produced by Disney (1985)."
TITLE_002065,"A heartfelt film about two strangers whose lives intersect at a critical crossroads, leading to unexpected and inconvenient love. Produced by Paramount (1988)."
TITLE_002066,A tender series in which two people who built walls against vulnerability slowly and reluctantly dismantle them together. Produced by Sony (1982).
TITLE_002067,A bold animated series that challenges the boundaries of the form while delivering a story full of wit and genuine emotion. Produced by Disney (2005).
TITLE_002068,A bleak yet hopeful film depicting a generation born on a generation ship who have never seen Earth and no longer believe in it. Produced by Sony (2004).
TITLE_002069,A gripping psychological film where a seasoned detective discovers the prime suspect may be hiding in plain sight. Produced by Sony (2017).
TITLE_002070,"A sweeping romance spanning three decades, exploring how first love quietly shapes every significant decision that follows. Produced by Apple TV+ (2022)."
TITLE_002071,A slow-burn series where a seemingly routine investigation peels back layers of a community's darkest secrets. Produced by Paramount (2006).
TITLE_002072,A slow-burn special where a seemingly routine investigation peels back layers of a community's darkest secrets. Produced by Warner Bros (1987).
TITLE_002073,"A powerful series exploring the fractured bonds between family members as they navigate grief, guilt, and reconciliation. Produced by Netflix Studios (1998)."
TITLE_002074,A thought-provoking special exploring the ethical fractures that open when deep-space colonization forces humanity to redefine citizenship. Produced by Universal (2003).
TITLE_002075,"A sweeping romance spanning three decades, exploring how first love quietly shapes every significant decision that follows. Produced by Disney (1983)."
TITLE_002076,A visually stunning animated film about an unlikely band of heroes who must defend their enchanted homeland from an ancient darkness. Produced by Netflix Studios (2018).
TITLE_002077,A nuanced film that examines the quiet cost of ambition and the unspoken sacrifices we make for the people we love. Produced by Universal (2014).
TITLE_002078,A tender yet unflinching documentary in which three strangers bound by a shared tragedy find unexpected solidarity. Produced by Sony (2007).
TITLE_002079,An explosive special following a disgraced soldier who must go rogue to expose corruption at the highest levels of government. Produced by Sony (2025).
TITLE_002080,A bleak yet hopeful documentary depicting a generation born on a generation ship who have never seen Earth and no longer believe in it. Produced by Netflix Studios (1982).
TITLE_002081,A visually stunning animated limited series about an unlikely band of heroes who must defend their enchanted homeland from an ancient darkness. Produced by Universal (1994).
TITLE_002082,"An adrenaline-fueled limited series in which rival factions clash across three continents, leaving a trail of deception and betrayal. Produced by Warner Bros (1988)."
TITLE_002083,A witty film about a small-town dreamer who accidentally becomes the most controversial person in a major city. Produced by Netflix Studios (2025).
TITLE_002084,A hilarious special following a group of well-meaning misfits whose cross-country trip descends into spectacular chaos. Produced by Paramount (1983).
TITLE_002085,"A sweeping romance spanning three decades, exploring how first love quietly shapes every significant decision that follows. Produced by Sony (1995)."
TITLE_002086,A visually stunning animated documentary about an unlikely band of heroes who must defend their enchanted homeland from an ancient darkness. Produced by Sony (2001).
TITLE_002087,A sharp satirical film skewering corporate culture through the eyes of the most reluctant middle manager alive. Produced by Universal (2024).
TITLE_002088,A tender yet unflinching series in which three strangers bound by a shared tragedy find unexpected solidarity. Produced by Paramount (1980).
TITLE_002089,"A sweeping romance spanning three decades, exploring how first love quietly shapes every significant decision that follows. Produced by Disney (2016)."
TITLE_002090,A witty limited series about a small-town dreamer who accidentally becomes the most controversial person in a major city. Produced by Disney (2010).
TITLE_002091,A visionary science fiction series set in a near future where artificial intelligence has fundamentally reshaped what it means to be human. Produced by Netflix Studios (2019).
TITLE_002092,An imaginative animated special that takes a young protagonist on a breathtaking journey through a world governed by forgotten magic. Produced by Universal (2023).
TITLE_002093,A cerebral science fiction documentary about a theoretical physicist whose containment breach tears a hole in the fabric of spacetime. Produced by Warner Bros (2014).
TITLE_002094,A pulse-pounding documentary where a covert operative races against time to prevent a global catastrophe. Produced by Universal (2004).
TITLE_002095,A bone-chilling film where a marine biologist's deep-sea expedition surfaces a creature that should not exist. Produced by Netflix Studios (1995).
TITLE_002096,A slow-burn film where a seemingly routine investigation peels back layers of a community's darkest secrets. Produced by Apple TV+ (1989).
TITLE_002097,A suspenseful series about a cybersecurity analyst who uncovers a conspiracy that reaches the highest corridors of power. Produced by Disney (1985).
TITLE_002098,A hilarious film following a group of well-meaning misfits whose cross-country trip descends into spectacular chaos. Produced by Apple TV+ (1989).
TITLE_002099,A high-octane special about a former special forces veteran pulled back into the field for one last impossible mission. Produced by Apple TV+ (2023).
TITLE_002100,A suspenseful documentary about a cybersecurity analyst who uncovers a conspiracy that reaches the highest corridors of power. Produced by Warner Bros (2020).
TITLE_002101,"A heartwarming animated limited series that uses the adventures of misfit characters to explore belonging, courage, and found family. Produced by Netflix Studios (2025)."
TITLE_002102,A terrifying documentary following a group of strangers stranded in a remote wilderness as something ancient and patient closes in. Produced by Paramount (2000).
TITLE_002103,A bleak yet hopeful special depicting a generation born on a generation ship who have never seen Earth and no longer believe in it. Produced by Apple TV+ (1981).
TITLE_002104,A high-octane special about a former special forces veteran pulled back into the field for one last impossible mission. Produced by Universal (1995).
TITLE_002105,A slow-burn special where a seemingly routine investigation peels back layers of a community's darkest secrets. Produced by Universal (2018).
TITLE_002106,A terrifying special following a group of strangers stranded in a remote wilderness as something ancient and patient closes in. Produced by Paramount (2014).
TITLE_002107,A tender series in which two people who built walls against vulnerability slowly and reluctantly dismantle them together. Produced by Disney (1995).
TITLE_002108,A gripping psychological special where a seasoned detective discovers the prime suspect may be hiding in plain sight. Produced by Warner Bros (2002).
TITLE_002109,A sharp satirical film skewering corporate culture through the eyes of the most reluctant middle manager alive. Produced by Netflix Studios (1980).
TITLE_002110,A high-octane documentary about a former special forces veteran pulled back into the field for one last impossible mission. Produced by Apple TV+ (2000).
TITLE_002111,A tender special in which two people who built walls against vulnerability slowly and reluctantly dismantle them together. Produced by Apple TV+ (2016).
TITLE_002112,"A heartfelt film about two strangers whose lives intersect at a critical crossroads, leading to unexpected and inconvenient love. Produced by Universal (2014)."
TITLE_002113,A tender film in which two people who built walls against vulnerability slowly and reluctantly dismantle them together. Produced by Disney (2000).
TITLE_002114,A chilling psychological film in which a family discovers their renovated home was built atop the site of something unspeakable. Produced by Sony (2003).
TITLE_002115,"A heartfelt series about two strangers whose lives intersect at a critical crossroads, leading to unexpected and inconvenient love. Produced by Warner Bros (2000)."
TITLE_002116,A sharp satirical documentary skewering corporate culture through the eyes of the most reluctant middle manager alive. Produced by Apple TV+ (1997).
TITLE_002117,A pulse-pounding special where a covert operative races against time to prevent a global catastrophe. Produced by Warner Bros (2015).
TITLE_002118,An imaginative animated film that takes a young protagonist on a breathtaking journey through a world governed by forgotten magic. Produced by Sony (1981).
TITLE_002119,A cerebral science fiction series about a theoretical physicist whose containment breach tears a hole in the fabric of spacetime. Produced by Apple TV+ (2003).
TITLE_002120,A visually stunning animated film about an unlikely band of heroes who must defend their enchanted homeland from an ancient darkness. Produced by Warner Bros (2006).
TITLE_002121,An explosive special following a disgraced soldier who must go rogue to expose corruption at the highest levels of government. Produced by Warner Bros (2009).
TITLE_002122,A taut film in which a forensic archivist realizes the cold cases stacking up on her desk share one terrifying pattern. Produced by Sony (2010).
TITLE_002123,A suspenseful limited series about a cybersecurity analyst who uncovers a conspiracy that reaches the highest corridors of power. Produced by Netflix Studios (2021).
TITLE_002124,"A heartfelt limited series about two strangers whose lives intersect at a critical crossroads, leading to unexpected and inconvenient love. Produced by Sony (1991)."
TITLE_002125,A thought-provoking limited series exploring the ethical fractures that open when deep-space colonization forces humanity to redefine citizenship. Produced by Universal (1990).
TITLE_002126,A hilarious film following a group of well-meaning misfits whose cross-country trip descends into spectacular chaos. Produced by Netflix Studios (1987).
TITLE_002127,A slow-burn documentary where a seemingly routine investigation peels back layers of a community's darkest secrets. Produced by Netflix Studios (1981).
TITLE_002128,A slow-burn series where a seemingly routine investigation peels back layers of a community's darkest secrets. Produced by Netflix Studios (2000).
TITLE_002129,A cerebral science fiction limited series about a theoretical physicist whose containment breach tears a hole in the fabric of spacetime. Produced by Paramount (2005).
TITLE_002130,A slow-burn film where a seemingly routine investigation peels back layers of a community's darkest secrets. Produced by Warner Bros (1993).
TITLE_002131,"An adrenaline-fueled limited series in which rival factions clash across three continents, leaving a trail of deception and betrayal. Produced by Apple TV+ (1987)."
TITLE_002132,A nuanced special that examines the quiet cost of ambition and the unspoken sacrifices we make for the people we love. Produced by Warner Bros (2019).
TITLE_002133,A gripping psychological limited series where a seasoned detective discovers the prime suspect may be hiding in plain sight. Produced by Universal (2007).
TITLE_002134,"A heartwarming animated limited series that uses the adventures of misfit characters to explore belonging, courage, and found family. Produced by Paramount (1982)."
TITLE_002135,"A bittersweet romantic series following star-crossed lovers whose timing always seems to be precisely, maddeningly off. Produced by Universal (1984)."
TITLE_002136,A tender yet unflinching documentary in which three strangers bound by a shared tragedy find unexpected solidarity. Produced by Paramount (1998).
TITLE_002137,A taut film in which a forensic archivist realizes the cold cases stacking up on her desk share one terrifying pattern. Produced by Universal (1983).
TITLE_002138,A suspenseful documentary about a cybersecurity analyst who uncovers a conspiracy that reaches the highest corridors of power. Produced by Universal (1986).
TITLE_002139,"A bittersweet romantic special following star-crossed lovers whose timing always seems to be precisely, maddeningly off. Produced by Sony (2009)."
TITLE_002140,"An adrenaline-fueled series in which rival factions clash across three continents, leaving a trail of deception and betrayal. Produced by Netflix Studios (2017)."
TITLE_002141,An imaginative animated series that takes a young protagonist on a breathtaking journey through a world governed by forgotten magic. Produced by Disney (1995).
TITLE_002142,A thought-provoking special exploring the ethical fractures that open when deep-space colonization forces humanity to redefine citizenship. Produced by Apple TV+ (2023).
TITLE_002143,A taut film in which a forensic archivist realizes the cold cases stacking up on her desk share one terrifying pattern. Produced by Universal (2002).
TITLE_002144,A bone-chilling film where a marine biologist's deep-sea expedition surfaces a creature that should not exist. Produced by Disney (2013).
TITLE_002145,A taut limited series in which a forensic archivist realizes the cold cases stacking up on her desk share one terrifying pattern. Produced by Paramount (1985).
TITLE_002146,A tender special in which two people who built walls against vulnerability slowly and reluctantly dismantle them together. Produced by Sony (2010).
TITLE_002147,A sharp satirical series skewering corporate culture through the eyes of the most reluctant middle manager alive. Produced by Warner Bros (2024).
TITLE_002148,A tender series in which two people who built walls against vulnerability slowly and reluctantly dismantle them together. Produced by Disney (2001).
TITLE_002149,A nuanced special that examines the quiet cost of ambition and the unspoken sacrifices we make for the people we love. Produced by Universal (2000).
TITLE_002150,"A bittersweet romantic limited series following star-crossed lovers whose timing always seems to be precisely, maddeningly off. Produced by Warner Bros (1996)."
TITLE_002151,A charming film centered on a chaotic workplace where every attempt to impose order results in glorious failure. Produced by Paramount (2007).
TITLE_002152,"An adrenaline-fueled limited series in which rival factions clash across three continents, leaving a trail of deception and betrayal. Produced by Universal (2018)."
TITLE_002153,A slow-dread series exploring the horror of losing trust in your own perception of reality. Produced by Universal (2000).
TITLE_002154,A thought-provoking special exploring the ethical fractures that open when deep-space colonization forces humanity to redefine citizenship. Produced by Sony (2010).
TITLE_002155,An imaginative animated film that takes a young protagonist on a breathtaking journey through a world governed by forgotten magic. Produced by Netflix Studios (2003).
TITLE_002156,A tender yet unflinching limited series in which three strangers bound by a shared tragedy find unexpected solidarity. Produced by Sony (1998).
TITLE_002157,A slow-burn series where a seemingly routine investigation peels back layers of a community's darkest secrets. Produced by Netflix Studios (1989).
TITLE_002158,A gripping psychological series where a seasoned detective discovers the prime suspect may be hiding in plain sight. Produced by Warner Bros (1980).
TITLE_002159,A high-octane documentary about a former special forces veteran pulled back into the field for one last impossible mission. Produced by Sony (2000).
TITLE_002160,"A heartfelt series about two strangers whose lives intersect at a critical crossroads, leading to unexpected and inconvenient love. Produced by Paramount (2013)."
TITLE_002161,An explosive documentary following a disgraced soldier who must go rogue to expose corruption at the highest levels of government. Produced by Apple TV+ (1986).
TITLE_002162,A chilling psychological limited series in which a family discovers their renovated home was built atop the site of something unspeakable. Produced by Disney (1994).
TITLE_002163,A tender yet unflinching special in which three strangers bound by a shared tragedy find unexpected solidarity. Produced by Netflix Studios (2016).
TITLE_002164,A charming special centered on a chaotic workplace where every attempt to impose order results in glorious failure. Produced by Netflix Studios (2003).
TITLE_002165,"A bittersweet romantic series following star-crossed lovers whose timing always seems to be precisely, maddeningly off. Produced by Warner Bros (2009)."
TITLE_002166,"A powerful limited series exploring the fractured bonds between family members as they navigate grief, guilt, and reconciliation. Produced by Warner Bros (1994)."
TITLE_002167,An explosive series following a disgraced soldier who must go rogue to expose corruption at the highest levels of government. Produced by Netflix Studios (1992).
TITLE_002168,A slow-burn special where a seemingly routine investigation peels back layers of a community's darkest secrets. Produced by Universal (1996).
TITLE_002169,"A heartfelt limited series about two strangers whose lives intersect at a critical crossroads, leading to unexpected and inconvenient love. Produced by Paramount (2012)."
TITLE_002170,A chilling psychological limited series in which a family discovers their renovated home was built atop the site of something unspeakable. Produced by Warner Bros (1999).
TITLE_002171,A slow-burn limited series where a seemingly routine investigation peels back layers of a community's darkest secrets. Produced by Paramount (2013).
TITLE_002172,A slow-dread special exploring the horror of losing trust in your own perception of reality. Produced by Paramount (2014).
TITLE_002173,A sharp satirical special skewering corporate culture through the eyes of the most reluctant middle manager alive. Produced by Sony (2013).
TITLE_002174,A gripping psychological film where a seasoned detective discovers the prime suspect may be hiding in plain sight. Produced by Universal (2001).
TITLE_002175,A tender yet unflinching series in which three strangers bound by a shared tragedy find unexpected solidarity. Produced by Netflix Studios (2015).
TITLE_002176,A terrifying series following a group of strangers stranded in a remote wilderness as something ancient and patient closes in. Produced by Warner Bros (2017).
TITLE_002177,A tender series in which two people who built walls against vulnerability slowly and reluctantly dismantle them together. Produced by Paramount (2016).
TITLE_002178,A tender special in which two people who built walls against vulnerability slowly and reluctantly dismantle them together. Produced by Disney (2012).
TITLE_002179,A visionary science fiction film set in a near future where artificial intelligence has fundamentally reshaped what it means to be human. Produced by Paramount (2019).
TITLE_002180,An explosive special following a disgraced soldier who must go rogue to expose corruption at the highest levels of government. Produced by Sony (2025).
TITLE_002181,A visionary science fiction documentary set in a near future where artificial intelligence has fundamentally reshaped what it means to be human. Produced by Apple TV+ (1993).
TITLE_002182,An imaginative animated special that takes a young protagonist on a breathtaking journey through a world governed by forgotten magic. Produced by Netflix Studios (1992).
TITLE_002183,An imaginative animated limited series that takes a young protagonist on a breathtaking journey through a world governed by forgotten magic. Produced by Paramount (1990).
TITLE_002184,An imaginative animated limited series that takes a young protagonist on a breathtaking journey through a world governed by forgotten magic. Produced by Disney (2023).
TITLE_002185,"A heartfelt series about two strangers whose lives intersect at a critical crossroads, leading to unexpected and inconvenient love. Produced by Warner Bros (1993)."
TITLE_002186,"A sweeping romance spanning three decades, exploring how first love quietly shapes every significant decision that follows. Produced by Universal (1993)."
TITLE_002187,A chilling psychological limited series in which a family discovers their renovated home was built atop the site of something unspeakable. Produced by Apple TV+ (1983).
TITLE_002188,A visually stunning animated series about an unlikely band of heroes who must defend their enchanted homeland from an ancient darkness. Produced by Paramount (2003).
TITLE_002189,"A powerful film exploring the fractured bonds between family members as they navigate grief, guilt, and reconciliation. Produced by Universal (1993)."
TITLE_002190,A sharp satirical documentary skewering corporate culture through the eyes of the most reluctant middle manager alive. Produced by Paramount (1998).
TITLE_002191,An imaginative animated series that takes a young protagonist on a breathtaking journey through a world governed by forgotten magic. Produced by Disney (2003).
TITLE_002192,A nuanced film that examines the quiet cost of ambition and the unspoken sacrifices we make for the people we love. Produced by Apple TV+ (2022).
TITLE_002193,A charming documentary centered on a chaotic workplace where every attempt to impose order results in glorious failure. Produced by Paramount (1986).
TITLE_002194,A tender film in which two people who built walls against vulnerability slowly and reluctantly dismantle them together. Produced by Netflix Studios (2016).
TITLE_002195,A bold animated special that challenges the boundaries of the form while delivering a story full of wit and genuine emotion. Produced by Universal (2004).
TITLE_002196,A charming special centered on a chaotic workplace where every attempt to impose order results in glorious failure. Produced by Warner Bros (2017).
TITLE_002197,A terrifying limited series following a group of strangers stranded in a remote wilderness as something ancient and patient closes in. Produced by Apple TV+ (2011).
TITLE_002198,A cerebral science fiction series about a theoretical physicist whose containment breach tears a hole in the fabric of spacetime. Produced by Disney (2018).
TITLE_002199,"A heartwarming animated documentary that uses the adventures of misfit characters to explore belonging, courage, and found family. Produced by Apple TV+ (1995)."
TITLE_002200,A suspenseful series about a cybersecurity analyst who uncovers a conspiracy that reaches the highest corridors of power. Produced by Netflix Studios (2008).
TITLE_002201,A nuanced special that examines the quiet cost of ambition and the unspoken sacrifices we make for the people we love. Produced by Warner Bros (2008).
TITLE_002202,A suspenseful series about a cybersecurity analyst who uncovers a conspiracy that reaches the highest corridors of power. Produced by Warner Bros (2006).
TITLE_002203,An emotionally charged series about an individual's struggle to rebuild identity and purpose after an unexpected personal collapse. Produced by Apple TV+ (1980).
TITLE_002204,A visionary science fiction special set in a near future where artificial intelligence has fundamentally reshaped what it means to be human. Produced by Paramount (1997).
TITLE_002205,A slow-dread film exploring the horror of losing trust in your own perception of reality. Produced by Universal (2007).
TITLE_002206,A sharp satirical limited series skewering corporate culture through the eyes of the most reluctant middle manager alive. Produced by Apple TV+ (2016).
TITLE_002207,An imaginative animated limited series that takes a young protagonist on a breathtaking journey through a world governed by forgotten magic. Produced by Universal (2002).
TITLE_002208,"An adrenaline-fueled special in which rival factions clash across three continents, leaving a trail of deception and betrayal. Produced by Paramount (1998)."
TITLE_002209,An imaginative animated documentary that takes a young protagonist on a breathtaking journey through a world governed by forgotten magic. Produced by Universal (1982).
TITLE_002210,A tender yet unflinching special in which three strangers bound by a shared tragedy find unexpected solidarity. Produced by Disney (2016).
TITLE_002211,A charming special centered on a chaotic workplace where every attempt to impose order results in glorious failure. Produced by Paramount (2005).
TITLE_002212,"An adrenaline-fueled limited series in which rival factions clash across three continents, leaving a trail of deception and betrayal. Produced by Sony (1990)."
TITLE_002213,"A powerful film exploring the fractured bonds between family members as they navigate grief, guilt, and reconciliation. Produced by Disney (2016)."
TITLE_002214,"A powerful special exploring the fractured bonds between family members as they navigate grief, guilt, and reconciliation. Produced by Netflix Studios (2014)."
TITLE_002215,A sharp satirical series skewering corporate culture through the eyes of the most reluctant middle manager alive. Produced by Warner Bros (2006).
TITLE_002216,"A sweeping romance spanning three decades, exploring how first love quietly shapes every significant decision that follows. Produced by Apple TV+ (1980)."
TITLE_002217,A taut limited series in which a forensic archivist realizes the cold cases stacking up on her desk share one terrifying pattern. Produced by Apple TV+ (1988).
TITLE_002218,A chilling psychological limited series in which a family discovers their renovated home was built atop the site of something unspeakable. Produced by Universal (2009).
TITLE_002219,A terrifying special following a group of strangers stranded in a remote wilderness as something ancient and patient closes in. Produced by Universal (1987).
TITLE_002220,A tender special in which two people who built walls against vulnerability slowly and reluctantly dismantle them together. Produced by Warner Bros (2000).
TITLE_002221,A cerebral science fiction limited series about a theoretical physicist whose containment breach tears a hole in the fabric of spacetime. Produced by Sony (2001).
TITLE_002222,"A powerful documentary exploring the fractured bonds between family members as they navigate grief, guilt, and reconciliation. Produced by Apple TV+ (1987)."
TITLE_002223,A cerebral science fiction limited series about a theoretical physicist whose containment breach tears a hole in the fabric of spacetime. Produced by Disney (1981).
TITLE_002224,"A powerful series exploring the fractured bonds between family members as they navigate grief, guilt, and reconciliation. Produced by Disney (1993)."
TITLE_002225,A suspenseful film about a cybersecurity analyst who uncovers a conspiracy that reaches the highest corridors of power. Produced by Sony (2002).
TITLE_002226,A bleak yet hopeful documentary depicting a generation born on a generation ship who have never seen Earth and no longer believe in it. Produced by Warner Bros (1993).
TITLE_002227,An explosive special following a disgraced soldier who must go rogue to expose corruption at the highest levels of government. Produced by Paramount (1986).
TITLE_002228,A thought-provoking limited series exploring the ethical fractures that open when deep-space colonization forces humanity to redefine citizenship. Produced by Netflix Studios (1985).
TITLE_002229,A slow-burn documentary where a seemingly routine investigation peels back layers of a community's darkest secrets. Produced by Universal (1999).
TITLE_002230,A nuanced special that examines the quiet cost of ambition and the unspoken sacrifices we make for the people we love. Produced by Warner Bros (2017).
TITLE_002231,A slow-dread limited series exploring the horror of losing trust in your own perception of reality. Produced by Paramount (2005).
TITLE_002232,"A sweeping romance spanning three decades, exploring how first love quietly shapes every significant decision that follows. Produced by Netflix Studios (1986)."
TITLE_002233,A cerebral science fiction limited series about a theoretical physicist whose containment breach tears a hole in the fabric of spacetime. Produced by Universal (2011).
TITLE_002234,A nuanced limited series that examines the quiet cost of ambition and the unspoken sacrifices we make for the people we love. Produced by Apple TV+ (2022).
TITLE_002235,"A heartwarming animated limited series that uses the adventures of misfit characters to explore belonging, courage, and found family. Produced by Netflix Studios (1990)."
TITLE_002236,A suspenseful special about a cybersecurity analyst who uncovers a conspiracy that reaches the highest corridors of power. Produced by Netflix Studios (1987).
TITLE_002237,"A sweeping romance spanning three decades, exploring how first love quietly shapes every significant decision that follows. Produced by Paramount (1998)."
TITLE_002238,A bone-chilling film where a marine biologist's deep-sea expedition surfaces a creature that should not exist. Produced by Warner Bros (2011).
TITLE_002239,"A heartwarming animated limited series that uses the adventures of misfit characters to explore belonging, courage, and found family. Produced by Paramount (1982)."
TITLE_002240,A slow-burn special where a seemingly routine investigation peels back layers of a community's darkest secrets. Produced by Warner Bros (1984).
TITLE_002241,A sharp satirical film skewering corporate culture through the eyes of the most reluctant middle manager alive. Produced by Paramount (1984).
TITLE_002242,A hilarious series following a group of well-meaning misfits whose cross-country trip descends into spectacular chaos. Produced by Apple TV+ (1984).
TITLE_002243,A hilarious film following a group of well-meaning misfits whose cross-country trip descends into spectacular chaos. Produced by Paramount (1995).
TITLE_002244,A terrifying special following a group of strangers stranded in a remote wilderness as something ancient and patient closes in. Produced by Sony (2004).
TITLE_002245,A bone-chilling documentary where a marine biologist's deep-sea expedition surfaces a creature that should not exist. Produced by Warner Bros (1998).
TITLE_002246,A charming limited series centered on a chaotic workplace where every attempt to impose order results in glorious failure. Produced by Sony (2007).
TITLE_002247,A taut series in which a forensic archivist realizes the cold cases stacking up on her desk share one terrifying pattern. Produced by Warner Bros (2005).
TITLE_002248,A slow-burn documentary where a seemingly routine investigation peels back layers of a community's darkest secrets. Produced by Disney (1991).
TITLE_002249,A charming series centered on a chaotic workplace where every attempt to impose order results in glorious failure. Produced by Warner Bros (2022).
TITLE_002250,An imaginative animated documentary that takes a young protagonist on a breathtaking journey through a world governed by forgotten magic. Produced by Paramount (2021).
TITLE_002251,A taut series in which a forensic archivist realizes the cold cases stacking up on her desk share one terrifying pattern. Produced by Universal (2021).
TITLE_002252,A bone-chilling limited series where a marine biologist's deep-sea expedition surfaces a creature that should not exist. Produced by Warner Bros (1987).
TITLE_002253,A cerebral science fiction limited series about a theoretical physicist whose containment breach tears a hole in the fabric of spacetime. Produced by Apple TV+ (1986).
TITLE_002254,A charming special centered on a chaotic workplace where every attempt to impose order results in glorious failure. Produced by Sony (2024).
TITLE_002255,A gripping psychological documentary where a seasoned detective discovers the prime suspect may be hiding in plain sight. Produced by Universal (1982).
TITLE_002256,A suspenseful limited series about a cybersecurity analyst who uncovers a conspiracy that reaches the highest corridors of power. Produced by Netflix Studios (2003).
TITLE_002257,"A heartwarming animated film that uses the adventures of misfit characters to explore belonging, courage, and found family. Produced by Netflix Studios (2021)."
TITLE_002258,A sharp satirical series skewering corporate culture through the eyes of the most reluctant middle manager alive. Produced by Sony (2014).
TITLE_002259,A bold animated limited series that challenges the boundaries of the form while delivering a story full of wit and genuine emotion. Produced by Paramount (1983).
TITLE_002260,A witty limited series about a small-town dreamer who accidentally becomes the most controversial person in a major city. Produced by Disney (2012).
TITLE_002261,A tender special in which two people who built walls against vulnerability slowly and reluctantly dismantle them together. Produced by Paramount (1991).
TITLE_002262,A slow-dread special exploring the horror of losing trust in your own perception of reality. Produced by Universal (1993).
TITLE_002263,A visionary science fiction documentary set in a near future where artificial intelligence has fundamentally reshaped what it means to be human. Produced by Sony (2015).
TITLE_002264,"A sweeping romance spanning three decades, exploring how first love quietly shapes every significant decision that follows. Produced by Apple TV+ (1981)."
TITLE_002265,A hilarious film following a group of well-meaning misfits whose cross-country trip descends into spectacular chaos. Produced by Netflix Studios (1991).
TITLE_002266,A pulse-pounding film where a covert operative races against time to prevent a global catastrophe. Produced by Warner Bros (2012).
TITLE_002267,A gripping psychological film where a seasoned detective discovers the prime suspect may be hiding in plain sight. Produced by Sony (2013).
TITLE_002268,An imaginative animated film that takes a young protagonist on a breathtaking journey through a world governed by forgotten magic. Produced by Apple TV+ (1992).
TITLE_002269,A cerebral science fiction documentary about a theoretical physicist whose containment breach tears a hole in the fabric of spacetime. Produced by Sony (1989).
TITLE_002270,A tender yet unflinching special in which three strangers bound by a shared tragedy find unexpected solidarity. Produced by Netflix Studios (2006).
TITLE_002271,A bold animated documentary that challenges the boundaries of the form while delivering a story full of wit and genuine emotion. Produced by Warner Bros (1990).
TITLE_002272,An imaginative animated series that takes a young protagonist on a breathtaking journey through a world governed by forgotten magic. Produced by Sony (1988).
TITLE_002273,"An adrenaline-fueled film in which rival factions clash across three continents, leaving a trail of deception and betrayal. Produced by Universal (2020)."
TITLE_002274,"A sweeping romance spanning three decades, exploring how first love quietly shapes every significant decision that follows. Produced by Disney (2008)."
TITLE_002275,A sharp satirical documentary skewering corporate culture through the eyes of the most reluctant middle manager alive. Produced by Warner Bros (2012).
TITLE_002276,A witty special about a small-town dreamer who accidentally becomes the most controversial person in a major city. Produced by Paramount (2003).
TITLE_002277,A tender special in which two people who built walls against vulnerability slowly and reluctantly dismantle them together. Produced by Paramount (2005).
TITLE_002278,An imaginative animated limited series that takes a young protagonist on a breathtaking journey through a world governed by forgotten magic. Produced by Sony (1982).
TITLE_002279,A visionary science fiction documentary set in a near future where artificial intelligence has fundamentally reshaped what it means to be human. Produced by Warner Bros (2024).
TITLE_002280,A slow-burn documentary where a seemingly routine investigation peels back layers of a community's darkest secrets. Produced by Paramount (1985).
TITLE_002281,"A bittersweet romantic series following star-crossed lovers whose timing always seems to be precisely, maddeningly off. Produced by Warner Bros (1989)."
TITLE_002282,An imaginative animated documentary that takes a young protagonist on a breathtaking journey through a world governed by forgotten magic. Produced by Warner Bros (2010).
TITLE_002283,A charming special centered on a chaotic workplace where every attempt to impose order results in glorious failure. Produced by Universal (1984).
TITLE_002284,"An adrenaline-fueled special in which rival factions clash across three continents, leaving a trail of deception and betrayal. Produced by Paramount (1990)."
TITLE_002285,A witty documentary about a small-town dreamer who accidentally becomes the most controversial person in a major city. Produced by Paramount (1981).
TITLE_002286,A hilarious documentary following a group of well-meaning misfits whose cross-country trip descends into spectacular chaos. Produced by Disney (1989).
TITLE_002287,A visionary science fiction series set in a near future where artificial intelligence has fundamentally reshaped what it means to be human. Produced by Apple TV+ (1981).
TITLE_002288,A terrifying special following a group of strangers stranded in a remote wilderness as something ancient and patient closes in. Produced by Warner Bros (2009).
TITLE_002289,A bold animated documentary that challenges the boundaries of the form while delivering a story full of wit and genuine emotion. Produced by Sony (2016).
TITLE_002290,"A heartwarming animated series that uses the adventures of misfit characters to explore belonging, courage, and found family. Produced by Apple TV+ (2007)."
TITLE_002291,A hilarious limited series following a group of well-meaning misfits whose cross-country trip descends into spectacular chaos. Produced by Warner Bros (2008).
TITLE_002292,A charming limited series centered on a chaotic workplace where every attempt to impose order results in glorious failure. Produced by Netflix Studios (1990).
TITLE_002293,A tender limited series in which two people who built walls against vulnerability slowly and reluctantly dismantle them together. Produced by Universal (2012).
TITLE_002294,A hilarious special following a group of well-meaning misfits whose cross-country trip descends into spectacular chaos. Produced by Universal (1986).
TITLE_002295,A slow-burn documentary where a seemingly routine investigation peels back layers of a community's darkest secrets. Produced by Universal (1997).
TITLE_002296,A witty special about a small-town dreamer who accidentally becomes the most controversial person in a major city. Produced by Netflix Studios (1987).
TITLE_002297,A sharp satirical series skewering corporate culture through the eyes of the most reluctant middle manager alive. Produced by Paramount (1981).
TITLE_002298,A suspenseful documentary about a cybersecurity analyst who uncovers a conspiracy that reaches the highest corridors of power. Produced by Disney (2000).
TITLE_002299,"A powerful documentary exploring the fractured bonds between family members as they navigate grief, guilt, and reconciliation. Produced by Sony (1997)."
TITLE_002300,A terrifying documentary following a group of strangers stranded in a remote wilderness as something ancient and patient closes in. Produced by Paramount (1996).
TITLE_002301,"A sweeping romance spanning three decades, exploring how first love quietly shapes every significant decision that follows. Produced by Netflix Studios (2023)."
TITLE_002302,A terrifying documentary following a group of strangers stranded in a remote wilderness as something ancient and patient closes in. Produced by Disney (1997).
TITLE_002303,A sharp satirical series skewering corporate culture through the eyes of the most reluctant middle manager alive. Produced by Sony (1999).
TITLE_002304,A charming film centered on a chaotic workplace where every attempt to impose order results in glorious failure. Produced by Disney (2021).
TITLE_002305,A charming series centered on a chaotic workplace where every attempt to impose order results in glorious failure. Produced by Sony (1998).
TITLE_002306,A suspenseful limited series about a cybersecurity analyst who uncovers a conspiracy that reaches the highest corridors of power. Produced by Sony (1998).
TITLE_002307,An explosive limited series following a disgraced soldier who must go rogue to expose corruption at the highest levels of government. Produced by Warner Bros (2016).
TITLE_002308,A slow-burn documentary where a seemingly routine investigation peels back layers of a community's darkest secrets. Produced by Paramount (1980).
TITLE_002309,A cerebral science fiction special about a theoretical physicist whose containment breach tears a hole in the fabric of spacetime. Produced by Netflix Studios (1984).
TITLE_002310,A pulse-pounding documentary where a covert operative races against time to prevent a global catastrophe. Produced by Warner Bros (2004).
TITLE_002311,A bold animated documentary that challenges the boundaries of the form while delivering a story full of wit and genuine emotion. Produced by Universal (2005).
TITLE_002312,"A heartwarming animated documentary that uses the adventures of misfit characters to explore belonging, courage, and found family. Produced by Sony (1981)."
TITLE_002313,"An adrenaline-fueled documentary in which rival factions clash across three continents, leaving a trail of deception and betrayal. Produced by Universal (2006)."
TITLE_002314,A bold animated film that challenges the boundaries of the form while delivering a story full of wit and genuine emotion. Produced by Warner Bros (2008).
TITLE_002315,A bleak yet hopeful documentary depicting a generation born on a generation ship who have never seen Earth and no longer believe in it. Produced by Netflix Studios (1984).
TITLE_002316,A suspenseful documentary about a cybersecurity analyst who uncovers a conspiracy that reaches the highest corridors of power. Produced by Netflix Studios (2003).
TITLE_002317,"A sweeping romance spanning three decades, exploring how first love quietly shapes every significant decision that follows. Produced by Apple TV+ (2013)."
TITLE_002318,"A powerful special exploring the fractured bonds between family members as they navigate grief, guilt, and reconciliation. Produced by Paramount (2011)."
TITLE_002319,An emotionally charged documentary about an individual's struggle to rebuild identity and purpose after an unexpected personal collapse. Produced by Disney (2003).
TITLE_002320,"A heartwarming animated series that uses the adventures of misfit characters to explore belonging, courage, and found family. Produced by Disney (1981)."
TITLE_002321,"A sweeping romance spanning three decades, exploring how first love quietly shapes every significant decision that follows. Produced by Paramount (2008)."
TITLE_002322,A bleak yet hopeful special depicting a generation born on a generation ship who have never seen Earth and no longer believe in it. Produced by Sony (2021).
TITLE_002323,A bold animated series that challenges the boundaries of the form while delivering a story full of wit and genuine emotion. Produced by Warner Bros (2004).
TITLE_002324,"A sweeping romance spanning three decades, exploring how first love quietly shapes every significant decision that follows. Produced by Paramount (1986)."
TITLE_002325,A tender film in which two people who built walls against vulnerability slowly and reluctantly dismantle them together. Produced by Universal (1989).
TITLE_002326,"An adrenaline-fueled documentary in which rival factions clash across three continents, leaving a trail of deception and betrayal. Produced by Paramount (2021)."
TITLE_002327,"A powerful series exploring the fractured bonds between family members as they navigate grief, guilt, and reconciliation. Produced by Sony (1999)."
TITLE_002328,A thought-provoking limited series exploring the ethical fractures that open when deep-space colonization forces humanity to redefine citizenship. Produced by Disney (2002).
TITLE_002329,A visionary science fiction film set in a near future where artificial intelligence has fundamentally reshaped what it means to be human. Produced by Paramount (1991).
TITLE_002330,A hilarious special following a group of well-meaning misfits whose cross-country trip descends into spectacular chaos. Produced by Sony (2011).
TITLE_002331,A terrifying series following a group of strangers stranded in a remote wilderness as something ancient and patient closes in. Produced by Netflix Studios (2006).
TITLE_002332,A slow-dread documentary exploring the horror of losing trust in your own perception of reality. Produced by Disney (1982).
TITLE_002333,A tender yet unflinching limited series in which three strangers bound by a shared tragedy find unexpected solidarity. Produced by Apple TV+ (1982).
TITLE_002334,A terrifying series following a group of strangers stranded in a remote wilderness as something ancient and patient closes in. Produced by Sony (1998).
TITLE_002335,"An adrenaline-fueled documentary in which rival factions clash across three continents, leaving a trail of deception and betrayal. Produced by Netflix Studios (1987)."
TITLE_002336,A tender yet unflinching documentary in which three strangers bound by a shared tragedy find unexpected solidarity. Produced by Universal (1984).
TITLE_002337,A nuanced documentary that examines the quiet cost of ambition and the unspoken sacrifices we make for the people we love. Produced by Disney (1987).
TITLE_002338,"A heartwarming animated series that uses the adventures of misfit characters to explore belonging, courage, and found family. Produced by Sony (1996)."
TITLE_002339,An explosive special following a disgraced soldier who must go rogue to expose corruption at the highest levels of government. Produced by Paramount (2006).
TITLE_002340,A cerebral science fiction series about a theoretical physicist whose containment breach tears a hole in the fabric of spacetime. Produced by Netflix Studios (1985).
TITLE_002341,A thought-provoking special exploring the ethical fractures that open when deep-space colonization forces humanity to redefine citizenship. Produced by Sony (1986).
TITLE_002342,"A heartwarming animated film that uses the adventures of misfit characters to explore belonging, courage, and found family. Produced by Paramount (1980)."
TITLE_002343,A charming series centered on a chaotic workplace where every attempt to impose order results in glorious failure. Produced by Paramount (2015).
TITLE_002344,A bold animated series that challenges the boundaries of the form while delivering a story full of wit and genuine emotion. Produced by Apple TV+ (2012).
TITLE_002345,An imaginative animated film that takes a young protagonist on a breathtaking journey through a world governed by forgotten magic. Produced by Paramount (2003).
TITLE_002346,A slow-dread documentary exploring the horror of losing trust in your own perception of reality. Produced by Netflix Studios (2013).
TITLE_002347,A cerebral science fiction series about a theoretical physicist whose containment breach tears a hole in the fabric of spacetime. Produced by Disney (2002).
TITLE_002348,A pulse-pounding series where a covert operative races against time to prevent a global catastrophe. Produced by Universal (2014).
TITLE_002349,A visually stunning animated film about an unlikely band of heroes who must defend their enchanted homeland from an ancient darkness. Produced by Disney (1981).
TITLE_002350,A sharp satirical limited series skewering corporate culture through the eyes of the most reluctant middle manager alive. Produced by Disney (2000).
TITLE_002351,A bleak yet hopeful special depicting a generation born on a generation ship who have never seen Earth and no longer believe in it. Produced by Warner Bros (2006).
TITLE_002352,A visionary science fiction documentary set in a near future where artificial intelligence has fundamentally reshaped what it means to be human. Produced by Disney (1990).
TITLE_002353,A charming series centered on a chaotic workplace where every attempt to impose order results in glorious failure. Produced by Disney (1984).
TITLE_002354,A hilarious special following a group of well-meaning misfits whose cross-country trip descends into spectacular chaos. Produced by Disney (1988).
TITLE_002355,A taut series in which a forensic archivist realizes the cold cases stacking up on her desk share one terrifying pattern. Produced by Paramount (1980).
TITLE_002356,A witty special about a small-town dreamer who accidentally becomes the most controversial person in a major city. Produced by Universal (1980).
TITLE_002357,A taut documentary in which a forensic archivist realizes the cold cases stacking up on her desk share one terrifying pattern. Produced by Disney (2025).
TITLE_002358,A chilling psychological film in which a family discovers their renovated home was built atop the site of something unspeakable. Produced by Sony (2014).
TITLE_002359,A terrifying series following a group of strangers stranded in a remote wilderness as something ancient and patient closes in. Produced by Sony (2013).
TITLE_002360,A taut film in which a forensic archivist realizes the cold cases stacking up on her desk share one terrifying pattern. Produced by Paramount (1980).
TITLE_002361,"An adrenaline-fueled documentary in which rival factions clash across three continents, leaving a trail of deception and betrayal. Produced by Paramount (2014)."
TITLE_002362,A witty film about a small-town dreamer who accidentally becomes the most controversial person in a major city. Produced by Sony (2009).
TITLE_002363,A nuanced series that examines the quiet cost of ambition and the unspoken sacrifices we make for the people we love. Produced by Universal (1999).
TITLE_002364,A slow-dread series exploring the horror of losing trust in your own perception of reality. Produced by Apple TV+ (2020).
TITLE_002365,A suspenseful special about a cybersecurity analyst who uncovers a conspiracy that reaches the highest corridors of power. Produced by Paramount (2008).
TITLE_002366,An explosive documentary following a disgraced soldier who must go rogue to expose corruption at the highest levels of government. Produced by Sony (2008).
TITLE_002367,"A heartwarming animated documentary that uses the adventures of misfit characters to explore belonging, courage, and found family. Produced by Paramount (2018)."
TITLE_002368,An emotionally charged limited series about an individual's struggle to rebuild identity and purpose after an unexpected personal collapse. Produced by Disney (2010).
TITLE_002369,A bone-chilling special where a marine biologist's deep-sea expedition surfaces a creature that should not exist. Produced by Netflix Studios (2002).
TITLE_002370,An emotionally charged series about an individual's struggle to rebuild identity and purpose after an unexpected personal collapse. Produced by Apple TV+ (1989).
TITLE_002371,A charming limited series centered on a chaotic workplace where every attempt to impose order results in glorious failure. Produced by Netflix Studios (2014).
TITLE_002372,A sharp satirical special skewering corporate culture through the eyes of the most reluctant middle manager alive. Produced by Netflix Studios (2018).
TITLE_002373,A slow-burn limited series where a seemingly routine investigation peels back layers of a community's darkest secrets. Produced by Paramount (1987).
TITLE_002374,An imaginative animated film that takes a young protagonist on a breathtaking journey through a world governed by forgotten magic. Produced by Apple TV+ (2022).
TITLE_002375,A chilling psychological documentary in which a family discovers their renovated home was built atop the site of something unspeakable. Produced by Apple TV+ (1994).
TITLE_002376,"A heartwarming animated film that uses the adventures of misfit characters to explore belonging, courage, and found family. Produced by Warner Bros (1980)."
TITLE_002377,A sharp satirical special skewering corporate culture through the eyes of the most reluctant middle manager alive. Produced by Apple TV+ (2025).
TITLE_002378,A bone-chilling limited series where a marine biologist's deep-sea expedition surfaces a creature that should not exist. Produced by Paramount (1992).
TITLE_002379,"A heartfelt special about two strangers whose lives intersect at a critical crossroads, leading to unexpected and inconvenient love. Produced by Disney (2002)."
TITLE_002380,A suspenseful series about a cybersecurity analyst who uncovers a conspiracy that reaches the highest corridors of power. Produced by Disney (1996).
TITLE_002381,"An adrenaline-fueled limited series in which rival factions clash across three continents, leaving a trail of deception and betrayal. Produced by Paramount (2011)."
TITLE_002382,A sharp satirical series skewering corporate culture through the eyes of the most reluctant middle manager alive. Produced by Sony (1988).
TITLE_002383,A cerebral science fiction series about a theoretical physicist whose containment breach tears a hole in the fabric of spacetime. Produced by Disney (1998).
TITLE_002384,A thought-provoking documentary exploring the ethical fractures that open when deep-space colonization forces humanity to redefine citizenship. Produced by Paramount (2000).
TITLE_002385,"An adrenaline-fueled series in which rival factions clash across three continents, leaving a trail of deception and betrayal. Produced by Warner Bros (2004)."
TITLE_002386,An explosive documentary following a disgraced soldier who must go rogue to expose corruption at the highest levels of government. Produced by Sony (2010).
TITLE_002387,A nuanced series that examines the quiet cost of ambition and the unspoken sacrifices we make for the people we love. Produced by Disney (2001).
TITLE_002388,A terrifying film following a group of strangers stranded in a remote wilderness as something ancient and patient closes in. Produced by Netflix Studios (1981).
TITLE_002389,"A heartfelt film about two strangers whose lives intersect at a critical crossroads, leading to unexpected and inconvenient love. Produced by Paramount (1983)."
TITLE_002390,A taut limited series in which a forensic archivist realizes the cold cases stacking up on her desk share one terrifying pattern. Produced by Universal (2019).
TITLE_002391,"A sweeping romance spanning three decades, exploring how first love quietly shapes every significant decision that follows. Produced by Netflix Studios (1986)."
TITLE_002392,A bone-chilling series where a marine biologist's deep-sea expedition surfaces a creature that should not exist. Produced by Warner Bros (2012).
TITLE_002393,A sharp satirical limited series skewering corporate culture through the eyes of the most reluctant middle manager alive. Produced by Paramount (1994).
TITLE_002394,A chilling psychological documentary in which a family discovers their renovated home was built atop the site of something unspeakable. Produced by Disney (2023).
TITLE_002395,"A heartwarming animated special that uses the adventures of misfit characters to explore belonging, courage, and found family. Produced by Disney (1995)."
TITLE_002396,A thought-provoking limited series exploring the ethical fractures that open when deep-space colonization forces humanity to redefine citizenship. Produced by Universal (2018).
TITLE_002397,A visually stunning animated documentary about an unlikely band of heroes who must defend their enchanted homeland from an ancient darkness. Produced by Apple TV+ (1998).
TITLE_002398,"A powerful series exploring the fractured bonds between family members as they navigate grief, guilt, and reconciliation. Produced by Netflix Studios (2008)."
TITLE_002399,An emotionally charged documentary about an individual's struggle to rebuild identity and purpose after an unexpected personal collapse. Produced by Warner Bros (2015).
TITLE_002400,"A sweeping romance spanning three decades, exploring how first love quietly shapes every significant decision that follows. Produced by Sony (2003)."
TITLE_002401,A high-octane special about a former special forces veteran pulled back into the field for one last impossible mission. Produced by Paramount (1987).
TITLE_002402,A pulse-pounding documentary where a covert operative races against time to prevent a global catastrophe. Produced by Apple TV+ (1988).
TITLE_002403,A bleak yet hopeful special depicting a generation born on a generation ship who have never seen Earth and no longer believe in it. Produced by Paramount (1998).
TITLE_002404,A chilling psychological documentary in which a family discovers their renovated home was built atop the site of something unspeakable. Produced by Universal (2023).
TITLE_002405,A cerebral science fiction film about a theoretical physicist whose containment breach tears a hole in the fabric of spacetime. Produced by Apple TV+ (1997).
TITLE_002406,"A bittersweet romantic series following star-crossed lovers whose timing always seems to be precisely, maddeningly off. Produced by Netflix Studios (1982)."
TITLE_002407,A suspenseful special about a cybersecurity analyst who uncovers a conspiracy that reaches the highest corridors of power. Produced by Apple TV+ (1987).
TITLE_002408,A charming limited series centered on a chaotic workplace where every attempt to impose order results in glorious failure. Produced by Disney (2020).
TITLE_002409,A thought-provoking special exploring the ethical fractures that open when deep-space colonization forces humanity to redefine citizenship. Produced by Netflix Studios (2013).
TITLE_002410,"A bittersweet romantic film following star-crossed lovers whose timing always seems to be precisely, maddeningly off. Produced by Apple TV+ (2015)."
TITLE_002411,A cerebral science fiction limited series about a theoretical physicist whose containment breach tears a hole in the fabric of spacetime. Produced by Paramount (2008).
TITLE_002412,A bold animated series that challenges the boundaries of the form while delivering a story full of wit and genuine emotion. Produced by Disney (1992).
TITLE_002413,A pulse-pounding documentary where a covert operative races against time to prevent a global catastrophe. Produced by Sony (1984).
TITLE_002414,A gripping psychological documentary where a seasoned detective discovers the prime suspect may be hiding in plain sight. Produced by Netflix Studios (1998).
TITLE_002415,A taut limited series in which a forensic archivist realizes the cold cases stacking up on her desk share one terrifying pattern. Produced by Disney (2023).
TITLE_002416,"A powerful special exploring the fractured bonds between family members as they navigate grief, guilt, and reconciliation. Produced by Netflix Studios (2001)."
TITLE_002417,An emotionally charged series about an individual's struggle to rebuild identity and purpose after an unexpected personal collapse. Produced by Disney (1989).
TITLE_002418,A pulse-pounding special where a covert operative races against time to prevent a global catastrophe. Produced by Disney (2010).
TITLE_002419,"A heartwarming animated series that uses the adventures of misfit characters to explore belonging, courage, and found family. Produced by Warner Bros (2013)."
TITLE_002420,A sharp satirical limited series skewering corporate culture through the eyes of the most reluctant middle manager alive. Produced by Universal (2017).
TITLE_002421,A sharp satirical series skewering corporate culture through the eyes of the most reluctant middle manager alive. Produced by Sony (2014).
TITLE_002422,A witty special about a small-town dreamer who accidentally becomes the most controversial person in a major city. Produced by Sony (1983).
TITLE_002423,A nuanced series that examines the quiet cost of ambition and the unspoken sacrifices we make for the people we love. Produced by Paramount (1984).
TITLE_002424,A slow-dread documentary exploring the horror of losing trust in your own perception of reality. Produced by Paramount (2023).
TITLE_002425,"A powerful documentary exploring the fractured bonds between family members as they navigate grief, guilt, and reconciliation. Produced by Apple TV+ (2009)."
TITLE_002426,A thought-provoking series exploring the ethical fractures that open when deep-space colonization forces humanity to redefine citizenship. Produced by Paramount (2014).
TITLE_002427,"A powerful limited series exploring the fractured bonds between family members as they navigate grief, guilt, and reconciliation. Produced by Sony (1998)."
TITLE_002428,An emotionally charged series about an individual's struggle to rebuild identity and purpose after an unexpected personal collapse. Produced by Disney (1989).
TITLE_002429,A slow-burn limited series where a seemingly routine investigation peels back layers of a community's darkest secrets. Produced by Disney (1999).
TITLE_002430,"A heartwarming animated series that uses the adventures of misfit characters to explore belonging, courage, and found family. Produced by Warner Bros (1996)."
TITLE_002431,A sharp satirical special skewering corporate culture through the eyes of the most reluctant middle manager alive. Produced by Paramount (1994).
TITLE_002432,"A sweeping romance spanning three decades, exploring how first love quietly shapes every significant decision that follows. Produced by Warner Bros (2002)."
TITLE_002433,A taut special in which a forensic archivist realizes the cold cases stacking up on her desk share one terrifying pattern. Produced by Universal (2010).
TITLE_002434,An explosive series following a disgraced soldier who must go rogue to expose corruption at the highest levels of government. Produced by Apple TV+ (1980).
TITLE_002435,A high-octane film about a former special forces veteran pulled back into the field for one last impossible mission. Produced by Apple TV+ (1986).
TITLE_002436,"A powerful film exploring the fractured bonds between family members as they navigate grief, guilt, and reconciliation. Produced by Netflix Studios (1983)."
TITLE_002437,An explosive film following a disgraced soldier who must go rogue to expose corruption at the highest levels of government. Produced by Universal (2025).
TITLE_002438,An explosive series following a disgraced soldier who must go rogue to expose corruption at the highest levels of government. Produced by Paramount (2009).
TITLE_002439,A hilarious limited series following a group of well-meaning misfits whose cross-country trip descends into spectacular chaos. Produced by Warner Bros (2008).
TITLE_002440,A hilarious special following a group of well-meaning misfits whose cross-country trip descends into spectacular chaos. Produced by Disney (2006).
TITLE_002441,A slow-burn film where a seemingly routine investigation peels back layers of a community's darkest secrets. Produced by Sony (1988).
TITLE_002442,"An adrenaline-fueled special in which rival factions clash across three continents, leaving a trail of deception and betrayal. Produced by Netflix Studios (2002)."
TITLE_002443,A sharp satirical film skewering corporate culture through the eyes of the most reluctant middle manager alive. Produced by Warner Bros (2003).
TITLE_002444,"An adrenaline-fueled limited series in which rival factions clash across three continents, leaving a trail of deception and betrayal. Produced by Disney (1989)."
TITLE_002445,A charming documentary centered on a chaotic workplace where every attempt to impose order results in glorious failure. Produced by Paramount (2011).
TITLE_002446,"A powerful special exploring the fractured bonds between family members as they navigate grief, guilt, and reconciliation. Produced by Warner Bros (1999)."
TITLE_002447,An explosive documentary following a disgraced soldier who must go rogue to expose corruption at the highest levels of government. Produced by Universal (2023).
TITLE_002448,A nuanced special that examines the quiet cost of ambition and the unspoken sacrifices we make for the people we love. Produced by Universal (2020).
TITLE_002449,A hilarious special following a group of well-meaning misfits whose cross-country trip descends into spectacular chaos. Produced by Sony (2016).
TITLE_002450,A high-octane series about a former special forces veteran pulled back into the field for one last impossible mission. Produced by Sony (1992).
TITLE_002451,An explosive film following a disgraced soldier who must go rogue to expose corruption at the highest levels of government. Produced by Warner Bros (1997).
TITLE_002452,A cerebral science fiction documentary about a theoretical physicist whose containment breach tears a hole in the fabric of spacetime. Produced by Disney (2014).
TITLE_002453,A bone-chilling series where a marine biologist's deep-sea expedition surfaces a creature that should not exist. Produced by Warner Bros (1981).
TITLE_002454,A visually stunning animated series about an unlikely band of heroes who must defend their enchanted homeland from an ancient darkness. Produced by Sony (2018).
TITLE_002455,A bold animated special that challenges the boundaries of the form while delivering a story full of wit and genuine emotion. Produced by Apple TV+ (2019).
TITLE_002456,A bleak yet hopeful documentary depicting a generation born on a generation ship who have never seen Earth and no longer believe in it. Produced by Paramount (2004).
TITLE_002457,An explosive special following a disgraced soldier who must go rogue to expose corruption at the highest levels of government. Produced by Paramount (2020).
TITLE_002458,A taut limited series in which a forensic archivist realizes the cold cases stacking up on her desk share one terrifying pattern. Produced by Disney (1984).
TITLE_002459,A terrifying special following a group of strangers stranded in a remote wilderness as something ancient and patient closes in. Produced by Universal (1993).
TITLE_002460,A witty documentary about a small-town dreamer who accidentally becomes the most controversial person in a major city. Produced by Apple TV+ (2024).
TITLE_002461,"An adrenaline-fueled limited series in which rival factions clash across three continents, leaving a trail of deception and betrayal. Produced by Universal (2008)."
TITLE_002462,A tender film in which two people who built walls against vulnerability slowly and reluctantly dismantle them together. Produced by Paramount (1987).
TITLE_002463,A slow-burn limited series where a seemingly routine investigation peels back layers of a community's darkest secrets. Produced by Apple TV+ (1991).
TITLE_002464,A gripping psychological film where a seasoned detective discovers the prime suspect may be hiding in plain sight. Produced by Sony (1982).
TITLE_002465,A cerebral science fiction limited series about a theoretical physicist whose containment breach tears a hole in the fabric of spacetime. Produced by Universal (2010).
TITLE_002466,"A sweeping romance spanning three decades, exploring how first love quietly shapes every significant decision that follows. Produced by Sony (2017)."
TITLE_002467,A charming limited series centered on a chaotic workplace where every attempt to impose order results in glorious failure. Produced by Sony (1989).
TITLE_002468,A bold animated series that challenges the boundaries of the form while delivering a story full of wit and genuine emotion. Produced by Netflix Studios (2021).
TITLE_002469,A bold animated series that challenges the boundaries of the form while delivering a story full of wit and genuine emotion. Produced by Disney (2022).
TITLE_002470,A bold animated limited series that challenges the boundaries of the form while delivering a story full of wit and genuine emotion. Produced by Apple TV+ (1990).
TITLE_002471,"An adrenaline-fueled film in which rival factions clash across three continents, leaving a trail of deception and betrayal. Produced by Warner Bros (2010)."
TITLE_002472,An explosive series following a disgraced soldier who must go rogue to expose corruption at the highest levels of government. Produced by Sony (1998).
TITLE_002473,A sharp satirical special skewering corporate culture through the eyes of the most reluctant middle manager alive. Produced by Warner Bros (2004).
TITLE_002474,A chilling psychological limited series in which a family discovers their renovated home was built atop the site of something unspeakable. Produced by Netflix Studios (2000).
TITLE_002475,"A bittersweet romantic series following star-crossed lovers whose timing always seems to be precisely, maddeningly off. Produced by Universal (2010)."
TITLE_002476,A slow-dread film exploring the horror of losing trust in your own perception of reality. Produced by Universal (1994).
TITLE_002477,A bleak yet hopeful special depicting a generation born on a generation ship who have never seen Earth and no longer believe in it. Produced by Apple TV+ (1984).
TITLE_002478,A visually stunning animated series about an unlikely band of heroes who must defend their enchanted homeland from an ancient darkness. Produced by Netflix Studios (2018).
TITLE_002479,"A sweeping romance spanning three decades, exploring how first love quietly shapes every significant decision that follows. Produced by Netflix Studios (2025)."
TITLE_002480,A charming special centered on a chaotic workplace where every attempt to impose order results in glorious failure. Produced by Apple TV+ (2021).
TITLE_002481,A visually stunning animated series about an unlikely band of heroes who must defend their enchanted homeland from an ancient darkness. Produced by Paramount (1999).
TITLE_002482,A visually stunning animated limited series about an unlikely band of heroes who must defend their enchanted homeland from an ancient darkness. Produced by Paramount (2019).
TITLE_002483,A charming series centered on a chaotic workplace where every attempt to impose order results in glorious failure. Produced by Apple TV+ (1994).
TITLE_002484,A slow-burn series where a seemingly routine investigation peels back layers of a community's darkest secrets. Produced by Apple TV+ (2016).
TITLE_002485,A tender film in which two people who built walls against vulnerability slowly and reluctantly dismantle them together. Produced by Apple TV+ (2017).
TITLE_002486,A sharp satirical film skewering corporate culture through the eyes of the most reluctant middle manager alive. Produced by Disney (2006).
TITLE_002487,A witty limited series about a small-town dreamer who accidentally becomes the most controversial person in a major city. Produced by Universal (1987).
TITLE_002488,"A bittersweet romantic series following star-crossed lovers whose timing always seems to be precisely, maddeningly off. Produced by Disney (2005)."
TITLE_002489,A gripping psychological series where a seasoned detective discovers the prime suspect may be hiding in plain sight. Produced by Disney (2020).
TITLE_002490,A slow-dread special exploring the horror of losing trust in your own perception of reality. Produced by Sony (1987).
TITLE_002491,A suspenseful limited series about a cybersecurity analyst who uncovers a conspiracy that reaches the highest corridors of power. Produced by Warner Bros (2020).
TITLE_002492,A slow-burn special where a seemingly routine investigation peels back layers of a community's darkest secrets. Produced by Disney (2024).
TITLE_002493,An emotionally charged limited series about an individual's struggle to rebuild identity and purpose after an unexpected personal collapse. Produced by Warner Bros (1999).
TITLE_002494,A taut series in which a forensic archivist realizes the cold cases stacking up on her desk share one terrifying pattern. Produced by Warner Bros (2015).
TITLE_002495,A bold animated film that challenges the boundaries of the form while delivering a story full of wit and genuine emotion. Produced by Universal (2010).
TITLE_002496,A slow-dread series exploring the horror of losing trust in your own perception of reality. Produced by Apple TV+ (2009).
TITLE_002497,A bleak yet hopeful documentary depicting a generation born on a generation ship who have never seen Earth and no longer believe in it. Produced by Disney (2000).
TITLE_002498,A sharp satirical special skewering corporate culture through the eyes of the most reluctant middle manager alive. Produced by Paramount (1986).
TITLE_002499,A slow-dread special exploring the horror of losing trust in your own perception of reality. Produced by Universal (1992).
TITLE_002500,An imaginative animated series that takes a young protagonist on a breathtaking journey through a world governed by forgotten magic. Produced by Warner Bros (1999).
TITLE_002501,A charming documentary centered on a chaotic workplace where every attempt to impose order results in glorious failure. Produced by Universal (2001).
TITLE_002502,A slow-burn series where a seemingly routine investigation peels back layers of a community's darkest secrets. Produced by Sony (1981).
TITLE_002503,"A bittersweet romantic series following star-crossed lovers whose timing always seems to be precisely, maddeningly off. Produced by Sony (2000)."
TITLE_002504,A suspenseful special about a cybersecurity analyst who uncovers a conspiracy that reaches the highest corridors of power. Produced by Universal (2011).
TITLE_002505,A visually stunning animated film about an unlikely band of heroes who must defend their enchanted homeland from an ancient darkness. Produced by Sony (2002).
TITLE_002506,A thought-provoking film exploring the ethical fractures that open when deep-space colonization forces humanity to redefine citizenship. Produced by Apple TV+ (1986).
TITLE_002507,A tender series in which two people who built walls against vulnerability slowly and reluctantly dismantle them together. Produced by Netflix Studios (1998).
TITLE_002508,An emotionally charged documentary about an individual's struggle to rebuild identity and purpose after an unexpected personal collapse. Produced by Universal (2007).
TITLE_002509,A bleak yet hopeful series depicting a generation born on a generation ship who have never seen Earth and no longer believe in it. Produced by Netflix Studios (2011).
TITLE_002510,A taut limited series in which a forensic archivist realizes the cold cases stacking up on her desk share one terrifying pattern. Produced by Warner Bros (1997).
TITLE_002511,A visually stunning animated special about an unlikely band of heroes who must defend their enchanted homeland from an ancient darkness. Produced by Paramount (2007).
TITLE_002512,An imaginative animated series that takes a young protagonist on a breathtaking journey through a world governed by forgotten magic. Produced by Apple TV+ (1992).
TITLE_002513,A pulse-pounding series where a covert operative races against time to prevent a global catastrophe. Produced by Sony (2011).
TITLE_002514,A bleak yet hopeful limited series depicting a generation born on a generation ship who have never seen Earth and no longer believe in it. Produced by Sony (1984).
TITLE_002515,"An adrenaline-fueled limited series in which rival factions clash across three continents, leaving a trail of deception and betrayal. Produced by Apple TV+ (2007)."
TITLE_002516,"An adrenaline-fueled series in which rival factions clash across three continents, leaving a trail of deception and betrayal. Produced by Universal (2011)."
TITLE_002517,"A bittersweet romantic special following star-crossed lovers whose timing always seems to be precisely, maddeningly off. Produced by Paramount (2014)."
TITLE_002518,A visually stunning animated film about an unlikely band of heroes who must defend their enchanted homeland from an ancient darkness. Produced by Warner Bros (2000).
TITLE_002519,A gripping psychological limited series where a seasoned detective discovers the prime suspect may be hiding in plain sight. Produced by Sony (1997).
TITLE_002520,A bone-chilling documentary where a marine biologist's deep-sea expedition surfaces a creature that should not exist. Produced by Warner Bros (2001).
TITLE_002521,A slow-dread film exploring the horror of losing trust in your own perception of reality. Produced by Universal (1991).
TITLE_002522,An emotionally charged series about an individual's struggle to rebuild identity and purpose after an unexpected personal collapse. Produced by Apple TV+ (2001).
TITLE_002523,A suspenseful series about a cybersecurity analyst who uncovers a conspiracy that reaches the highest corridors of power. Produced by Netflix Studios (1997).
TITLE_002524,A gripping psychological series where a seasoned detective discovers the prime suspect may be hiding in plain sight. Produced by Sony (2011).
TITLE_002525,A high-octane documentary about a former special forces veteran pulled back into the field for one last impossible mission. Produced by Warner Bros (2005).
TITLE_002526,A sharp satirical limited series skewering corporate culture through the eyes of the most reluctant middle manager alive. Produced by Disney (2018).
TITLE_002527,A pulse-pounding film where a covert operative races against time to prevent a global catastrophe. Produced by Netflix Studios (1997).
TITLE_002528,A suspenseful series about a cybersecurity analyst who uncovers a conspiracy that reaches the highest corridors of power. Produced by Paramount (2009).
TITLE_002529,"A bittersweet romantic limited series following star-crossed lovers whose timing always seems to be precisely, maddeningly off. Produced by Warner Bros (1981)."
TITLE_002530,A chilling psychological film in which a family discovers their renovated home was built atop the site of something unspeakable. Produced by Universal (2012).
TITLE_002531,A slow-burn series where a seemingly routine investigation peels back layers of a community's darkest secrets. Produced by Disney (2017).
TITLE_002532,"A heartfelt film about two strangers whose lives intersect at a critical crossroads, leading to unexpected and inconvenient love. Produced by Disney (1988)."
TITLE_002533,An emotionally charged limited series about an individual's struggle to rebuild identity and purpose after an unexpected personal collapse. Produced by Netflix Studios (2017).
TITLE_002534,A slow-burn special where a seemingly routine investigation peels back layers of a community's darkest secrets. Produced by Universal (2005).
TITLE_002535,A cerebral science fiction limited series about a theoretical physicist whose containment breach tears a hole in the fabric of spacetime. Produced by Paramount (2007).
TITLE_002536,A charming series centered on a chaotic workplace where every attempt to impose order results in glorious failure. Produced by Universal (2025).
TITLE_002537,A slow-dread documentary exploring the horror of losing trust in your own perception of reality. Produced by Apple TV+ (1986).
TITLE_002538,A hilarious film following a group of well-meaning misfits whose cross-country trip descends into spectacular chaos. Produced by Disney (1989).
TITLE_002539,A nuanced special that examines the quiet cost of ambition and the unspoken sacrifices we make for the people we love. Produced by Warner Bros (1993).
TITLE_002540,A slow-burn documentary where a seemingly routine investigation peels back layers of a community's darkest secrets. Produced by Disney (2001).
TITLE_002541,A cerebral science fiction limited series about a theoretical physicist whose containment breach tears a hole in the fabric of spacetime. Produced by Paramount (1989).
TITLE_002542,A tender yet unflinching documentary in which three strangers bound by a shared tragedy find unexpected solidarity. Produced by Universal (2007).
TITLE_002543,An imaginative animated documentary that takes a young protagonist on a breathtaking journey through a world governed by forgotten magic. Produced by Paramount (2014).
TITLE_002544,A witty limited series about a small-town dreamer who accidentally becomes the most controversial person in a major city. Produced by Sony (1987).
TITLE_002545,An emotionally charged limited series about an individual's struggle to rebuild identity and purpose after an unexpected personal collapse. Produced by Apple TV+ (1994).
TITLE_002546,"A heartfelt special about two strangers whose lives intersect at a critical crossroads, leading to unexpected and inconvenient love. Produced by Universal (2014)."
TITLE_002547,A slow-dread documentary exploring the horror of losing trust in your own perception of reality. Produced by Sony (1989).
TITLE_002548,A bold animated documentary that challenges the boundaries of the form while delivering a story full of wit and genuine emotion. Produced by Netflix Studios (1989).
TITLE_002549,A slow-dread documentary exploring the horror of losing trust in your own perception of reality. Produced by Universal (1985).
TITLE_002550,A tender yet unflinching documentary in which three strangers bound by a shared tragedy find unexpected solidarity. Produced by Disney (2011).
TITLE_002551,A visually stunning animated film about an unlikely band of heroes who must defend their enchanted homeland from an ancient darkness. Produced by Sony (2015).
TITLE_002552,A witty special about a small-town dreamer who accidentally becomes the most controversial person in a major city. Produced by Apple TV+ (2013).
TITLE_002553,A gripping psychological series where a seasoned detective discovers the prime suspect may be hiding in plain sight. Produced by Paramount (1999).
TITLE_002554,A terrifying special following a group of strangers stranded in a remote wilderness as something ancient and patient closes in. Produced by Netflix Studios (1981).
TITLE_002555,A taut special in which a forensic archivist realizes the cold cases stacking up on her desk share one terrifying pattern. Produced by Apple TV+ (1988).
TITLE_002556,An explosive documentary following a disgraced soldier who must go rogue to expose corruption at the highest levels of government. Produced by Paramount (1980).
TITLE_002557,A chilling psychological series in which a family discovers their renovated home was built atop the site of something unspeakable. Produced by Sony (2019).
TITLE_002558,An emotionally charged series about an individual's struggle to rebuild identity and purpose after an unexpected personal collapse. Produced by Disney (1997).
TITLE_002559,A chilling psychological film in which a family discovers their renovated home was built atop the site of something unspeakable. Produced by Netflix Studios (2000).
TITLE_002560,A terrifying film following a group of strangers stranded in a remote wilderness as something ancient and patient closes in. Produced by Universal (2025).
TITLE_002561,A hilarious documentary following a group of well-meaning misfits whose cross-country trip descends into spectacular chaos. Produced by Apple TV+ (1993).
TITLE_002562,An explosive series following a disgraced soldier who must go rogue to expose corruption at the highest levels of government. Produced by Warner Bros (2013).
TITLE_002563,A bold animated film that challenges the boundaries of the form while delivering a story full of wit and genuine emotion. Produced by Netflix Studios (2012).
TITLE_002564,A slow-dread limited series exploring the horror of losing trust in your own perception of reality. Produced by Warner Bros (1980).
TITLE_002565,A visionary science fiction documentary set in a near future where artificial intelligence has fundamentally reshaped what it means to be human. Produced by Netflix Studios (2000).
TITLE_002566,A slow-dread limited series exploring the horror of losing trust in your own perception of reality. Produced by Universal (2017).
TITLE_002567,A thought-provoking documentary exploring the ethical fractures that open when deep-space colonization forces humanity to redefine citizenship. Produced by Disney (2014).
TITLE_002568,"A sweeping romance spanning three decades, exploring how first love quietly shapes every significant decision that follows. Produced by Apple TV+ (1987)."
TITLE_002569,"A bittersweet romantic limited series following star-crossed lovers whose timing always seems to be precisely, maddeningly off. Produced by Paramount (1985)."
TITLE_002570,A hilarious documentary following a group of well-meaning misfits whose cross-country trip descends into spectacular chaos. Produced by Warner Bros (2004).
TITLE_002571,An explosive documentary following a disgraced soldier who must go rogue to expose corruption at the highest levels of government. Produced by Netflix Studios (2020).
TITLE_002572,A charming special centered on a chaotic workplace where every attempt to impose order results in glorious failure. Produced by Paramount (2014).
TITLE_002573,A suspenseful special about a cybersecurity analyst who uncovers a conspiracy that reaches the highest corridors of power. Produced by Sony (1994).
TITLE_002574,An imaginative animated documentary that takes a young protagonist on a breathtaking journey through a world governed by forgotten magic. Produced by Apple TV+ (2020).
TITLE_002575,A tender limited series in which two people who built walls against vulnerability slowly and reluctantly dismantle them together. Produced by Paramount (1989).
TITLE_002576,A chilling psychological limited series in which a family discovers their renovated home was built atop the site of something unspeakable. Produced by Netflix Studios (1980).
TITLE_002577,A sharp satirical film skewering corporate culture through the eyes of the most reluctant middle manager alive. Produced by Paramount (1982).
TITLE_002578,A bone-chilling documentary where a marine biologist's deep-sea expedition surfaces a creature that should not exist. Produced by Universal (2000).
TITLE_002579,"A powerful documentary exploring the fractured bonds between family members as they navigate grief, guilt, and reconciliation. Produced by Disney (1998)."
TITLE_002580,A pulse-pounding special where a covert operative races against time to prevent a global catastrophe. Produced by Netflix Studios (2013).
TITLE_002581,A high-octane series about a former special forces veteran pulled back into the field for one last impossible mission. Produced by Warner Bros (2014).
TITLE_002582,An emotionally charged film about an individual's struggle to rebuild identity and purpose after an unexpected personal collapse. Produced by Universal (1995).
TITLE_002583,A cerebral science fiction special about a theoretical physicist whose containment breach tears a hole in the fabric of spacetime. Produced by Sony (2008).
TITLE_002584,"A bittersweet romantic limited series following star-crossed lovers whose timing always seems to be precisely, maddeningly off. Produced by Warner Bros (1993)."
TITLE_002585,A sharp satirical film skewering corporate culture through the eyes of the most reluctant middle manager alive. Produced by Sony (2005).
TITLE_002586,An explosive special following a disgraced soldier who must go rogue to expose corruption at the highest levels of government. Produced by Warner Bros (2020).
TITLE_002587,"A heartfelt series about two strangers whose lives intersect at a critical crossroads, leading to unexpected and inconvenient love. Produced by Warner Bros (1994)."
TITLE_002588,A visually stunning animated limited series about an unlikely band of heroes who must defend their enchanted homeland from an ancient darkness. Produced by Universal (2001).
TITLE_002589,A sharp satirical limited series skewering corporate culture through the eyes of the most reluctant middle manager alive. Produced by Apple TV+ (1984).
TITLE_002590,A slow-dread special exploring the horror of losing trust in your own perception of reality. Produced by Universal (2013).
TITLE_002591,A suspenseful series about a cybersecurity analyst who uncovers a conspiracy that reaches the highest corridors of power. Produced by Netflix Studios (2007).
TITLE_002592,"A bittersweet romantic special following star-crossed lovers whose timing always seems to be precisely, maddeningly off. Produced by Apple TV+ (2021)."
TITLE_002593,A slow-burn series where a seemingly routine investigation peels back layers of a community's darkest secrets. Produced by Universal (2009).
TITLE_002594,A thought-provoking limited series exploring the ethical fractures that open when deep-space colonization forces humanity to redefine citizenship. Produced by Netflix Studios (1981).
TITLE_002595,A witty documentary about a small-town dreamer who accidentally becomes the most controversial person in a major city. Produced by Sony (2023).
TITLE_002596,A slow-dread series exploring the horror of losing trust in your own perception of reality. Produced by Sony (1985).
TITLE_002597,A tender limited series in which two people who built walls against vulnerability slowly and reluctantly dismantle them together. Produced by Sony (1987).
TITLE_002598,"An adrenaline-fueled documentary in which rival factions clash across three continents, leaving a trail of deception and betrayal. Produced by Apple TV+ (2015)."
TITLE_002599,A slow-dread series exploring the horror of losing trust in your own perception of reality. Produced by Disney (1982).
TITLE_002600,"A heartwarming animated series that uses the adventures of misfit characters to explore belonging, courage, and found family. Produced by Sony (1990)."
TITLE_002601,A taut series in which a forensic archivist realizes the cold cases stacking up on her desk share one terrifying pattern. Produced by Netflix Studios (2000).
TITLE_002602,A visionary science fiction series set in a near future where artificial intelligence has fundamentally reshaped what it means to be human. Produced by Netflix Studios (2010).
TITLE_002603,A bleak yet hopeful film depicting a generation born on a generation ship who have never seen Earth and no longer believe in it. Produced by Warner Bros (1983).
TITLE_002604,"A heartwarming animated series that uses the adventures of misfit characters to explore belonging, courage, and found family. Produced by Paramount (2008)."
TITLE_002605,"A heartwarming animated film that uses the adventures of misfit characters to explore belonging, courage, and found family. Produced by Paramount (2002)."
TITLE_002606,A nuanced film that examines the quiet cost of ambition and the unspoken sacrifices we make for the people we love. Produced by Netflix Studios (2001).
TITLE_002607,An explosive special following a disgraced soldier who must go rogue to expose corruption at the highest levels of government. Produced by Disney (2000).
TITLE_002608,A gripping psychological series where a seasoned detective discovers the prime suspect may be hiding in plain sight. Produced by Apple TV+ (2020).
TITLE_002609,A visually stunning animated series about an unlikely band of heroes who must defend their enchanted homeland from an ancient darkness. Produced by Apple TV+ (1989).
TITLE_002610,A taut series in which a forensic archivist realizes the cold cases stacking up on her desk share one terrifying pattern. Produced by Apple TV+ (2001).
TITLE_002611,"An adrenaline-fueled special in which rival factions clash across three continents, leaving a trail of deception and betrayal. Produced by Netflix Studios (1981)."
TITLE_002612,"A bittersweet romantic series following star-crossed lovers whose timing always seems to be precisely, maddeningly off. Produced by Netflix Studios (1994)."
TITLE_002613,A tender special in which two people who built walls against vulnerability slowly and reluctantly dismantle them together. Produced by Netflix Studios (1982).
TITLE_002614,A slow-dread series exploring the horror of losing trust in your own perception of reality. Produced by Apple TV+ (2000).
TITLE_002615,A gripping psychological film where a seasoned detective discovers the prime suspect may be hiding in plain sight. Produced by Apple TV+ (2025).
TITLE_002616,A sharp satirical series skewering corporate culture through the eyes of the most reluctant middle manager alive. Produced by Warner Bros (2021).
TITLE_002617,A bold animated special that challenges the boundaries of the form while delivering a story full of wit and genuine emotion. Produced by Sony (2001).
TITLE_002618,A witty limited series about a small-town dreamer who accidentally becomes the most controversial person in a major city. Produced by Netflix Studios (2012).
TITLE_002619,A terrifying series following a group of strangers stranded in a remote wilderness as something ancient and patient closes in. Produced by Disney (2024).
TITLE_002620,"A sweeping romance spanning three decades, exploring how first love quietly shapes every significant decision that follows. Produced by Warner Bros (1996)."
TITLE_002621,A bleak yet hopeful limited series depicting a generation born on a generation ship who have never seen Earth and no longer believe in it. Produced by Netflix Studios (1994).
TITLE_002622,A taut film in which a forensic archivist realizes the cold cases stacking up on her desk share one terrifying pattern. Produced by Disney (2013).
TITLE_002623,A gripping psychological documentary where a seasoned detective discovers the prime suspect may be hiding in plain sight. Produced by Disney (1982).
TITLE_002624,"A heartwarming animated documentary that uses the adventures of misfit characters to explore belonging, courage, and found family. Produced by Netflix Studios (1994)."
TITLE_002625,A slow-dread special exploring the horror of losing trust in your own perception of reality. Produced by Apple TV+ (2019).
TITLE_002626,A bleak yet hopeful series depicting a generation born on a generation ship who have never seen Earth and no longer believe in it. Produced by Universal (1989).
TITLE_002627,A high-octane special about a former special forces veteran pulled back into the field for one last impossible mission. Produced by Paramount (1982).
TITLE_002628,A slow-burn special where a seemingly routine investigation peels back layers of a community's darkest secrets. Produced by Universal (1992).
TITLE_002629,A bold animated film that challenges the boundaries of the form while delivering a story full of wit and genuine emotion. Produced by Disney (1983).
TITLE_002630,"A heartfelt special about two strangers whose lives intersect at a critical crossroads, leading to unexpected and inconvenient love. Produced by Universal (1984)."
TITLE_002631,A bold animated documentary that challenges the boundaries of the form while delivering a story full of wit and genuine emotion. Produced by Warner Bros (1995).
TITLE_002632,A bold animated documentary that challenges the boundaries of the form while delivering a story full of wit and genuine emotion. Produced by Sony (1986).
TITLE_002633,A gripping psychological limited series where a seasoned detective discovers the prime suspect may be hiding in plain sight. Produced by Universal (1993).
TITLE_002634,A chilling psychological film in which a family discovers their renovated home was built atop the site of something unspeakable. Produced by Paramount (1998).
TITLE_002635,A pulse-pounding special where a covert operative races against time to prevent a global catastrophe. Produced by Warner Bros (2013).
TITLE_002636,An explosive film following a disgraced soldier who must go rogue to expose corruption at the highest levels of government. Produced by Warner Bros (2020).
TITLE_002637,A charming documentary centered on a chaotic workplace where every attempt to impose order results in glorious failure. Produced by Universal (1986).
TITLE_002638,A witty documentary about a small-town dreamer who accidentally becomes the most controversial person in a major city. Produced by Netflix Studios (2006).
TITLE_002639,A terrifying special following a group of strangers stranded in a remote wilderness as something ancient and patient closes in. Produced by Apple TV+ (2021).
TITLE_002640,A chilling psychological limited series in which a family discovers their renovated home was built atop the site of something unspeakable. Produced by Netflix Studios (2014).
TITLE_002641,A sharp satirical special skewering corporate culture through the eyes of the most reluctant middle manager alive. Produced by Disney (2005).
TITLE_002642,A visionary science fiction special set in a near future where artificial intelligence has fundamentally reshaped what it means to be human. Produced by Paramount (2009).
TITLE_002643,A thought-provoking special exploring the ethical fractures that open when deep-space colonization forces humanity to redefine citizenship. Produced by Universal (1999).
TITLE_002644,"A heartfelt film about two strangers whose lives intersect at a critical crossroads, leading to unexpected and inconvenient love. Produced by Apple TV+ (2014)."
TITLE_002645,"A heartfelt series about two strangers whose lives intersect at a critical crossroads, leading to unexpected and inconvenient love. Produced by Warner Bros (2007)."
TITLE_002646,"A bittersweet romantic limited series following star-crossed lovers whose timing always seems to be precisely, maddeningly off. Produced by Paramount (2024)."
TITLE_002647,A taut limited series in which a forensic archivist realizes the cold cases stacking up on her desk share one terrifying pattern. Produced by Apple TV+ (1988).
TITLE_002648,An imaginative animated documentary that takes a young protagonist on a breathtaking journey through a world governed by forgotten magic. Produced by Paramount (2024).
TITLE_002649,An explosive series following a disgraced soldier who must go rogue to expose corruption at the highest levels of government. Produced by Paramount (2004).
TITLE_002650,An emotionally charged documentary about an individual's struggle to rebuild identity and purpose after an unexpected personal collapse. Produced by Universal (1982).
TITLE_002651,"A heartwarming animated documentary that uses the adventures of misfit characters to explore belonging, courage, and found family. Produced by Universal (1989)."
TITLE_002652,"A bittersweet romantic documentary following star-crossed lovers whose timing always seems to be precisely, maddeningly off. Produced by Sony (2010)."
TITLE_002653,"A bittersweet romantic limited series following star-crossed lovers whose timing always seems to be precisely, maddeningly off. Produced by Universal (1992)."
TITLE_002654,A thought-provoking special exploring the ethical fractures that open when deep-space colonization forces humanity to redefine citizenship. Produced by Netflix Studios (2011).
TITLE_002655,A hilarious series following a group of well-meaning misfits whose cross-country trip descends into spectacular chaos. Produced by Sony (2017).
TITLE_002656,"A powerful series exploring the fractured bonds between family members as they navigate grief, guilt, and reconciliation. Produced by Apple TV+ (1984)."
TITLE_002657,A thought-provoking limited series exploring the ethical fractures that open when deep-space colonization forces humanity to redefine citizenship. Produced by Sony (2023).
TITLE_002658,An explosive documentary following a disgraced soldier who must go rogue to expose corruption at the highest levels of government. Produced by Netflix Studios (2010).
TITLE_002659,A bleak yet hopeful limited series depicting a generation born on a generation ship who have never seen Earth and no longer believe in it. Produced by Sony (2012).
TITLE_002660,An explosive series following a disgraced soldier who must go rogue to expose corruption at the highest levels of government. Produced by Universal (1987).
TITLE_002661,A bleak yet hopeful series depicting a generation born on a generation ship who have never seen Earth and no longer believe in it. Produced by Apple TV+ (1982).
TITLE_002662,A sharp satirical limited series skewering corporate culture through the eyes of the most reluctant middle manager alive. Produced by Universal (1981).
TITLE_002663,A bleak yet hopeful limited series depicting a generation born on a generation ship who have never seen Earth and no longer believe in it. Produced by Paramount (1990).
TITLE_002664,A bleak yet hopeful special depicting a generation born on a generation ship who have never seen Earth and no longer believe in it. Produced by Universal (1988).
TITLE_002665,A gripping psychological film where a seasoned detective discovers the prime suspect may be hiding in plain sight. Produced by Apple TV+ (2008).
TITLE_002666,A gripping psychological limited series where a seasoned detective discovers the prime suspect may be hiding in plain sight. Produced by Disney (1994).
TITLE_002667,A pulse-pounding limited series where a covert operative races against time to prevent a global catastrophe. Produced by Warner Bros (2021).
TITLE_002668,A terrifying special following a group of strangers stranded in a remote wilderness as something ancient and patient closes in. Produced by Sony (2015).
TITLE_002669,An emotionally charged documentary about an individual's struggle to rebuild identity and purpose after an unexpected personal collapse. Produced by Universal (2007).
TITLE_002670,A taut limited series in which a forensic archivist realizes the cold cases stacking up on her desk share one terrifying pattern. Produced by Disney (2012).
TITLE_002671,A bold animated film that challenges the boundaries of the form while delivering a story full of wit and genuine emotion. Produced by Apple TV+ (2021).
TITLE_002672,A pulse-pounding film where a covert operative races against time to prevent a global catastrophe. Produced by Sony (2014).
TITLE_002673,A terrifying series following a group of strangers stranded in a remote wilderness as something ancient and patient closes in. Produced by Paramount (2003).
TITLE_002674,A visually stunning animated special about an unlikely band of heroes who must defend their enchanted homeland from an ancient darkness. Produced by Sony (2009).
TITLE_002675,A charming film centered on a chaotic workplace where every attempt to impose order results in glorious failure. Produced by Sony (1982).
TITLE_002676,"A powerful limited series exploring the fractured bonds between family members as they navigate grief, guilt, and reconciliation. Produced by Apple TV+ (1987)."
TITLE_002677,A gripping psychological documentary where a seasoned detective discovers the prime suspect may be hiding in plain sight. Produced by Netflix Studios (1991).
TITLE_002678,A charming documentary centered on a chaotic workplace where every attempt to impose order results in glorious failure. Produced by Paramount (2005).
TITLE_002679,A thought-provoking documentary exploring the ethical fractures that open when deep-space colonization forces humanity to redefine citizenship. Produced by Disney (1984).
TITLE_002680,A terrifying series following a group of strangers stranded in a remote wilderness as something ancient and patient closes in. Produced by Netflix Studios (2005).
TITLE_002681,"A powerful limited series exploring the fractured bonds between family members as they navigate grief, guilt, and reconciliation. Produced by Sony (2012)."
TITLE_002682,"An adrenaline-fueled film in which rival factions clash across three continents, leaving a trail of deception and betrayal. Produced by Disney (2002)."
TITLE_002683,"A bittersweet romantic special following star-crossed lovers whose timing always seems to be precisely, maddeningly off. Produced by Disney (2019)."
TITLE_002684,A taut limited series in which a forensic archivist realizes the cold cases stacking up on her desk share one terrifying pattern. Produced by Sony (1985).
TITLE_002685,A gripping psychological special where a seasoned detective discovers the prime suspect may be hiding in plain sight. Produced by Universal (1982).
TITLE_002686,A tender documentary in which two people who built walls against vulnerability slowly and reluctantly dismantle them together. Produced by Apple TV+ (2011).
TITLE_002687,An imaginative animated series that takes a young protagonist on a breathtaking journey through a world governed by forgotten magic. Produced by Netflix Studios (1982).
TITLE_002688,A sharp satirical special skewering corporate culture through the eyes of the most reluctant middle manager alive. Produced by Paramount (1993).
TITLE_002689,A witty limited series about a small-town dreamer who accidentally becomes the most controversial person in a major city. Produced by Netflix Studios (2009).
TITLE_002690,A visionary science fiction film set in a near future where artificial intelligence has fundamentally reshaped what it means to be human. Produced by Sony (2004).
TITLE_002691,A tender yet unflinching film in which three strangers bound by a shared tragedy find unexpected solidarity. Produced by Disney (2015).
TITLE_002692,"A bittersweet romantic film following star-crossed lovers whose timing always seems to be precisely, maddeningly off. Produced by Disney (2018)."
TITLE_002693,A visually stunning animated limited series about an unlikely band of heroes who must defend their enchanted homeland from an ancient darkness. Produced by Universal (1994).
TITLE_002694,A nuanced special that examines the quiet cost of ambition and the unspoken sacrifices we make for the people we love. Produced by Universal (2004).
TITLE_002695,A gripping psychological series where a seasoned detective discovers the prime suspect may be hiding in plain sight. Produced by Netflix Studios (2022).
TITLE_002696,"A heartfelt series about two strangers whose lives intersect at a critical crossroads, leading to unexpected and inconvenient love. Produced by Sony (2015)."
TITLE_002697,A visually stunning animated special about an unlikely band of heroes who must defend their enchanted homeland from an ancient darkness. Produced by Warner Bros (1994).
TITLE_002698,A nuanced film that examines the quiet cost of ambition and the unspoken sacrifices we make for the people we love. Produced by Apple TV+ (2013).
TITLE_002699,"A bittersweet romantic series following star-crossed lovers whose timing always seems to be precisely, maddeningly off. Produced by Universal (2022)."
TITLE_002700,A bleak yet hopeful film depicting a generation born on a generation ship who have never seen Earth and no longer believe in it. Produced by Disney (1989).
TITLE_002701,A gripping psychological limited series where a seasoned detective discovers the prime suspect may be hiding in plain sight. Produced by Apple TV+ (1989).
TITLE_002702,A thought-provoking film exploring the ethical fractures that open when deep-space colonization forces humanity to redefine citizenship. Produced by Universal (2020).
TITLE_002703,A charming special centered on a chaotic workplace where every attempt to impose order results in glorious failure. Produced by Paramount (2021).
TITLE_002704,A tender series in which two people who built walls against vulnerability slowly and reluctantly dismantle them together. Produced by Netflix Studios (1986).
TITLE_002705,A sharp satirical series skewering corporate culture through the eyes of the most reluctant middle manager alive. Produced by Sony (1994).
TITLE_002706,A cerebral science fiction documentary about a theoretical physicist whose containment breach tears a hole in the fabric of spacetime. Produced by Paramount (2014).
TITLE_002707,"A powerful series exploring the fractured bonds between family members as they navigate grief, guilt, and reconciliation. Produced by Sony (1992)."
TITLE_002708,A terrifying series following a group of strangers stranded in a remote wilderness as something ancient and patient closes in. Produced by Warner Bros (1999).
TITLE_002709,A slow-burn special where a seemingly routine investigation peels back layers of a community's darkest secrets. Produced by Universal (2001).
TITLE_002710,A high-octane documentary about a former special forces veteran pulled back into the field for one last impossible mission. Produced by Universal (2014).
TITLE_002711,An explosive special following a disgraced soldier who must go rogue to expose corruption at the highest levels of government. Produced by Apple TV+ (2011).
TITLE_002712,A thought-provoking limited series exploring the ethical fractures that open when deep-space colonization forces humanity to redefine citizenship. Produced by Paramount (2003).
TITLE_002713,A hilarious limited series following a group of well-meaning misfits whose cross-country trip descends into spectacular chaos. Produced by Disney (2001).
TITLE_002714,A bone-chilling documentary where a marine biologist's deep-sea expedition surfaces a creature that should not exist. Produced by Disney (1980).
TITLE_002715,A charming film centered on a chaotic workplace where every attempt to impose order results in glorious failure. Produced by Paramount (2021).
TITLE_002716,A tender documentary in which two people who built walls against vulnerability slowly and reluctantly dismantle them together. Produced by Universal (2003).
TITLE_002717,A chilling psychological documentary in which a family discovers their renovated home was built atop the site of something unspeakable. Produced by Apple TV+ (2006).
TITLE_002718,A witty series about a small-town dreamer who accidentally becomes the most controversial person in a major city. Produced by Warner Bros (2025).
TITLE_002719,A thought-provoking film exploring the ethical fractures that open when deep-space colonization forces humanity to redefine citizenship. Produced by Universal (1998).
TITLE_002720,An explosive limited series following a disgraced soldier who must go rogue to expose corruption at the highest levels of government. Produced by Paramount (2021).
TITLE_002721,A taut limited series in which a forensic archivist realizes the cold cases stacking up on her desk share one terrifying pattern. Produced by Warner Bros (1982).
TITLE_002722,"An adrenaline-fueled limited series in which rival factions clash across three continents, leaving a trail of deception and betrayal. Produced by Apple TV+ (1980)."
TITLE_002723,A chilling psychological limited series in which a family discovers their renovated home was built atop the site of something unspeakable. Produced by Netflix Studios (2020).
TITLE_002724,"A bittersweet romantic film following star-crossed lovers whose timing always seems to be precisely, maddeningly off. Produced by Disney (1990)."
TITLE_002725,A bone-chilling film where a marine biologist's deep-sea expedition surfaces a creature that should not exist. Produced by Disney (2011).
TITLE_002726,A slow-burn film where a seemingly routine investigation peels back layers of a community's darkest secrets. Produced by Apple TV+ (1994).
TITLE_002727,A terrifying series following a group of strangers stranded in a remote wilderness as something ancient and patient closes in. Produced by Paramount (1986).
TITLE_002728,A visually stunning animated series about an unlikely band of heroes who must defend their enchanted homeland from an ancient darkness. Produced by Warner Bros (2009).
TITLE_002729,An emotionally charged film about an individual's struggle to rebuild identity and purpose after an unexpected personal collapse. Produced by Disney (1991).
TITLE_002730,A suspenseful documentary about a cybersecurity analyst who uncovers a conspiracy that reaches the highest corridors of power. Produced by Disney (2024).
TITLE_002731,A high-octane special about a former special forces veteran pulled back into the field for one last impossible mission. Produced by Paramount (2012).
TITLE_002732,"A heartfelt documentary about two strangers whose lives intersect at a critical crossroads, leading to unexpected and inconvenient love. Produced by Disney (2012)."
TITLE_002733,A slow-dread special exploring the horror of losing trust in your own perception of reality. Produced by Universal (2001).
TITLE_002734,A slow-burn documentary where a seemingly routine investigation peels back layers of a community's darkest secrets. Produced by Universal (1985).
TITLE_002735,A sharp satirical film skewering corporate culture through the eyes of the most reluctant middle manager alive. Produced by Apple TV+ (1986).
TITLE_002736,A bold animated series that challenges the boundaries of the form while delivering a story full of wit and genuine emotion. Produced by Disney (1987).
TITLE_002737,A thought-provoking documentary exploring the ethical fractures that open when deep-space colonization forces humanity to redefine citizenship. Produced by Universal (2017).
TITLE_002738,"A sweeping romance spanning three decades, exploring how first love quietly shapes every significant decision that follows. Produced by Warner Bros (2009)."
TITLE_002739,A hilarious special following a group of well-meaning misfits whose cross-country trip descends into spectacular chaos. Produced by Paramount (2019).
TITLE_002740,A witty film about a small-town dreamer who accidentally becomes the most controversial person in a major city. Produced by Apple TV+ (2022).
TITLE_002741,A pulse-pounding special where a covert operative races against time to prevent a global catastrophe. Produced by Sony (1989).
TITLE_002742,A gripping psychological series where a seasoned detective discovers the prime suspect may be hiding in plain sight. Produced by Netflix Studios (1982).
TITLE_002743,"A sweeping romance spanning three decades, exploring how first love quietly shapes every significant decision that follows. Produced by Apple TV+ (1999)."
TITLE_002744,A slow-dread limited series exploring the horror of losing trust in your own perception of reality. Produced by Warner Bros (2000).
TITLE_002745,A suspenseful film about a cybersecurity analyst who uncovers a conspiracy that reaches the highest corridors of power. Produced by Sony (1980).
TITLE_002746,A sharp satirical documentary skewering corporate culture through the eyes of the most reluctant middle manager alive. Produced by Paramount (1987).
TITLE_002747,A visionary science fiction series set in a near future where artificial intelligence has fundamentally reshaped what it means to be human. Produced by Apple TV+ (1983).
TITLE_002748,A tender special in which two people who built walls against vulnerability slowly and reluctantly dismantle them together. Produced by Warner Bros (2025).
TITLE_002749,An imaginative animated special that takes a young protagonist on a breathtaking journey through a world governed by forgotten magic. Produced by Disney (1985).
TITLE_002750,A taut special in which a forensic archivist realizes the cold cases stacking up on her desk share one terrifying pattern. Produced by Netflix Studios (2014).
TITLE_002751,"A bittersweet romantic documentary following star-crossed lovers whose timing always seems to be precisely, maddeningly off. Produced by Disney (1999)."
TITLE_002752,"An adrenaline-fueled film in which rival factions clash across three continents, leaving a trail of deception and betrayal. Produced by Warner Bros (2020)."
TITLE_002753,A visually stunning animated limited series about an unlikely band of heroes who must defend their enchanted homeland from an ancient darkness. Produced by Paramount (2006).
TITLE_002754,A visually stunning animated special about an unlikely band of heroes who must defend their enchanted homeland from an ancient darkness. Produced by Paramount (2024).
TITLE_002755,A terrifying documentary following a group of strangers stranded in a remote wilderness as something ancient and patient closes in. Produced by Paramount (1986).
TITLE_002756,"A powerful limited series exploring the fractured bonds between family members as they navigate grief, guilt, and reconciliation. Produced by Sony (1994)."
TITLE_002757,An explosive film following a disgraced soldier who must go rogue to expose corruption at the highest levels of government. Produced by Warner Bros (1984).
TITLE_002758,A cerebral science fiction series about a theoretical physicist whose containment breach tears a hole in the fabric of spacetime. Produced by Disney (1981).
TITLE_002759,An explosive series following a disgraced soldier who must go rogue to expose corruption at the highest levels of government. Produced by Disney (1985).
TITLE_002760,A tender series in which two people who built walls against vulnerability slowly and reluctantly dismantle them together. Produced by Universal (2014).
TITLE_002761,A taut special in which a forensic archivist realizes the cold cases stacking up on her desk share one terrifying pattern. Produced by Warner Bros (1987).
TITLE_002762,"An adrenaline-fueled special in which rival factions clash across three continents, leaving a trail of deception and betrayal. Produced by Disney (2012)."
TITLE_002763,A pulse-pounding special where a covert operative races against time to prevent a global catastrophe. Produced by Disney (2010).
TITLE_002764,An explosive limited series following a disgraced soldier who must go rogue to expose corruption at the highest levels of government. Produced by Paramount (1998).
TITLE_002765,A gripping psychological documentary where a seasoned detective discovers the prime suspect may be hiding in plain sight. Produced by Apple TV+ (1984).
TITLE_002766,A bone-chilling special where a marine biologist's deep-sea expedition surfaces a creature that should not exist. Produced by Disney (2017).
TITLE_002767,A tender documentary in which two people who built walls against vulnerability slowly and reluctantly dismantle them together. Produced by Apple TV+ (1980).
TITLE_002768,A high-octane special about a former special forces veteran pulled back into the field for one last impossible mission. Produced by Paramount (2014).
TITLE_002769,A chilling psychological limited series in which a family discovers their renovated home was built atop the site of something unspeakable. Produced by Netflix Studios (1996).
TITLE_002770,A slow-dread film exploring the horror of losing trust in your own perception of reality. Produced by Sony (2009).
TITLE_002771,A tender yet unflinching limited series in which three strangers bound by a shared tragedy find unexpected solidarity. Produced by Warner Bros (1992).
TITLE_002772,"A powerful documentary exploring the fractured bonds between family members as they navigate grief, guilt, and reconciliation. Produced by Netflix Studios (1997)."
TITLE_002773,An explosive documentary following a disgraced soldier who must go rogue to expose corruption at the highest levels of government. Produced by Apple TV+ (1981).
TITLE_002774,A chilling psychological limited series in which a family discovers their renovated home was built atop the site of something unspeakable. Produced by Apple TV+ (2009).
TITLE_002775,A visually stunning animated special about an unlikely band of heroes who must defend their enchanted homeland from an ancient darkness. Produced by Universal (2025).
TITLE_002776,A witty series about a small-town dreamer who accidentally becomes the most controversial person in a major city. Produced by Paramount (1980).
TITLE_002777,A hilarious film following a group of well-meaning misfits whose cross-country trip descends into spectacular chaos. Produced by Universal (1993).
TITLE_002778,A slow-dread special exploring the horror of losing trust in your own perception of reality. Produced by Disney (2025).
TITLE_002779,A high-octane documentary about a former special forces veteran pulled back into the field for one last impossible mission. Produced by Sony (2017).
TITLE_002780,An emotionally charged special about an individual's struggle to rebuild identity and purpose after an unexpected personal collapse. Produced by Universal (1985).
TITLE_002781,A pulse-pounding documentary where a covert operative races against time to prevent a global catastrophe. Produced by Warner Bros (2024).
TITLE_002782,A suspenseful film about a cybersecurity analyst who uncovers a conspiracy that reaches the highest corridors of power. Produced by Disney (2001).
TITLE_002783,A visionary science fiction limited series set in a near future where artificial intelligence has fundamentally reshaped what it means to be human. Produced by Netflix Studios (1987).
TITLE_002784,A cerebral science fiction documentary about a theoretical physicist whose containment breach tears a hole in the fabric of spacetime. Produced by Netflix Studios (2012).
TITLE_002785,A chilling psychological documentary in which a family discovers their renovated home was built atop the site of something unspeakable. Produced by Warner Bros (2015).
TITLE_002786,A nuanced limited series that examines the quiet cost of ambition and the unspoken sacrifices we make for the people we love. Produced by Disney (1993).
TITLE_002787,A thought-provoking special exploring the ethical fractures that open when deep-space colonization forces humanity to redefine citizenship. Produced by Sony (1988).
TITLE_002788,A visually stunning animated documentary about an unlikely band of heroes who must defend their enchanted homeland from an ancient darkness. Produced by Paramount (2004).
TITLE_002789,A suspenseful series about a cybersecurity analyst who uncovers a conspiracy that reaches the highest corridors of power. Produced by Apple TV+ (2024).
TITLE_002790,A slow-burn series where a seemingly routine investigation peels back layers of a community's darkest secrets. Produced by Apple TV+ (1994).
TITLE_002791,A thought-provoking documentary exploring the ethical fractures that open when deep-space colonization forces humanity to redefine citizenship. Produced by Apple TV+ (2013).
TITLE_002792,"A sweeping romance spanning three decades, exploring how first love quietly shapes every significant decision that follows. Produced by Paramount (1993)."
TITLE_002793,A taut documentary in which a forensic archivist realizes the cold cases stacking up on her desk share one terrifying pattern. Produced by Netflix Studios (1980).
TITLE_002794,A taut series in which a forensic archivist realizes the cold cases stacking up on her desk share one terrifying pattern. Produced by Warner Bros (2020).
TITLE_002795,A visually stunning animated special about an unlikely band of heroes who must defend their enchanted homeland from an ancient darkness. Produced by Disney (1997).
TITLE_002796,A charming documentary centered on a chaotic workplace where every attempt to impose order results in glorious failure. Produced by Sony (2015).
TITLE_002797,A visionary science fiction series set in a near future where artificial intelligence has fundamentally reshaped what it means to be human. Produced by Universal (1981).
TITLE_002798,A slow-burn series where a seemingly routine investigation peels back layers of a community's darkest secrets. Produced by Sony (1993).
TITLE_002799,A suspenseful film about a cybersecurity analyst who uncovers a conspiracy that reaches the highest corridors of power. Produced by Netflix Studios (1990).
TITLE_002800,A nuanced film that examines the quiet cost of ambition and the unspoken sacrifices we make for the people we love. Produced by Disney (1982).
TITLE_002801,A pulse-pounding series where a covert operative races against time to prevent a global catastrophe. Produced by Sony (2001).
TITLE_002802,A bone-chilling documentary where a marine biologist's deep-sea expedition surfaces a creature that should not exist. Produced by Paramount (1992).
TITLE_002803,A sharp satirical special skewering corporate culture through the eyes of the most reluctant middle manager alive. Produced by Netflix Studios (1980).
TITLE_002804,A gripping psychological limited series where a seasoned detective discovers the prime suspect may be hiding in plain sight. Produced by Disney (2005).
TITLE_002805,"A sweeping romance spanning three decades, exploring how first love quietly shapes every significant decision that follows. Produced by Netflix Studios (2001)."
TITLE_002806,A bleak yet hopeful documentary depicting a generation born on a generation ship who have never seen Earth and no longer believe in it. Produced by Paramount (2025).
TITLE_002807,A bone-chilling special where a marine biologist's deep-sea expedition surfaces a creature that should not exist. Produced by Paramount (2006).
TITLE_002808,A taut film in which a forensic archivist realizes the cold cases stacking up on her desk share one terrifying pattern. Produced by Sony (1992).
TITLE_002809,A bold animated documentary that challenges the boundaries of the form while delivering a story full of wit and genuine emotion. Produced by Universal (1981).
TITLE_002810,"A heartfelt documentary about two strangers whose lives intersect at a critical crossroads, leading to unexpected and inconvenient love. Produced by Warner Bros (2024)."
TITLE_002811,A bold animated film that challenges the boundaries of the form while delivering a story full of wit and genuine emotion. Produced by Sony (2018).
TITLE_002812,A sharp satirical series skewering corporate culture through the eyes of the most reluctant middle manager alive. Produced by Warner Bros (2025).
TITLE_002813,A high-octane limited series about a former special forces veteran pulled back into the field for one last impossible mission. Produced by Warner Bros (2022).
TITLE_002814,An explosive limited series following a disgraced soldier who must go rogue to expose corruption at the highest levels of government. Produced by Netflix Studios (1995).
TITLE_002815,A thought-provoking series exploring the ethical fractures that open when deep-space colonization forces humanity to redefine citizenship. Produced by Warner Bros (1991).
TITLE_002816,A visually stunning animated special about an unlikely band of heroes who must defend their enchanted homeland from an ancient darkness. Produced by Apple TV+ (2020).
TITLE_002817,A slow-burn limited series where a seemingly routine investigation peels back layers of a community's darkest secrets. Produced by Universal (2005).
TITLE_002818,An imaginative animated film that takes a young protagonist on a breathtaking journey through a world governed by forgotten magic. Produced by Warner Bros (2020).
TITLE_002819,A charming limited series centered on a chaotic workplace where every attempt to impose order results in glorious failure. Produced by Disney (1987).
TITLE_002820,"A heartwarming animated limited series that uses the adventures of misfit characters to explore belonging, courage, and found family. Produced by Apple TV+ (2016)."
TITLE_002821,A charming special centered on a chaotic workplace where every attempt to impose order results in glorious failure. Produced by Paramount (2008).
TITLE_002822,A visually stunning animated limited series about an unlikely band of heroes who must defend their enchanted homeland from an ancient darkness. Produced by Netflix Studios (1993).
TITLE_002823,A thought-provoking special exploring the ethical fractures that open when deep-space colonization forces humanity to redefine citizenship. Produced by Disney (1998).
TITLE_002824,A bleak yet hopeful documentary depicting a generation born on a generation ship who have never seen Earth and no longer believe in it. Produced by Sony (2008).
TITLE_002825,An explosive series following a disgraced soldier who must go rogue to expose corruption at the highest levels of government. Produced by Netflix Studios (1985).
TITLE_002826,"A powerful documentary exploring the fractured bonds between family members as they navigate grief, guilt, and reconciliation. Produced by Sony (2016)."
TITLE_002827,"A heartwarming animated limited series that uses the adventures of misfit characters to explore belonging, courage, and found family. Produced by Sony (2009)."
TITLE_002828,A nuanced limited series that examines the quiet cost of ambition and the unspoken sacrifices we make for the people we love. Produced by Paramount (1997).
TITLE_002829,"A heartwarming animated limited series that uses the adventures of misfit characters to explore belonging, courage, and found family. Produced by Warner Bros (1989)."
TITLE_002830,An imaginative animated series that takes a young protagonist on a breathtaking journey through a world governed by forgotten magic. Produced by Universal (1997).
TITLE_002831,A hilarious limited series following a group of well-meaning misfits whose cross-country trip descends into spectacular chaos. Produced by Disney (1997).
TITLE_002832,An explosive series following a disgraced soldier who must go rogue to expose corruption at the highest levels of government. Produced by Paramount (2008).
TITLE_002833,A charming limited series centered on a chaotic workplace where every attempt to impose order results in glorious failure. Produced by Disney (2007).
TITLE_002834,A visionary science fiction special set in a near future where artificial intelligence has fundamentally reshaped what it means to be human. Produced by Netflix Studios (2022).
TITLE_002835,A nuanced series that examines the quiet cost of ambition and the unspoken sacrifices we make for the people we love. Produced by Universal (2025).
TITLE_002836,A witty series about a small-town dreamer who accidentally becomes the most controversial person in a major city. Produced by Paramount (2005).
TITLE_002837,"An adrenaline-fueled special in which rival factions clash across three continents, leaving a trail of deception and betrayal. Produced by Netflix Studios (2002)."
TITLE_002838,A suspenseful film about a cybersecurity analyst who uncovers a conspiracy that reaches the highest corridors of power. Produced by Universal (2020).
TITLE_002839,An explosive film following a disgraced soldier who must go rogue to expose corruption at the highest levels of government. Produced by Apple TV+ (1989).
TITLE_002840,A pulse-pounding special where a covert operative races against time to prevent a global catastrophe. Produced by Warner Bros (2023).
TITLE_002841,A hilarious special following a group of well-meaning misfits whose cross-country trip descends into spectacular chaos. Produced by Disney (2010).
TITLE_002842,A gripping psychological special where a seasoned detective discovers the prime suspect may be hiding in plain sight. Produced by Netflix Studios (2025).
TITLE_002843,A suspenseful documentary about a cybersecurity analyst who uncovers a conspiracy that reaches the highest corridors of power. Produced by Paramount (2023).
TITLE_002844,A tender documentary in which two people who built walls against vulnerability slowly and reluctantly dismantle them together. Produced by Paramount (1982).
TITLE_002845,A chilling psychological special in which a family discovers their renovated home was built atop the site of something unspeakable. Produced by Disney (1995).
TITLE_002846,A tender special in which two people who built walls against vulnerability slowly and reluctantly dismantle them together. Produced by Apple TV+ (1994).
TITLE_002847,A bold animated film that challenges the boundaries of the form while delivering a story full of wit and genuine emotion. Produced by Disney (2005).
TITLE_002848,A sharp satirical special skewering corporate culture through the eyes of the most reluctant middle manager alive. Produced by Universal (2004).
TITLE_002849,"A powerful series exploring the fractured bonds between family members as they navigate grief, guilt, and reconciliation. Produced by Disney (2007)."
TITLE_002850,A high-octane documentary about a former special forces veteran pulled back into the field for one last impossible mission. Produced by Netflix Studios (2002).
TITLE_002851,"A bittersweet romantic film following star-crossed lovers whose timing always seems to be precisely, maddeningly off. Produced by Disney (2022)."
TITLE_002852,A tender documentary in which two people who built walls against vulnerability slowly and reluctantly dismantle them together. Produced by Warner Bros (2012).
TITLE_002853,A witty documentary about a small-town dreamer who accidentally becomes the most controversial person in a major city. Produced by Apple TV+ (1985).
TITLE_002854,A tender yet unflinching series in which three strangers bound by a shared tragedy find unexpected solidarity. Produced by Warner Bros (1994).
TITLE_002855,An emotionally charged special about an individual's struggle to rebuild identity and purpose after an unexpected personal collapse. Produced by Apple TV+ (1995).
TITLE_002856,A gripping psychological limited series where a seasoned detective discovers the prime suspect may be hiding in plain sight. Produced by Sony (1998).
TITLE_002857,A terrifying documentary following a group of strangers stranded in a remote wilderness as something ancient and patient closes in. Produced by Disney (1991).
TITLE_002858,A tender series in which two people who built walls against vulnerability slowly and reluctantly dismantle them together. Produced by Apple TV+ (1991).
TITLE_002859,A nuanced film that examines the quiet cost of ambition and the unspoken sacrifices we make for the people we love. Produced by Paramount (1989).
TITLE_002860,An emotionally charged documentary about an individual's struggle to rebuild identity and purpose after an unexpected personal collapse. Produced by Disney (1984).
TITLE_002861,A witty limited series about a small-town dreamer who accidentally becomes the most controversial person in a major city. Produced by Warner Bros (2023).
TITLE_002862,"A sweeping romance spanning three decades, exploring how first love quietly shapes every significant decision that follows. Produced by Paramount (1991)."
TITLE_002863,"A heartfelt series about two strangers whose lives intersect at a critical crossroads, leading to unexpected and inconvenient love. Produced by Sony (2004)."
TITLE_002864,A visually stunning animated series about an unlikely band of heroes who must defend their enchanted homeland from an ancient darkness. Produced by Sony (1987).
TITLE_002865,A witty series about a small-town dreamer who accidentally becomes the most controversial person in a major city. Produced by Netflix Studios (2022).
TITLE_002866,"A heartfelt limited series about two strangers whose lives intersect at a critical crossroads, leading to unexpected and inconvenient love. Produced by Apple TV+ (2012)."
TITLE_002867,A chilling psychological special in which a family discovers their renovated home was built atop the site of something unspeakable. Produced by Apple TV+ (1984).
TITLE_002868,A suspenseful limited series about a cybersecurity analyst who uncovers a conspiracy that reaches the highest corridors of power. Produced by Apple TV+ (2007).
TITLE_002869,A taut documentary in which a forensic archivist realizes the cold cases stacking up on her desk share one terrifying pattern. Produced by Warner Bros (2014).
TITLE_002870,A high-octane special about a former special forces veteran pulled back into the field for one last impossible mission. Produced by Paramount (2020).
TITLE_002871,A slow-burn documentary where a seemingly routine investigation peels back layers of a community's darkest secrets. Produced by Apple TV+ (2021).
TITLE_002872,A slow-dread documentary exploring the horror of losing trust in your own perception of reality. Produced by Warner Bros (2017).
TITLE_002873,A visionary science fiction special set in a near future where artificial intelligence has fundamentally reshaped what it means to be human. Produced by Universal (2008).
TITLE_002874,A terrifying special following a group of strangers stranded in a remote wilderness as something ancient and patient closes in. Produced by Netflix Studios (2024).
TITLE_002875,A sharp satirical special skewering corporate culture through the eyes of the most reluctant middle manager alive. Produced by Disney (1995).
TITLE_002876,A bone-chilling special where a marine biologist's deep-sea expedition surfaces a creature that should not exist. Produced by Paramount (2009).
TITLE_002877,A cerebral science fiction film about a theoretical physicist whose containment breach tears a hole in the fabric of spacetime. Produced by Sony (2025).
TITLE_002878,"A sweeping romance spanning three decades, exploring how first love quietly shapes every significant decision that follows. Produced by Warner Bros (2018)."
TITLE_002879,"A heartfelt limited series about two strangers whose lives intersect at a critical crossroads, leading to unexpected and inconvenient love. Produced by Sony (2013)."
TITLE_002880,"A bittersweet romantic limited series following star-crossed lovers whose timing always seems to be precisely, maddeningly off. Produced by Sony (1987)."
TITLE_002881,A terrifying limited series following a group of strangers stranded in a remote wilderness as something ancient and patient closes in. Produced by Disney (1984).
TITLE_002882,A slow-burn special where a seemingly routine investigation peels back layers of a community's darkest secrets. Produced by Warner Bros (1981).
TITLE_002883,A bold animated limited series that challenges the boundaries of the form while delivering a story full of wit and genuine emotion. Produced by Disney (2023).
TITLE_002884,"A sweeping romance spanning three decades, exploring how first love quietly shapes every significant decision that follows. Produced by Disney (2023)."
TITLE_002885,A gripping psychological limited series where a seasoned detective discovers the prime suspect may be hiding in plain sight. Produced by Paramount (2002).
TITLE_002886,A high-octane special about a former special forces veteran pulled back into the field for one last impossible mission. Produced by Paramount (2010).
TITLE_002887,A cerebral science fiction documentary about a theoretical physicist whose containment breach tears a hole in the fabric of spacetime. Produced by Universal (2014).
TITLE_002888,A suspenseful documentary about a cybersecurity analyst who uncovers a conspiracy that reaches the highest corridors of power. Produced by Sony (2009).
TITLE_002889,A cerebral science fiction special about a theoretical physicist whose containment breach tears a hole in the fabric of spacetime. Produced by Universal (2020).
TITLE_002890,A pulse-pounding limited series where a covert operative races against time to prevent a global catastrophe. Produced by Netflix Studios (1980).
TITLE_002891,An explosive film following a disgraced soldier who must go rogue to expose corruption at the highest levels of government. Produced by Apple TV+ (1989).
TITLE_002892,A nuanced series that examines the quiet cost of ambition and the unspoken sacrifices we make for the people we love. Produced by Netflix Studios (2003).
TITLE_002893,"A powerful documentary exploring the fractured bonds between family members as they navigate grief, guilt, and reconciliation. Produced by Netflix Studios (2023)."
TITLE_002894,"A bittersweet romantic limited series following star-crossed lovers whose timing always seems to be precisely, maddeningly off. Produced by Universal (2001)."
TITLE_002895,A hilarious limited series following a group of well-meaning misfits whose cross-country trip descends into spectacular chaos. Produced by Apple TV+ (1992).
TITLE_002896,A bold animated special that challenges the boundaries of the form while delivering a story full of wit and genuine emotion. Produced by Universal (1984).
TITLE_002897,A cerebral science fiction special about a theoretical physicist whose containment breach tears a hole in the fabric of spacetime. Produced by Sony (1994).
TITLE_002898,A taut film in which a forensic archivist realizes the cold cases stacking up on her desk share one terrifying pattern. Produced by Paramount (1987).
TITLE_002899,A sharp satirical documentary skewering corporate culture through the eyes of the most reluctant middle manager alive. Produced by Disney (2008).
TITLE_002900,An imaginative animated documentary that takes a young protagonist on a breathtaking journey through a world governed by forgotten magic. Produced by Universal (1996).
TITLE_002901,A nuanced special that examines the quiet cost of ambition and the unspoken sacrifices we make for the people we love. Produced by Warner Bros (2022).
TITLE_002902,A chilling psychological film in which a family discovers their renovated home was built atop the site of something unspeakable. Produced by Sony (2000).
TITLE_002903,A tender yet unflinching limited series in which three strangers bound by a shared tragedy find unexpected solidarity. Produced by Apple TV+ (1999).
TITLE_002904,A tender limited series in which two people who built walls against vulnerability slowly and reluctantly dismantle them together. Produced by Sony (2011).
TITLE_002905,A bone-chilling documentary where a marine biologist's deep-sea expedition surfaces a creature that should not exist. Produced by Universal (2007).
TITLE_002906,A pulse-pounding special where a covert operative races against time to prevent a global catastrophe. Produced by Netflix Studios (2011).
TITLE_002907,A gripping psychological special where a seasoned detective discovers the prime suspect may be hiding in plain sight. Produced by Warner Bros (1995).
TITLE_002908,"A powerful series exploring the fractured bonds between family members as they navigate grief, guilt, and reconciliation. Produced by Universal (2005)."
TITLE_002909,A hilarious documentary following a group of well-meaning misfits whose cross-country trip descends into spectacular chaos. Produced by Apple TV+ (2016).
TITLE_002910,"An adrenaline-fueled film in which rival factions clash across three continents, leaving a trail of deception and betrayal. Produced by Apple TV+ (1994)."
TITLE_002911,A suspenseful limited series about a cybersecurity analyst who uncovers a conspiracy that reaches the highest corridors of power. Produced by Apple TV+ (2020).
TITLE_002912,"A sweeping romance spanning three decades, exploring how first love quietly shapes every significant decision that follows. Produced by Apple TV+ (2024)."
TITLE_002913,"A bittersweet romantic special following star-crossed lovers whose timing always seems to be precisely, maddeningly off. Produced by Warner Bros (1986)."
TITLE_002914,A gripping psychological special where a seasoned detective discovers the prime suspect may be hiding in plain sight. Produced by Disney (2007).
TITLE_002915,A chilling psychological film in which a family discovers their renovated home was built atop the site of something unspeakable. Produced by Paramount (1996).
TITLE_002916,A visually stunning animated special about an unlikely band of heroes who must defend their enchanted homeland from an ancient darkness. Produced by Disney (2008).
TITLE_002917,A nuanced special that examines the quiet cost of ambition and the unspoken sacrifices we make for the people we love. Produced by Warner Bros (1993).
TITLE_002918,A visually stunning animated documentary about an unlikely band of heroes who must defend their enchanted homeland from an ancient darkness. Produced by Apple TV+ (1997).
TITLE_002919,"A heartwarming animated series that uses the adventures of misfit characters to explore belonging, courage, and found family. Produced by Sony (1996)."
TITLE_002920,A thought-provoking series exploring the ethical fractures that open when deep-space colonization forces humanity to redefine citizenship. Produced by Paramount (1985).
TITLE_002921,"A heartfelt documentary about two strangers whose lives intersect at a critical crossroads, leading to unexpected and inconvenient love. Produced by Apple TV+ (2003)."
TITLE_002922,A tender yet unflinching limited series in which three strangers bound by a shared tragedy find unexpected solidarity. Produced by Disney (2003).
TITLE_002923,A visionary science fiction series set in a near future where artificial intelligence has fundamentally reshaped what it means to be human. Produced by Universal (2003).
TITLE_002924,A terrifying series following a group of strangers stranded in a remote wilderness as something ancient and patient closes in. Produced by Warner Bros (1984).
TITLE_002925,A tender special in which two people who built walls against vulnerability slowly and reluctantly dismantle them together. Produced by Apple TV+ (2016).
TITLE_002926,A hilarious film following a group of well-meaning misfits whose cross-country trip descends into spectacular chaos. Produced by Netflix Studios (1987).
TITLE_002927,"A heartfelt series about two strangers whose lives intersect at a critical crossroads, leading to unexpected and inconvenient love. Produced by Apple TV+ (1998)."
TITLE_002928,A tender documentary in which two people who built walls against vulnerability slowly and reluctantly dismantle them together. Produced by Netflix Studios (1987).
TITLE_002929,A tender yet unflinching limited series in which three strangers bound by a shared tragedy find unexpected solidarity. Produced by Disney (2000).
TITLE_002930,"A sweeping romance spanning three decades, exploring how first love quietly shapes every significant decision that follows. Produced by Sony (2024)."
TITLE_002931,"A bittersweet romantic documentary following star-crossed lovers whose timing always seems to be precisely, maddeningly off. Produced by Warner Bros (2021)."
TITLE_002932,A chilling psychological special in which a family discovers their renovated home was built atop the site of something unspeakable. Produced by Netflix Studios (1986).
TITLE_002933,A taut special in which a forensic archivist realizes the cold cases stacking up on her desk share one terrifying pattern. Produced by Paramount (1989).
TITLE_002934,A visionary science fiction documentary set in a near future where artificial intelligence has fundamentally reshaped what it means to be human. Produced by Universal (2019).
TITLE_002935,"An adrenaline-fueled series in which rival factions clash across three continents, leaving a trail of deception and betrayal. Produced by Sony (1988)."
TITLE_002936,"An adrenaline-fueled limited series in which rival factions clash across three continents, leaving a trail of deception and betrayal. Produced by Warner Bros (1995)."
TITLE_002937,A thought-provoking documentary exploring the ethical fractures that open when deep-space colonization forces humanity to redefine citizenship. Produced by Warner Bros (2006).
TITLE_002938,An imaginative animated documentary that takes a young protagonist on a breathtaking journey through a world governed by forgotten magic. Produced by Apple TV+ (2016).
TITLE_002939,An explosive documentary following a disgraced soldier who must go rogue to expose corruption at the highest levels of government. Produced by Universal (1995).
TITLE_002940,An explosive documentary following a disgraced soldier who must go rogue to expose corruption at the highest levels of government. Produced by Apple TV+ (1990).
TITLE_002941,A pulse-pounding film where a covert operative races against time to prevent a global catastrophe. Produced by Universal (2004).
TITLE_002942,A pulse-pounding limited series where a covert operative races against time to prevent a global catastrophe. Produced by Warner Bros (2001).
TITLE_002943,"A powerful series exploring the fractured bonds between family members as they navigate grief, guilt, and reconciliation. Produced by Netflix Studios (2001)."
TITLE_002944,A cerebral science fiction special about a theoretical physicist whose containment breach tears a hole in the fabric of spacetime. Produced by Apple TV+ (2008).
TITLE_002945,An explosive documentary following a disgraced soldier who must go rogue to expose corruption at the highest levels of government. Produced by Paramount (2016).
TITLE_002946,A sharp satirical series skewering corporate culture through the eyes of the most reluctant middle manager alive. Produced by Sony (2003).
TITLE_002947,A high-octane limited series about a former special forces veteran pulled back into the field for one last impossible mission. Produced by Apple TV+ (2001).
TITLE_002948,"A bittersweet romantic documentary following star-crossed lovers whose timing always seems to be precisely, maddeningly off. Produced by Disney (2025)."
TITLE_002949,A thought-provoking limited series exploring the ethical fractures that open when deep-space colonization forces humanity to redefine citizenship. Produced by Paramount (2014).
TITLE_002950,"A bittersweet romantic special following star-crossed lovers whose timing always seems to be precisely, maddeningly off. Produced by Netflix Studios (1981)."
TITLE_002951,"An adrenaline-fueled limited series in which rival factions clash across three continents, leaving a trail of deception and betrayal. Produced by Universal (2021)."
TITLE_002952,"A heartwarming animated documentary that uses the adventures of misfit characters to explore belonging, courage, and found family. Produced by Universal (2010)."
TITLE_002953,A thought-provoking film exploring the ethical fractures that open when deep-space colonization forces humanity to redefine citizenship. Produced by Apple TV+ (1985).
TITLE_002954,A slow-burn series where a seemingly routine investigation peels back layers of a community's darkest secrets. Produced by Sony (2001).
TITLE_002955,A visually stunning animated limited series about an unlikely band of heroes who must defend their enchanted homeland from an ancient darkness. Produced by Netflix Studios (1998).
TITLE_002956,A slow-burn film where a seemingly routine investigation peels back layers of a community's darkest secrets. Produced by Netflix Studios (2004).
TITLE_002957,A slow-burn film where a seemingly routine investigation peels back layers of a community's darkest secrets. Produced by Paramount (2009).
TITLE_002958,An imaginative animated documentary that takes a young protagonist on a breathtaking journey through a world governed by forgotten magic. Produced by Apple TV+ (2009).
TITLE_002959,A suspenseful film about a cybersecurity analyst who uncovers a conspiracy that reaches the highest corridors of power. Produced by Warner Bros (2019).
TITLE_002960,A visionary science fiction limited series set in a near future where artificial intelligence has fundamentally reshaped what it means to be human. Produced by Netflix Studios (2004).
TITLE_002961,An emotionally charged limited series about an individual's struggle to rebuild identity and purpose after an unexpected personal collapse. Produced by Warner Bros (2012).
TITLE_002962,A bone-chilling documentary where a marine biologist's deep-sea expedition surfaces a creature that should not exist. Produced by Sony (1998).
TITLE_002963,"A bittersweet romantic special following star-crossed lovers whose timing always seems to be precisely, maddeningly off. Produced by Paramount (1993)."
TITLE_002964,A pulse-pounding film where a covert operative races against time to prevent a global catastrophe. Produced by Universal (2015).
TITLE_002965,A visionary science fiction limited series set in a near future where artificial intelligence has fundamentally reshaped what it means to be human. Produced by Apple TV+ (1986).
TITLE_002966,A pulse-pounding limited series where a covert operative races against time to prevent a global catastrophe. Produced by Sony (2011).
TITLE_002967,A slow-dread documentary exploring the horror of losing trust in your own perception of reality. Produced by Paramount (2014).
TITLE_002968,"A heartwarming animated film that uses the adventures of misfit characters to explore belonging, courage, and found family. Produced by Sony (1992)."
TITLE_002969,A gripping psychological film where a seasoned detective discovers the prime suspect may be hiding in plain sight. Produced by Netflix Studios (2023).
TITLE_002970,"A bittersweet romantic film following star-crossed lovers whose timing always seems to be precisely, maddeningly off. Produced by Apple TV+ (2003)."
TITLE_002971,"A bittersweet romantic series following star-crossed lovers whose timing always seems to be precisely, maddeningly off. Produced by Universal (2001)."
TITLE_002972,A tender yet unflinching special in which three strangers bound by a shared tragedy find unexpected solidarity. Produced by Sony (1987).
TITLE_002973,"A heartwarming animated film that uses the adventures of misfit characters to explore belonging, courage, and found family. Produced by Netflix Studios (1985)."
TITLE_002974,A visually stunning animated film about an unlikely band of heroes who must defend their enchanted homeland from an ancient darkness. Produced by Netflix Studios (2000).
TITLE_002975,An imaginative animated series that takes a young protagonist on a breathtaking journey through a world governed by forgotten magic. Produced by Netflix Studios (2019).
TITLE_002976,A bone-chilling limited series where a marine biologist's deep-sea expedition surfaces a creature that should not exist. Produced by Netflix Studios (2014).
TITLE_002977,A tender yet unflinching documentary in which three strangers bound by a shared tragedy find unexpected solidarity. Produced by Sony (1997).
TITLE_002978,A gripping psychological special where a seasoned detective discovers the prime suspect may be hiding in plain sight. Produced by Sony (2014).
TITLE_002979,A pulse-pounding limited series where a covert operative races against time to prevent a global catastrophe. Produced by Paramount (1984).
TITLE_002980,A witty special about a small-town dreamer who accidentally becomes the most controversial person in a major city. Produced by Apple TV+ (2017).
TITLE_002981,A gripping psychological limited series where a seasoned detective discovers the prime suspect may be hiding in plain sight. Produced by Disney (1994).
TITLE_002982,"A heartwarming animated special that uses the adventures of misfit characters to explore belonging, courage, and found family. Produced by Netflix Studios (1991)."
TITLE_002983,"A sweeping romance spanning three decades, exploring how first love quietly shapes every significant decision that follows. Produced by Netflix Studios (2005)."
TITLE_002984,"A powerful special exploring the fractured bonds between family members as they navigate grief, guilt, and reconciliation. Produced by Sony (2018)."
TITLE_002985,A charming special centered on a chaotic workplace where every attempt to impose order results in glorious failure. Produced by Sony (2010).
TITLE_002986,A hilarious series following a group of well-meaning misfits whose cross-country trip descends into spectacular chaos. Produced by Warner Bros (1998).
TITLE_002987,A nuanced documentary that examines the quiet cost of ambition and the unspoken sacrifices we make for the people we love. Produced by Netflix Studios (1991).
TITLE_002988,A nuanced documentary that examines the quiet cost of ambition and the unspoken sacrifices we make for the people we love. Produced by Apple TV+ (2023).
TITLE_002989,An emotionally charged documentary about an individual's struggle to rebuild identity and purpose after an unexpected personal collapse. Produced by Disney (2001).
TITLE_002990,A terrifying limited series following a group of strangers stranded in a remote wilderness as something ancient and patient closes in. Produced by Sony (2000).
TITLE_002991,An explosive special following a disgraced soldier who must go rogue to expose corruption at the highest levels of government. Produced by Warner Bros (2002).
TITLE_002992,A gripping psychological series where a seasoned detective discovers the prime suspect may be hiding in plain sight. Produced by Paramount (1993).
TITLE_002993,"An adrenaline-fueled series in which rival factions clash across three continents, leaving a trail of deception and betrayal. Produced by Warner Bros (1987)."
TITLE_002994,A nuanced special that examines the quiet cost of ambition and the unspoken sacrifices we make for the people we love. Produced by Paramount (2006).
TITLE_002995,"A heartfelt limited series about two strangers whose lives intersect at a critical crossroads, leading to unexpected and inconvenient love. Produced by Apple TV+ (1992)."
TITLE_002996,A suspenseful documentary about a cybersecurity analyst who uncovers a conspiracy that reaches the highest corridors of power. Produced by Apple TV+ (2016).
TITLE_002997,"A powerful film exploring the fractured bonds between family members as they navigate grief, guilt, and reconciliation. Produced by Universal (2000)."
TITLE_002998,An explosive series following a disgraced soldier who must go rogue to expose corruption at the highest levels of government. Produced by Paramount (2005).
TITLE_002999,A cerebral science fiction limited series about a theoretical physicist whose containment breach tears a hole in the fabric of spacetime. Produced by Warner Bros (2023).
TITLE_003000,An imaginative animated film that takes a young protagonist on a breathtaking journey through a world governed by forgotten magic. Produced by Apple TV+ (1999).
TITLE_003001,An emotionally charged special about an individual's struggle to rebuild identity and purpose after an unexpected personal collapse. Produced by Apple TV+ (2023).
TITLE_003002,"A sweeping romance spanning three decades, exploring how first love quietly shapes every significant decision that follows. Produced by Paramount (1995)."
TITLE_003003,"A heartwarming animated series that uses the adventures of misfit characters to explore belonging, courage, and found family. Produced by Disney (1992)."
TITLE_003004,A bold animated limited series that challenges the boundaries of the form while delivering a story full of wit and genuine emotion. Produced by Universal (1990).
TITLE_003005,A suspenseful film about a cybersecurity analyst who uncovers a conspiracy that reaches the highest corridors of power. Produced by Sony (2023).
TITLE_003006,A charming special centered on a chaotic workplace where every attempt to impose order results in glorious failure. Produced by Sony (1984).
TITLE_003007,An imaginative animated film that takes a young protagonist on a breathtaking journey through a world governed by forgotten magic. Produced by Netflix Studios (2005).
TITLE_003008,"A heartwarming animated special that uses the adventures of misfit characters to explore belonging, courage, and found family. Produced by Sony (2021)."
TITLE_003009,A nuanced series that examines the quiet cost of ambition and the unspoken sacrifices we make for the people we love. Produced by Sony (1988).
TITLE_003010,"A heartwarming animated documentary that uses the adventures of misfit characters to explore belonging, courage, and found family. Produced by Warner Bros (2020)."
TITLE_003011,A witty special about a small-town dreamer who accidentally becomes the most controversial person in a major city. Produced by Universal (1981).
TITLE_003012,"An adrenaline-fueled film in which rival factions clash across three continents, leaving a trail of deception and betrayal. Produced by Netflix Studios (1999)."
TITLE_003013,A pulse-pounding special where a covert operative races against time to prevent a global catastrophe. Produced by Apple TV+ (2000).
TITLE_003014,A pulse-pounding special where a covert operative races against time to prevent a global catastrophe. Produced by Disney (2006).
TITLE_003015,A taut documentary in which a forensic archivist realizes the cold cases stacking up on her desk share one terrifying pattern. Produced by Netflix Studios (1989).
TITLE_003016,A charming limited series centered on a chaotic workplace where every attempt to impose order results in glorious failure. Produced by Warner Bros (2015).
TITLE_003017,"A bittersweet romantic film following star-crossed lovers whose timing always seems to be precisely, maddeningly off. Produced by Disney (2014)."
TITLE_003018,A tender yet unflinching documentary in which three strangers bound by a shared tragedy find unexpected solidarity. Produced by Paramount (2017).
TITLE_003019,A bleak yet hopeful special depicting a generation born on a generation ship who have never seen Earth and no longer believe in it. Produced by Sony (2022).
TITLE_003020,A tender documentary in which two people who built walls against vulnerability slowly and reluctantly dismantle them together. Produced by Warner Bros (2007).
TITLE_003021,A slow-dread limited series exploring the horror of losing trust in your own perception of reality. Produced by Paramount (2012).
TITLE_003022,An explosive film following a disgraced soldier who must go rogue to expose corruption at the highest levels of government. Produced by Universal (2005).
TITLE_003023,A slow-burn documentary where a seemingly routine investigation peels back layers of a community's darkest secrets. Produced by Apple TV+ (1984).
TITLE_003024,"An adrenaline-fueled documentary in which rival factions clash across three continents, leaving a trail of deception and betrayal. Produced by Warner Bros (1986)."
TITLE_003025,A tender yet unflinching series in which three strangers bound by a shared tragedy find unexpected solidarity. Produced by Universal (1981).
TITLE_003026,A terrifying documentary following a group of strangers stranded in a remote wilderness as something ancient and patient closes in. Produced by Paramount (1983).
TITLE_003027,A tender series in which two people who built walls against vulnerability slowly and reluctantly dismantle them together. Produced by Disney (2019).
TITLE_003028,A taut limited series in which a forensic archivist realizes the cold cases stacking up on her desk share one terrifying pattern. Produced by Netflix Studios (2025).
TITLE_003029,A taut documentary in which a forensic archivist realizes the cold cases stacking up on her desk share one terrifying pattern. Produced by Apple TV+ (1987).
TITLE_003030,"An adrenaline-fueled film in which rival factions clash across three continents, leaving a trail of deception and betrayal. Produced by Disney (2025)."
TITLE_003031,A bone-chilling documentary where a marine biologist's deep-sea expedition surfaces a creature that should not exist. Produced by Universal (1995).
TITLE_003032,A slow-burn series where a seemingly routine investigation peels back layers of a community's darkest secrets. Produced by Netflix Studios (2006).
TITLE_003033,"A powerful special exploring the fractured bonds between family members as they navigate grief, guilt, and reconciliation. Produced by Disney (1994)."
TITLE_003034,A chilling psychological film in which a family discovers their renovated home was built atop the site of something unspeakable. Produced by Paramount (2015).
TITLE_003035,A nuanced film that examines the quiet cost of ambition and the unspoken sacrifices we make for the people we love. Produced by Warner Bros (1998).
TITLE_003036,A visionary science fiction series set in a near future where artificial intelligence has fundamentally reshaped what it means to be human. Produced by Netflix Studios (1997).
TITLE_003037,An emotionally charged special about an individual's struggle to rebuild identity and purpose after an unexpected personal collapse. Produced by Netflix Studios (2012).
TITLE_003038,"An adrenaline-fueled film in which rival factions clash across three continents, leaving a trail of deception and betrayal. Produced by Universal (1993)."
TITLE_003039,A visionary science fiction documentary set in a near future where artificial intelligence has fundamentally reshaped what it means to be human. Produced by Netflix Studios (2021).
TITLE_003040,A bleak yet hopeful series depicting a generation born on a generation ship who have never seen Earth and no longer believe in it. Produced by Universal (1995).
TITLE_003041,A visually stunning animated series about an unlikely band of heroes who must defend their enchanted homeland from an ancient darkness. Produced by Netflix Studios (2016).
TITLE_003042,A nuanced documentary that examines the quiet cost of ambition and the unspoken sacrifices we make for the people we love. Produced by Sony (2008).
TITLE_003043,An explosive series following a disgraced soldier who must go rogue to expose corruption at the highest levels of government. Produced by Sony (2012).
TITLE_003044,A charming special centered on a chaotic workplace where every attempt to impose order results in glorious failure. Produced by Apple TV+ (2002).
TITLE_003045,"An adrenaline-fueled limited series in which rival factions clash across three continents, leaving a trail of deception and betrayal. Produced by Paramount (1984)."
TITLE_003046,"A heartwarming animated series that uses the adventures of misfit characters to explore belonging, courage, and found family. Produced by Apple TV+ (2001)."
TITLE_003047,A tender yet unflinching special in which three strangers bound by a shared tragedy find unexpected solidarity. Produced by Paramount (1990).
TITLE_003048,A tender special in which two people who built walls against vulnerability slowly and reluctantly dismantle them together. Produced by Apple TV+ (2012).
TITLE_003049,A bleak yet hopeful film depicting a generation born on a generation ship who have never seen Earth and no longer believe in it. Produced by Warner Bros (2007).
TITLE_003050,A high-octane documentary about a former special forces veteran pulled back into the field for one last impossible mission. Produced by Apple TV+ (1984).
TITLE_003051,A tender series in which two people who built walls against vulnerability slowly and reluctantly dismantle them together. Produced by Universal (1992).
TITLE_003052,A cerebral science fiction special about a theoretical physicist whose containment breach tears a hole in the fabric of spacetime. Produced by Disney (1984).
TITLE_003053,An emotionally charged documentary about an individual's struggle to rebuild identity and purpose after an unexpected personal collapse. Produced by Paramount (2019).
TITLE_003054,A slow-dread documentary exploring the horror of losing trust in your own perception of reality. Produced by Universal (2012).
TITLE_003055,An emotionally charged film about an individual's struggle to rebuild identity and purpose after an unexpected personal collapse. Produced by Disney (1987).
TITLE_003056,A charming documentary centered on a chaotic workplace where every attempt to impose order results in glorious failure. Produced by Warner Bros (1990).
TITLE_003057,A tender yet unflinching series in which three strangers bound by a shared tragedy find unexpected solidarity. Produced by Apple TV+ (1987).
TITLE_003058,An imaginative animated documentary that takes a young protagonist on a breathtaking journey through a world governed by forgotten magic. Produced by Apple TV+ (2008).
TITLE_003059,"An adrenaline-fueled special in which rival factions clash across three continents, leaving a trail of deception and betrayal. Produced by Sony (1997)."
TITLE_003060,An imaginative animated limited series that takes a young protagonist on a breathtaking journey through a world governed by forgotten magic. Produced by Universal (2014).
TITLE_003061,A bone-chilling film where a marine biologist's deep-sea expedition surfaces a creature that should not exist. Produced by Universal (2018).
TITLE_003062,"A powerful series exploring the fractured bonds between family members as they navigate grief, guilt, and reconciliation. Produced by Disney (1980)."
TITLE_003063,An emotionally charged documentary about an individual's struggle to rebuild identity and purpose after an unexpected personal collapse. Produced by Netflix Studios (2013).
TITLE_003064,A terrifying documentary following a group of strangers stranded in a remote wilderness as something ancient and patient closes in. Produced by Sony (2012).
TITLE_003065,A visionary science fiction special set in a near future where artificial intelligence has fundamentally reshaped what it means to be human. Produced by Sony (1997).
TITLE_003066,A slow-burn documentary where a seemingly routine investigation peels back layers of a community's darkest secrets. Produced by Disney (2007).
TITLE_003067,A taut limited series in which a forensic archivist realizes the cold cases stacking up on her desk share one terrifying pattern. Produced by Disney (2019).
TITLE_003068,A sharp satirical film skewering corporate culture through the eyes of the most reluctant middle manager alive. Produced by Netflix Studios (2001).
TITLE_003069,"A sweeping romance spanning three decades, exploring how first love quietly shapes every significant decision that follows. Produced by Warner Bros (2004)."
TITLE_003070,"A sweeping romance spanning three decades, exploring how first love quietly shapes every significant decision that follows. Produced by Paramount (1994)."
TITLE_003071,A hilarious series following a group of well-meaning misfits whose cross-country trip descends into spectacular chaos. Produced by Netflix Studios (2016).
TITLE_003072,A cerebral science fiction limited series about a theoretical physicist whose containment breach tears a hole in the fabric of spacetime. Produced by Sony (2007).
TITLE_003073,A thought-provoking special exploring the ethical fractures that open when deep-space colonization forces humanity to redefine citizenship. Produced by Universal (1993).
TITLE_003074,A cerebral science fiction series about a theoretical physicist whose containment breach tears a hole in the fabric of spacetime. Produced by Netflix Studios (2004).
TITLE_003075,A slow-burn limited series where a seemingly routine investigation peels back layers of a community's darkest secrets. Produced by Apple TV+ (1996).
TITLE_003076,An imaginative animated limited series that takes a young protagonist on a breathtaking journey through a world governed by forgotten magic. Produced by Universal (1985).
TITLE_003077,An explosive documentary following a disgraced soldier who must go rogue to expose corruption at the highest levels of government. Produced by Universal (1985).
TITLE_003078,A tender yet unflinching series in which three strangers bound by a shared tragedy find unexpected solidarity. Produced by Disney (2016).
TITLE_003079,A gripping psychological film where a seasoned detective discovers the prime suspect may be hiding in plain sight. Produced by Disney (1980).
TITLE_003080,"A sweeping romance spanning three decades, exploring how first love quietly shapes every significant decision that follows. Produced by Warner Bros (2007)."
TITLE_003081,An imaginative animated documentary that takes a young protagonist on a breathtaking journey through a world governed by forgotten magic. Produced by Apple TV+ (1991).
TITLE_003082,An emotionally charged limited series about an individual's struggle to rebuild identity and purpose after an unexpected personal collapse. Produced by Disney (1994).
TITLE_003083,A taut limited series in which a forensic archivist realizes the cold cases stacking up on her desk share one terrifying pattern. Produced by Paramount (2024).
TITLE_003084,A nuanced documentary that examines the quiet cost of ambition and the unspoken sacrifices we make for the people we love. Produced by Sony (2014).
TITLE_003085,A bleak yet hopeful series depicting a generation born on a generation ship who have never seen Earth and no longer believe in it. Produced by Warner Bros (2012).
TITLE_003086,"A sweeping romance spanning three decades, exploring how first love quietly shapes every significant decision that follows. Produced by Universal (2024)."
TITLE_003087,A witty limited series about a small-town dreamer who accidentally becomes the most controversial person in a major city. Produced by Netflix Studios (2016).
TITLE_003088,An imaginative animated documentary that takes a young protagonist on a breathtaking journey through a world governed by forgotten magic. Produced by Universal (2001).
TITLE_003089,"A powerful limited series exploring the fractured bonds between family members as they navigate grief, guilt, and reconciliation. Produced by Netflix Studios (2006)."
TITLE_003090,"A heartfelt series about two strangers whose lives intersect at a critical crossroads, leading to unexpected and inconvenient love. Produced by Universal (2001)."
TITLE_003091,A visually stunning animated documentary about an unlikely band of heroes who must defend their enchanted homeland from an ancient darkness. Produced by Netflix Studios (2018).
TITLE_003092,A taut special in which a forensic archivist realizes the cold cases stacking up on her desk share one terrifying pattern. Produced by Netflix Studios (2022).
TITLE_003093,A visionary science fiction documentary set in a near future where artificial intelligence has fundamentally reshaped what it means to be human. Produced by Sony (2010).
TITLE_003094,A gripping psychological limited series where a seasoned detective discovers the prime suspect may be hiding in plain sight. Produced by Apple TV+ (1995).
TITLE_003095,"An adrenaline-fueled series in which rival factions clash across three continents, leaving a trail of deception and betrayal. Produced by Apple TV+ (2022)."
TITLE_003096,A witty series about a small-town dreamer who accidentally becomes the most controversial person in a major city. Produced by Disney (2021).
TITLE_003097,A terrifying documentary following a group of strangers stranded in a remote wilderness as something ancient and patient closes in. Produced by Paramount (1980).
TITLE_003098,An imaginative animated limited series that takes a young protagonist on a breathtaking journey through a world governed by forgotten magic. Produced by Universal (1994).
TITLE_003099,A high-octane series about a former special forces veteran pulled back into the field for one last impossible mission. Produced by Universal (1990).
TITLE_003100,A sharp satirical special skewering corporate culture through the eyes of the most reluctant middle manager alive. Produced by Netflix Studios (2020).
TITLE_003101,"A sweeping romance spanning three decades, exploring how first love quietly shapes every significant decision that follows. Produced by Paramount (2018)."
TITLE_003102,An explosive film following a disgraced soldier who must go rogue to expose corruption at the highest levels of government. Produced by Sony (2015).
TITLE_003103,A pulse-pounding documentary where a covert operative races against time to prevent a global catastrophe. Produced by Paramount (1997).
TITLE_003104,A visually stunning animated film about an unlikely band of heroes who must defend their enchanted homeland from an ancient darkness. Produced by Warner Bros (1990).
TITLE_003105,"A sweeping romance spanning three decades, exploring how first love quietly shapes every significant decision that follows. Produced by Paramount (2015)."
TITLE_003106,A suspenseful limited series about a cybersecurity analyst who uncovers a conspiracy that reaches the highest corridors of power. Produced by Apple TV+ (1981).
TITLE_003107,An imaginative animated series that takes a young protagonist on a breathtaking journey through a world governed by forgotten magic. Produced by Warner Bros (2012).
TITLE_003108,A hilarious special following a group of well-meaning misfits whose cross-country trip descends into spectacular chaos. Produced by Disney (2017).
TITLE_003109,A chilling psychological limited series in which a family discovers their renovated home was built atop the site of something unspeakable. Produced by Universal (1981).
TITLE_003110,An explosive documentary following a disgraced soldier who must go rogue to expose corruption at the highest levels of government. Produced by Sony (2017).
TITLE_003111,A sharp satirical documentary skewering corporate culture through the eyes of the most reluctant middle manager alive. Produced by Universal (2013).
TITLE_003112,A gripping psychological series where a seasoned detective discovers the prime suspect may be hiding in plain sight. Produced by Paramount (2018).
TITLE_003113,A bleak yet hopeful special depicting a generation born on a generation ship who have never seen Earth and no longer believe in it. Produced by Sony (1990).
TITLE_003114,A bold animated special that challenges the boundaries of the form while delivering a story full of wit and genuine emotion. Produced by Warner Bros (2004).
TITLE_003115,A gripping psychological film where a seasoned detective discovers the prime suspect may be hiding in plain sight. Produced by Netflix Studios (2022).
TITLE_003116,A thought-provoking film exploring the ethical fractures that open when deep-space colonization forces humanity to redefine citizenship. Produced by Universal (2011).
TITLE_003117,An emotionally charged special about an individual's struggle to rebuild identity and purpose after an unexpected personal collapse. Produced by Paramount (2008).
TITLE_003118,"A heartfelt series about two strangers whose lives intersect at a critical crossroads, leading to unexpected and inconvenient love. Produced by Universal (2014)."
TITLE_003119,"A sweeping romance spanning three decades, exploring how first love quietly shapes every significant decision that follows. Produced by Sony (1985)."
TITLE_003120,"An adrenaline-fueled special in which rival factions clash across three continents, leaving a trail of deception and betrayal. Produced by Warner Bros (2006)."
TITLE_003121,An explosive limited series following a disgraced soldier who must go rogue to expose corruption at the highest levels of government. Produced by Paramount (1993).
TITLE_003122,"An adrenaline-fueled film in which rival factions clash across three continents, leaving a trail of deception and betrayal. Produced by Netflix Studios (1993)."
TITLE_003123,A visually stunning animated series about an unlikely band of heroes who must defend their enchanted homeland from an ancient darkness. Produced by Disney (2006).
TITLE_003124,A charming series centered on a chaotic workplace where every attempt to impose order results in glorious failure. Produced by Sony (2009).
TITLE_003125,A terrifying limited series following a group of strangers stranded in a remote wilderness as something ancient and patient closes in. Produced by Paramount (1997).
TITLE_003126,A witty limited series about a small-town dreamer who accidentally becomes the most controversial person in a major city. Produced by Sony (2025).
TITLE_003127,An emotionally charged series about an individual's struggle to rebuild identity and purpose after an unexpected personal collapse. Produced by Paramount (2017).
TITLE_003128,A pulse-pounding special where a covert operative races against time to prevent a global catastrophe. Produced by Disney (1980).
TITLE_003129,A taut special in which a forensic archivist realizes the cold cases stacking up on her desk share one terrifying pattern. Produced by Sony (1993).
TITLE_003130,A bleak yet hopeful film depicting a generation born on a generation ship who have never seen Earth and no longer believe in it. Produced by Sony (2024).
TITLE_003131,"An adrenaline-fueled special in which rival factions clash across three continents, leaving a trail of deception and betrayal. Produced by Universal (2024)."
TITLE_003132,A charming limited series centered on a chaotic workplace where every attempt to impose order results in glorious failure. Produced by Disney (2001).
TITLE_003133,A terrifying series following a group of strangers stranded in a remote wilderness as something ancient and patient closes in. Produced by Apple TV+ (1995).
TITLE_003134,A gripping psychological documentary where a seasoned detective discovers the prime suspect may be hiding in plain sight. Produced by Disney (2019).
TITLE_003135,A tender yet unflinching film in which three strangers bound by a shared tragedy find unexpected solidarity. Produced by Apple TV+ (1998).
TITLE_003136,"A heartwarming animated limited series that uses the adventures of misfit characters to explore belonging, courage, and found family. Produced by Warner Bros (1983)."
TITLE_003137,A tender limited series in which two people who built walls against vulnerability slowly and reluctantly dismantle them together. Produced by Paramount (2007).
TITLE_003138,A tender film in which two people who built walls against vulnerability slowly and reluctantly dismantle them together. Produced by Disney (2020).
TITLE_003139,A bone-chilling film where a marine biologist's deep-sea expedition surfaces a creature that should not exist. Produced by Universal (1984).
TITLE_003140,A terrifying documentary following a group of strangers stranded in a remote wilderness as something ancient and patient closes in. Produced by Universal (1986).
TITLE_003141,A visionary science fiction documentary set in a near future where artificial intelligence has fundamentally reshaped what it means to be human. Produced by Apple TV+ (2006).
TITLE_003142,A cerebral science fiction film about a theoretical physicist whose containment breach tears a hole in the fabric of spacetime. Produced by Netflix Studios (2012).
TITLE_003143,An explosive series following a disgraced soldier who must go rogue to expose corruption at the highest levels of government. Produced by Netflix Studios (2010).
TITLE_003144,"A heartwarming animated limited series that uses the adventures of misfit characters to explore belonging, courage, and found family. Produced by Apple TV+ (1993)."
TITLE_003145,A visionary science fiction limited series set in a near future where artificial intelligence has fundamentally reshaped what it means to be human. Produced by Universal (2014).
TITLE_003146,"A sweeping romance spanning three decades, exploring how first love quietly shapes every significant decision that follows. Produced by Apple TV+ (1991)."
TITLE_003147,A tender documentary in which two people who built walls against vulnerability slowly and reluctantly dismantle them together. Produced by Warner Bros (2019).
TITLE_003148,An imaginative animated documentary that takes a young protagonist on a breathtaking journey through a world governed by forgotten magic. Produced by Apple TV+ (2022).
TITLE_003149,"An adrenaline-fueled documentary in which rival factions clash across three continents, leaving a trail of deception and betrayal. Produced by Disney (2016)."
TITLE_003150,A chilling psychological documentary in which a family discovers their renovated home was built atop the site of something unspeakable. Produced by Paramount (2003).
TITLE_003151,A slow-burn special where a seemingly routine investigation peels back layers of a community's darkest secrets. Produced by Warner Bros (1989).
TITLE_003152,A chilling psychological limited series in which a family discovers their renovated home was built atop the site of something unspeakable. Produced by Warner Bros (1994).
TITLE_003153,An emotionally charged special about an individual's struggle to rebuild identity and purpose after an unexpected personal collapse. Produced by Netflix Studios (2010).
TITLE_003154,A nuanced special that examines the quiet cost of ambition and the unspoken sacrifices we make for the people we love. Produced by Sony (1990).
TITLE_003155,A visually stunning animated film about an unlikely band of heroes who must defend their enchanted homeland from an ancient darkness. Produced by Paramount (2003).
TITLE_003156,"A heartfelt film about two strangers whose lives intersect at a critical crossroads, leading to unexpected and inconvenient love. Produced by Apple TV+ (1988)."
TITLE_003157,"A heartwarming animated documentary that uses the adventures of misfit characters to explore belonging, courage, and found family. Produced by Universal (2012)."
TITLE_003158,An imaginative animated documentary that takes a young protagonist on a breathtaking journey through a world governed by forgotten magic. Produced by Universal (2015).
TITLE_003159,A pulse-pounding series where a covert operative races against time to prevent a global catastrophe. Produced by Netflix Studios (1985).
TITLE_003160,A cerebral science fiction limited series about a theoretical physicist whose containment breach tears a hole in the fabric of spacetime. Produced by Apple TV+ (2021).
TITLE_003161,A cerebral science fiction film about a theoretical physicist whose containment breach tears a hole in the fabric of spacetime. Produced by Universal (2011).
TITLE_003162,A bold animated film that challenges the boundaries of the form while delivering a story full of wit and genuine emotion. Produced by Disney (2016).
TITLE_003163,A bone-chilling documentary where a marine biologist's deep-sea expedition surfaces a creature that should not exist. Produced by Sony (1990).
TITLE_003164,A nuanced special that examines the quiet cost of ambition and the unspoken sacrifices we make for the people we love. Produced by Sony (1994).
TITLE_003165,A high-octane film about a former special forces veteran pulled back into the field for one last impossible mission. Produced by Sony (1991).
TITLE_003166,A slow-burn limited series where a seemingly routine investigation peels back layers of a community's darkest secrets. Produced by Disney (2024).
TITLE_003167,A suspenseful film about a cybersecurity analyst who uncovers a conspiracy that reaches the highest corridors of power. Produced by Warner Bros (2004).
TITLE_003168,A gripping psychological series where a seasoned detective discovers the prime suspect may be hiding in plain sight. Produced by Sony (2010).
TITLE_003169,A high-octane documentary about a former special forces veteran pulled back into the field for one last impossible mission. Produced by Sony (1987).
TITLE_003170,A chilling psychological documentary in which a family discovers their renovated home was built atop the site of something unspeakable. Produced by Apple TV+ (2005).
TITLE_003171,A tender yet unflinching series in which three strangers bound by a shared tragedy find unexpected solidarity. Produced by Sony (1995).
TITLE_003172,An explosive limited series following a disgraced soldier who must go rogue to expose corruption at the highest levels of government. Produced by Universal (1989).
TITLE_003173,A slow-burn documentary where a seemingly routine investigation peels back layers of a community's darkest secrets. Produced by Netflix Studios (2009).
TITLE_003174,A tender yet unflinching series in which three strangers bound by a shared tragedy find unexpected solidarity. Produced by Apple TV+ (1999).
TITLE_003175,A tender limited series in which two people who built walls against vulnerability slowly and reluctantly dismantle them together. Produced by Apple TV+ (2011).
TITLE_003176,A nuanced limited series that examines the quiet cost of ambition and the unspoken sacrifices we make for the people we love. Produced by Netflix Studios (2003).
TITLE_003177,A bold animated limited series that challenges the boundaries of the form while delivering a story full of wit and genuine emotion. Produced by Warner Bros (1992).
TITLE_003178,"A powerful film exploring the fractured bonds between family members as they navigate grief, guilt, and reconciliation. Produced by Disney (2014)."
TITLE_003179,A slow-burn documentary where a seemingly routine investigation peels back layers of a community's darkest secrets. Produced by Apple TV+ (2000).
TITLE_003180,A bold animated series that challenges the boundaries of the form while delivering a story full of wit and genuine emotion. Produced by Apple TV+ (2019).
TITLE_003181,A taut limited series in which a forensic archivist realizes the cold cases stacking up on her desk share one terrifying pattern. Produced by Apple TV+ (2006).
TITLE_003182,A tender yet unflinching limited series in which three strangers bound by a shared tragedy find unexpected solidarity. Produced by Netflix Studios (2008).
TITLE_003183,"A bittersweet romantic limited series following star-crossed lovers whose timing always seems to be precisely, maddeningly off. Produced by Sony (2007)."
TITLE_003184,An explosive documentary following a disgraced soldier who must go rogue to expose corruption at the highest levels of government. Produced by Netflix Studios (2007).
TITLE_003185,A visionary science fiction limited series set in a near future where artificial intelligence has fundamentally reshaped what it means to be human. Produced by Disney (1998).
TITLE_003186,A visually stunning animated documentary about an unlikely band of heroes who must defend their enchanted homeland from an ancient darkness. Produced by Warner Bros (1988).
TITLE_003187,"A sweeping romance spanning three decades, exploring how first love quietly shapes every significant decision that follows. Produced by Netflix Studios (1998)."
TITLE_003188,A taut film in which a forensic archivist realizes the cold cases stacking up on her desk share one terrifying pattern. Produced by Netflix Studios (1984).
TITLE_003189,A visionary science fiction limited series set in a near future where artificial intelligence has fundamentally reshaped what it means to be human. Produced by Paramount (1999).
TITLE_003190,A chilling psychological series in which a family discovers their renovated home was built atop the site of something unspeakable. Produced by Disney (2015).
TITLE_003191,A chilling psychological limited series in which a family discovers their renovated home was built atop the site of something unspeakable. Produced by Apple TV+ (2015).
TITLE_003192,A hilarious special following a group of well-meaning misfits whose cross-country trip descends into spectacular chaos. Produced by Warner Bros (1985).
TITLE_003193,A hilarious series following a group of well-meaning misfits whose cross-country trip descends into spectacular chaos. Produced by Warner Bros (1983).
TITLE_003194,A hilarious documentary following a group of well-meaning misfits whose cross-country trip descends into spectacular chaos. Produced by Disney (2018).
TITLE_003195,A sharp satirical documentary skewering corporate culture through the eyes of the most reluctant middle manager alive. Produced by Apple TV+ (2017).
TITLE_003196,"A bittersweet romantic documentary following star-crossed lovers whose timing always seems to be precisely, maddeningly off. Produced by Netflix Studios (2015)."
TITLE_003197,A terrifying documentary following a group of strangers stranded in a remote wilderness as something ancient and patient closes in. Produced by Disney (2002).
TITLE_003198,A gripping psychological documentary where a seasoned detective discovers the prime suspect may be hiding in plain sight. Produced by Netflix Studios (1999).
TITLE_003199,A visually stunning animated special about an unlikely band of heroes who must defend their enchanted homeland from an ancient darkness. Produced by Warner Bros (2021).
TITLE_003200,A cerebral science fiction special about a theoretical physicist whose containment breach tears a hole in the fabric of spacetime. Produced by Disney (1994).
TITLE_003201,A terrifying series following a group of strangers stranded in a remote wilderness as something ancient and patient closes in. Produced by Apple TV+ (1987).
TITLE_003202,An imaginative animated documentary that takes a young protagonist on a breathtaking journey through a world governed by forgotten magic. Produced by Disney (2021).
TITLE_003203,A chilling psychological documentary in which a family discovers their renovated home was built atop the site of something unspeakable. Produced by Sony (1994).
TITLE_003204,A cerebral science fiction limited series about a theoretical physicist whose containment breach tears a hole in the fabric of spacetime. Produced by Sony (2000).
TITLE_003205,A visionary science fiction series set in a near future where artificial intelligence has fundamentally reshaped what it means to be human. Produced by Paramount (1993).
TITLE_003206,A charming film centered on a chaotic workplace where every attempt to impose order results in glorious failure. Produced by Apple TV+ (1985).
TITLE_003207,"A powerful limited series exploring the fractured bonds between family members as they navigate grief, guilt, and reconciliation. Produced by Warner Bros (2019)."
TITLE_003208,A bleak yet hopeful special depicting a generation born on a generation ship who have never seen Earth and no longer believe in it. Produced by Apple TV+ (2011).
TITLE_003209,A gripping psychological limited series where a seasoned detective discovers the prime suspect may be hiding in plain sight. Produced by Disney (1997).
TITLE_003210,A bleak yet hopeful documentary depicting a generation born on a generation ship who have never seen Earth and no longer believe in it. Produced by Netflix Studios (2014).
TITLE_003211,A tender limited series in which two people who built walls against vulnerability slowly and reluctantly dismantle them together. Produced by Paramount (2008).
TITLE_003212,"A powerful limited series exploring the fractured bonds between family members as they navigate grief, guilt, and reconciliation. Produced by Warner Bros (1985)."
TITLE_003213,A bleak yet hopeful series depicting a generation born on a generation ship who have never seen Earth and no longer believe in it. Produced by Paramount (1999).
TITLE_003214,A suspenseful documentary about a cybersecurity analyst who uncovers a conspiracy that reaches the highest corridors of power. Produced by Warner Bros (2010).
TITLE_003215,A charming special centered on a chaotic workplace where every attempt to impose order results in glorious failure. Produced by Sony (1991).
TITLE_003216,"A heartfelt documentary about two strangers whose lives intersect at a critical crossroads, leading to unexpected and inconvenient love. Produced by Warner Bros (1998)."
TITLE_003217,A pulse-pounding film where a covert operative races against time to prevent a global catastrophe. Produced by Netflix Studios (2019).
TITLE_003218,A slow-dread film exploring the horror of losing trust in your own perception of reality. Produced by Netflix Studios (1987).
TITLE_003219,A sharp satirical documentary skewering corporate culture through the eyes of the most reluctant middle manager alive. Produced by Paramount (2023).
TITLE_003220,A bold animated series that challenges the boundaries of the form while delivering a story full of wit and genuine emotion. Produced by Apple TV+ (1983).
TITLE_003221,"A heartwarming animated film that uses the adventures of misfit characters to explore belonging, courage, and found family. Produced by Paramount (2010)."
TITLE_003222,A slow-burn documentary where a seemingly routine investigation peels back layers of a community's darkest secrets. Produced by Apple TV+ (1997).
TITLE_003223,A slow-burn limited series where a seemingly routine investigation peels back layers of a community's darkest secrets. Produced by Warner Bros (1992).
TITLE_003224,A slow-dread film exploring the horror of losing trust in your own perception of reality. Produced by Paramount (1993).
TITLE_003225,A slow-dread series exploring the horror of losing trust in your own perception of reality. Produced by Paramount (1990).
TITLE_003226,A bleak yet hopeful special depicting a generation born on a generation ship who have never seen Earth and no longer believe in it. Produced by Paramount (1982).
TITLE_003227,A slow-burn limited series where a seemingly routine investigation peels back layers of a community's darkest secrets. Produced by Disney (1996).
TITLE_003228,A bleak yet hopeful film depicting a generation born on a generation ship who have never seen Earth and no longer believe in it. Produced by Universal (2020).
TITLE_003229,A sharp satirical film skewering corporate culture through the eyes of the most reluctant middle manager alive. Produced by Paramount (2020).
TITLE_003230,A bold animated special that challenges the boundaries of the form while delivering a story full of wit and genuine emotion. Produced by Netflix Studios (1998).
TITLE_003231,A charming limited series centered on a chaotic workplace where every attempt to impose order results in glorious failure. Produced by Disney (2016).
TITLE_003232,A witty special about a small-town dreamer who accidentally becomes the most controversial person in a major city. Produced by Sony (1992).
TITLE_003233,A visually stunning animated documentary about an unlikely band of heroes who must defend their enchanted homeland from an ancient darkness. Produced by Sony (1981).
TITLE_003234,A suspenseful documentary about a cybersecurity analyst who uncovers a conspiracy that reaches the highest corridors of power. Produced by Netflix Studios (1991).
TITLE_003235,A terrifying film following a group of strangers stranded in a remote wilderness as something ancient and patient closes in. Produced by Paramount (1988).
TITLE_003236,A nuanced special that examines the quiet cost of ambition and the unspoken sacrifices we make for the people we love. Produced by Paramount (2021).
TITLE_003237,A bold animated series that challenges the boundaries of the form while delivering a story full of wit and genuine emotion. Produced by Sony (2008).
TITLE_003238,An imaginative animated limited series that takes a young protagonist on a breathtaking journey through a world governed by forgotten magic. Produced by Disney (2003).
TITLE_003239,A tender yet unflinching documentary in which three strangers bound by a shared tragedy find unexpected solidarity. Produced by Warner Bros (2016).
TITLE_003240,"An adrenaline-fueled documentary in which rival factions clash across three continents, leaving a trail of deception and betrayal. Produced by Universal (2001)."
TITLE_003241,An imaginative animated series that takes a young protagonist on a breathtaking journey through a world governed by forgotten magic. Produced by Warner Bros (2003).
TITLE_003242,A high-octane special about a former special forces veteran pulled back into the field for one last impossible mission. Produced by Apple TV+ (2024).
TITLE_003243,A high-octane film about a former special forces veteran pulled back into the field for one last impossible mission. Produced by Warner Bros (2000).
TITLE_003244,"A powerful series exploring the fractured bonds between family members as they navigate grief, guilt, and reconciliation. Produced by Paramount (1997)."
TITLE_003245,A nuanced special that examines the quiet cost of ambition and the unspoken sacrifices we make for the people we love. Produced by Disney (1994).
TITLE_003246,A bold animated series that challenges the boundaries of the form while delivering a story full of wit and genuine emotion. Produced by Universal (2020).
TITLE_003247,A taut film in which a forensic archivist realizes the cold cases stacking up on her desk share one terrifying pattern. Produced by Warner Bros (1996).
TITLE_003248,"A bittersweet romantic limited series following star-crossed lovers whose timing always seems to be precisely, maddeningly off. Produced by Paramount (2000)."
TITLE_003249,A bone-chilling film where a marine biologist's deep-sea expedition surfaces a creature that should not exist. Produced by Paramount (2000).
TITLE_003250,A terrifying series following a group of strangers stranded in a remote wilderness as something ancient and patient closes in. Produced by Paramount (1990).
TITLE_003251,A sharp satirical series skewering corporate culture through the eyes of the most reluctant middle manager alive. Produced by Universal (2002).
TITLE_003252,A thought-provoking series exploring the ethical fractures that open when deep-space colonization forces humanity to redefine citizenship. Produced by Sony (1992).
TITLE_003253,A cerebral science fiction limited series about a theoretical physicist whose containment breach tears a hole in the fabric of spacetime. Produced by Disney (1988).
TITLE_003254,A nuanced documentary that examines the quiet cost of ambition and the unspoken sacrifices we make for the people we love. Produced by Netflix Studios (2008).
TITLE_003255,A tender limited series in which two people who built walls against vulnerability slowly and reluctantly dismantle them together. Produced by Netflix Studios (2015).
TITLE_003256,A slow-burn special where a seemingly routine investigation peels back layers of a community's darkest secrets. Produced by Netflix Studios (2005).
TITLE_003257,"A heartfelt series about two strangers whose lives intersect at a critical crossroads, leading to unexpected and inconvenient love. Produced by Apple TV+ (2018)."
TITLE_003258,A bleak yet hopeful special depicting a generation born on a generation ship who have never seen Earth and no longer believe in it. Produced by Apple TV+ (2010).
TITLE_003259,"A powerful documentary exploring the fractured bonds between family members as they navigate grief, guilt, and reconciliation. Produced by Disney (1982)."
TITLE_003260,An emotionally charged limited series about an individual's struggle to rebuild identity and purpose after an unexpected personal collapse. Produced by Universal (1994).
TITLE_003261,A slow-dread documentary exploring the horror of losing trust in your own perception of reality. Produced by Apple TV+ (1986).
TITLE_003262,"A heartwarming animated documentary that uses the adventures of misfit characters to explore belonging, courage, and found family. Produced by Netflix Studios (2021)."
TITLE_003263,A tender film in which two people who built walls against vulnerability slowly and reluctantly dismantle them together. Produced by Sony (1995).
TITLE_003264,"A heartwarming animated documentary that uses the adventures of misfit characters to explore belonging, courage, and found family. Produced by Netflix Studios (1985)."
TITLE_003265,A gripping psychological series where a seasoned detective discovers the prime suspect may be hiding in plain sight. Produced by Netflix Studios (2007).
TITLE_003266,An explosive film following a disgraced soldier who must go rogue to expose corruption at the highest levels of government. Produced by Disney (1999).
TITLE_003267,"An adrenaline-fueled special in which rival factions clash across three continents, leaving a trail of deception and betrayal. Produced by Paramount (2000)."
TITLE_003268,A nuanced special that examines the quiet cost of ambition and the unspoken sacrifices we make for the people we love. Produced by Warner Bros (1981).
TITLE_003269,A slow-burn documentary where a seemingly routine investigation peels back layers of a community's darkest secrets. Produced by Disney (2007).
TITLE_003270,An emotionally charged series about an individual's struggle to rebuild identity and purpose after an unexpected personal collapse. Produced by Universal (2006).
TITLE_003271,A bone-chilling series where a marine biologist's deep-sea expedition surfaces a creature that should not exist. Produced by Disney (1986).
TITLE_003272,A visually stunning animated special about an unlikely band of heroes who must defend their enchanted homeland from an ancient darkness. Produced by Netflix Studios (2009).
TITLE_003273,A witty documentary about a small-town dreamer who accidentally becomes the most controversial person in a major city. Produced by Paramount (2012).
TITLE_003274,"A powerful film exploring the fractured bonds between family members as they navigate grief, guilt, and reconciliation. Produced by Netflix Studios (2015)."
TITLE_003275,"A sweeping romance spanning three decades, exploring how first love quietly shapes every significant decision that follows. Produced by Paramount (1987)."
TITLE_003276,A visionary science fiction documentary set in a near future where artificial intelligence has fundamentally reshaped what it means to be human. Produced by Sony (1990).
TITLE_003277,An imaginative animated limited series that takes a young protagonist on a breathtaking journey through a world governed by forgotten magic. Produced by Paramount (1988).
TITLE_003278,A slow-burn special where a seemingly routine investigation peels back layers of a community's darkest secrets. Produced by Apple TV+ (2004).
TITLE_003279,A witty documentary about a small-town dreamer who accidentally becomes the most controversial person in a major city. Produced by Warner Bros (1991).
TITLE_003280,An emotionally charged limited series about an individual's struggle to rebuild identity and purpose after an unexpected personal collapse. Produced by Warner Bros (2017).
TITLE_003281,A witty documentary about a small-town dreamer who accidentally becomes the most controversial person in a major city. Produced by Disney (1990).
TITLE_003282,An emotionally charged film about an individual's struggle to rebuild identity and purpose after an unexpected personal collapse. Produced by Paramount (2003).
TITLE_003283,A high-octane limited series about a former special forces veteran pulled back into the field for one last impossible mission. Produced by Disney (2018).
TITLE_003284,An emotionally charged special about an individual's struggle to rebuild identity and purpose after an unexpected personal collapse. Produced by Universal (2003).
TITLE_003285,An explosive special following a disgraced soldier who must go rogue to expose corruption at the highest levels of government. Produced by Paramount (2001).
TITLE_003286,A tender series in which two people who built walls against vulnerability slowly and reluctantly dismantle them together. Produced by Sony (1996).
TITLE_003287,A suspenseful limited series about a cybersecurity analyst who uncovers a conspiracy that reaches the highest corridors of power. Produced by Apple TV+ (2012).
TITLE_003288,A gripping psychological special where a seasoned detective discovers the prime suspect may be hiding in plain sight. Produced by Disney (1980).
TITLE_003289,"A sweeping romance spanning three decades, exploring how first love quietly shapes every significant decision that follows. Produced by Disney (1983)."
TITLE_003290,A taut film in which a forensic archivist realizes the cold cases stacking up on her desk share one terrifying pattern. Produced by Netflix Studios (2008).
TITLE_003291,A high-octane limited series about a former special forces veteran pulled back into the field for one last impossible mission. Produced by Warner Bros (1998).
TITLE_003292,A witty special about a small-town dreamer who accidentally becomes the most controversial person in a major city. Produced by Paramount (1985).
TITLE_003293,A bone-chilling documentary where a marine biologist's deep-sea expedition surfaces a creature that should not exist. Produced by Apple TV+ (2007).
TITLE_003294,"A sweeping romance spanning three decades, exploring how first love quietly shapes every significant decision that follows. Produced by Paramount (2006)."
TITLE_003295,"A heartwarming animated series that uses the adventures of misfit characters to explore belonging, courage, and found family. Produced by Sony (2012)."
TITLE_003296,A high-octane documentary about a former special forces veteran pulled back into the field for one last impossible mission. Produced by Sony (1981).
TITLE_003297,"A powerful film exploring the fractured bonds between family members as they navigate grief, guilt, and reconciliation. Produced by Sony (1981)."
TITLE_003298,A visually stunning animated film about an unlikely band of heroes who must defend their enchanted homeland from an ancient darkness. Produced by Paramount (1991).
TITLE_003299,A gripping psychological documentary where a seasoned detective discovers the prime suspect may be hiding in plain sight. Produced by Netflix Studios (1993).
TITLE_003300,"An adrenaline-fueled series in which rival factions clash across three continents, leaving a trail of deception and betrayal. Produced by Apple TV+ (2007)."
TITLE_003301,A pulse-pounding documentary where a covert operative races against time to prevent a global catastrophe. Produced by Warner Bros (1997).
TITLE_003302,A high-octane documentary about a former special forces veteran pulled back into the field for one last impossible mission. Produced by Disney (1995).
TITLE_003303,"A powerful limited series exploring the fractured bonds between family members as they navigate grief, guilt, and reconciliation. Produced by Sony (2005)."
TITLE_003304,An emotionally charged special about an individual's struggle to rebuild identity and purpose after an unexpected personal collapse. Produced by Warner Bros (2002).
TITLE_003305,"A heartwarming animated film that uses the adventures of misfit characters to explore belonging, courage, and found family. Produced by Universal (2006)."
TITLE_003306,A bone-chilling documentary where a marine biologist's deep-sea expedition surfaces a creature that should not exist. Produced by Netflix Studios (2022).
TITLE_003307,"A heartwarming animated film that uses the adventures of misfit characters to explore belonging, courage, and found family. Produced by Disney (2004)."
TITLE_003308,A charming documentary centered on a chaotic workplace where every attempt to impose order results in glorious failure. Produced by Apple TV+ (1998).
TITLE_003309,A bold animated series that challenges the boundaries of the form while delivering a story full of wit and genuine emotion. Produced by Warner Bros (1987).
TITLE_003310,A gripping psychological special where a seasoned detective discovers the prime suspect may be hiding in plain sight. Produced by Sony (2009).
TITLE_003311,A thought-provoking special exploring the ethical fractures that open when deep-space colonization forces humanity to redefine citizenship. Produced by Apple TV+ (2011).
TITLE_003312,A thought-provoking film exploring the ethical fractures that open when deep-space colonization forces humanity to redefine citizenship. Produced by Apple TV+ (2014).
TITLE_003313,"A bittersweet romantic film following star-crossed lovers whose timing always seems to be precisely, maddeningly off. Produced by Warner Bros (1994)."
TITLE_003314,"A heartfelt film about two strangers whose lives intersect at a critical crossroads, leading to unexpected and inconvenient love. Produced by Sony (2007)."
TITLE_003315,A slow-dread series exploring the horror of losing trust in your own perception of reality. Produced by Paramount (1981).
TITLE_003316,An explosive special following a disgraced soldier who must go rogue to expose corruption at the highest levels of government. Produced by Sony (1993).
TITLE_003317,A nuanced limited series that examines the quiet cost of ambition and the unspoken sacrifices we make for the people we love. Produced by Netflix Studios (2009).
TITLE_003318,A pulse-pounding special where a covert operative races against time to prevent a global catastrophe. Produced by Paramount (2013).
TITLE_003319,A terrifying special following a group of strangers stranded in a remote wilderness as something ancient and patient closes in. Produced by Universal (2013).
TITLE_003320,A bleak yet hopeful special depicting a generation born on a generation ship who have never seen Earth and no longer believe in it. Produced by Sony (2001).
TITLE_003321,"A heartfelt documentary about two strangers whose lives intersect at a critical crossroads, leading to unexpected and inconvenient love. Produced by Disney (2008)."
TITLE_003322,An imaginative animated limited series that takes a young protagonist on a breathtaking journey through a world governed by forgotten magic. Produced by Disney (2000).
TITLE_003323,A visionary science fiction special set in a near future where artificial intelligence has fundamentally reshaped what it means to be human. Produced by Netflix Studios (1994).
TITLE_003324,A gripping psychological series where a seasoned detective discovers the prime suspect may be hiding in plain sight. Produced by Warner Bros (1983).
TITLE_003325,"A sweeping romance spanning three decades, exploring how first love quietly shapes every significant decision that follows. Produced by Paramount (2000)."
TITLE_003326,A suspenseful limited series about a cybersecurity analyst who uncovers a conspiracy that reaches the highest corridors of power. Produced by Warner Bros (2019).
TITLE_003327,"A heartfelt series about two strangers whose lives intersect at a critical crossroads, leading to unexpected and inconvenient love. Produced by Warner Bros (1995)."
TITLE_003328,A hilarious documentary following a group of well-meaning misfits whose cross-country trip descends into spectacular chaos. Produced by Netflix Studios (1985).
TITLE_003329,A hilarious film following a group of well-meaning misfits whose cross-country trip descends into spectacular chaos. Produced by Universal (2002).
TITLE_003330,A sharp satirical film skewering corporate culture through the eyes of the most reluctant middle manager alive. Produced by Disney (2016).
TITLE_003331,A slow-burn series where a seemingly routine investigation peels back layers of a community's darkest secrets. Produced by Universal (1995).
TITLE_003332,A thought-provoking series exploring the ethical fractures that open when deep-space colonization forces humanity to redefine citizenship. Produced by Universal (2000).
TITLE_003333,"A bittersweet romantic film following star-crossed lovers whose timing always seems to be precisely, maddeningly off. Produced by Apple TV+ (2002)."
TITLE_003334,A tender limited series in which two people who built walls against vulnerability slowly and reluctantly dismantle them together. Produced by Disney (2005).
TITLE_003335,A gripping psychological series where a seasoned detective discovers the prime suspect may be hiding in plain sight. Produced by Sony (1980).
TITLE_003336,A witty special about a small-town dreamer who accidentally becomes the most controversial person in a major city. Produced by Netflix Studios (1988).
TITLE_003337,"A bittersweet romantic special following star-crossed lovers whose timing always seems to be precisely, maddeningly off. Produced by Paramount (2023)."
TITLE_003338,A tender special in which two people who built walls against vulnerability slowly and reluctantly dismantle them together. Produced by Sony (2022).
TITLE_003339,"A heartfelt special about two strangers whose lives intersect at a critical crossroads, leading to unexpected and inconvenient love. Produced by Warner Bros (2025)."
TITLE_003340,A tender yet unflinching film in which three strangers bound by a shared tragedy find unexpected solidarity. Produced by Warner Bros (2007).
TITLE_003341,A chilling psychological limited series in which a family discovers their renovated home was built atop the site of something unspeakable. Produced by Universal (2010).
TITLE_003342,A pulse-pounding limited series where a covert operative races against time to prevent a global catastrophe. Produced by Netflix Studios (2025).
TITLE_003343,A visually stunning animated documentary about an unlikely band of heroes who must defend their enchanted homeland from an ancient darkness. Produced by Paramount (2017).
TITLE_003344,"A bittersweet romantic limited series following star-crossed lovers whose timing always seems to be precisely, maddeningly off. Produced by Netflix Studios (1990)."
TITLE_003345,"A heartwarming animated film that uses the adventures of misfit characters to explore belonging, courage, and found family. Produced by Warner Bros (1984)."
TITLE_003346,A witty series about a small-town dreamer who accidentally becomes the most controversial person in a major city. Produced by Apple TV+ (2024).
TITLE_003347,"An adrenaline-fueled documentary in which rival factions clash across three continents, leaving a trail of deception and betrayal. Produced by Disney (2011)."
TITLE_003348,An emotionally charged film about an individual's struggle to rebuild identity and purpose after an unexpected personal collapse. Produced by Apple TV+ (2018).
TITLE_003349,A taut documentary in which a forensic archivist realizes the cold cases stacking up on her desk share one terrifying pattern. Produced by Netflix Studios (1987).
TITLE_003350,A high-octane documentary about a former special forces veteran pulled back into the field for one last impossible mission. Produced by Warner Bros (1985).
TITLE_003351,A bleak yet hopeful limited series depicting a generation born on a generation ship who have never seen Earth and no longer believe in it. Produced by Warner Bros (1988).
TITLE_003352,A sharp satirical series skewering corporate culture through the eyes of the most reluctant middle manager alive. Produced by Netflix Studios (1988).
TITLE_003353,"An adrenaline-fueled limited series in which rival factions clash across three continents, leaving a trail of deception and betrayal. Produced by Sony (1989)."
TITLE_003354,A slow-burn series where a seemingly routine investigation peels back layers of a community's darkest secrets. Produced by Apple TV+ (2023).
TITLE_003355,A tender yet unflinching special in which three strangers bound by a shared tragedy find unexpected solidarity. Produced by Warner Bros (2003).
TITLE_003356,A nuanced documentary that examines the quiet cost of ambition and the unspoken sacrifices we make for the people we love. Produced by Universal (1999).
TITLE_003357,A bleak yet hopeful film depicting a generation born on a generation ship who have never seen Earth and no longer believe in it. Produced by Warner Bros (2011).
TITLE_003358,A high-octane film about a former special forces veteran pulled back into the field for one last impossible mission. Produced by Disney (1998).
TITLE_003359,A witty documentary about a small-town dreamer who accidentally becomes the most controversial person in a major city. Produced by Netflix Studios (1986).
TITLE_003360,An emotionally charged documentary about an individual's struggle to rebuild identity and purpose after an unexpected personal collapse. Produced by Sony (2015).
TITLE_003361,A tender documentary in which two people who built walls against vulnerability slowly and reluctantly dismantle them together. Produced by Universal (1987).
TITLE_003362,A slow-burn documentary where a seemingly routine investigation peels back layers of a community's darkest secrets. Produced by Apple TV+ (2023).
TITLE_003363,A pulse-pounding special where a covert operative races against time to prevent a global catastrophe. Produced by Netflix Studios (2014).
TITLE_003364,A tender yet unflinching special in which three strangers bound by a shared tragedy find unexpected solidarity. Produced by Apple TV+ (1997).
TITLE_003365,A taut special in which a forensic archivist realizes the cold cases stacking up on her desk share one terrifying pattern. Produced by Apple TV+ (2025).
TITLE_003366,A visually stunning animated limited series about an unlikely band of heroes who must defend their enchanted homeland from an ancient darkness. Produced by Universal (1995).
TITLE_003367,A cerebral science fiction special about a theoretical physicist whose containment breach tears a hole in the fabric of spacetime. Produced by Universal (2019).
TITLE_003368,A tender yet unflinching special in which three strangers bound by a shared tragedy find unexpected solidarity. Produced by Paramount (2017).
TITLE_003369,A tender yet unflinching documentary in which three strangers bound by a shared tragedy find unexpected solidarity. Produced by Sony (2004).
TITLE_003370,A bleak yet hopeful limited series depicting a generation born on a generation ship who have never seen Earth and no longer believe in it. Produced by Universal (2007).
TITLE_003371,A cerebral science fiction documentary about a theoretical physicist whose containment breach tears a hole in the fabric of spacetime. Produced by Sony (2016).
TITLE_003372,A terrifying series following a group of strangers stranded in a remote wilderness as something ancient and patient closes in. Produced by Paramount (1990).
TITLE_003373,A charming film centered on a chaotic workplace where every attempt to impose order results in glorious failure. Produced by Disney (2010).
TITLE_003374,An explosive special following a disgraced soldier who must go rogue to expose corruption at the highest levels of government. Produced by Universal (2005).
TITLE_003375,A witty limited series about a small-town dreamer who accidentally becomes the most controversial person in a major city. Produced by Universal (1997).
TITLE_003376,A suspenseful series about a cybersecurity analyst who uncovers a conspiracy that reaches the highest corridors of power. Produced by Sony (1986).
TITLE_003377,A chilling psychological series in which a family discovers their renovated home was built atop the site of something unspeakable. Produced by Paramount (2017).
TITLE_003378,"A heartwarming animated special that uses the adventures of misfit characters to explore belonging, courage, and found family. Produced by Warner Bros (2001)."
TITLE_003379,"A sweeping romance spanning three decades, exploring how first love quietly shapes every significant decision that follows. Produced by Paramount (1994)."
TITLE_003380,A chilling psychological film in which a family discovers their renovated home was built atop the site of something unspeakable. Produced by Netflix Studios (2004).
TITLE_003381,A witty special about a small-town dreamer who accidentally becomes the most controversial person in a major city. Produced by Paramount (1999).
TITLE_003382,A chilling psychological special in which a family discovers their renovated home was built atop the site of something unspeakable. Produced by Sony (2004).
TITLE_003383,"A heartfelt documentary about two strangers whose lives intersect at a critical crossroads, leading to unexpected and inconvenient love. Produced by Paramount (2009)."
TITLE_003384,A thought-provoking film exploring the ethical fractures that open when deep-space colonization forces humanity to redefine citizenship. Produced by Apple TV+ (2002).
TITLE_003385,A bleak yet hopeful film depicting a generation born on a generation ship who have never seen Earth and no longer believe in it. Produced by Apple TV+ (1996).
TITLE_003386,A tender yet unflinching special in which three strangers bound by a shared tragedy find unexpected solidarity. Produced by Netflix Studios (2019).
TITLE_003387,A slow-burn film where a seemingly routine investigation peels back layers of a community's darkest secrets. Produced by Apple TV+ (2018).
TITLE_003388,A slow-dread series exploring the horror of losing trust in your own perception of reality. Produced by Sony (1988).
TITLE_003389,A terrifying special following a group of strangers stranded in a remote wilderness as something ancient and patient closes in. Produced by Paramount (2013).
TITLE_003390,A sharp satirical film skewering corporate culture through the eyes of the most reluctant middle manager alive. Produced by Sony (2017).
TITLE_003391,A high-octane special about a former special forces veteran pulled back into the field for one last impossible mission. Produced by Disney (2022).
TITLE_003392,A gripping psychological documentary where a seasoned detective discovers the prime suspect may be hiding in plain sight. Produced by Netflix Studios (1984).
TITLE_003393,A taut documentary in which a forensic archivist realizes the cold cases stacking up on her desk share one terrifying pattern. Produced by Netflix Studios (1986).
TITLE_003394,A witty film about a small-town dreamer who accidentally becomes the most controversial person in a major city. Produced by Warner Bros (1997).
TITLE_003395,A taut series in which a forensic archivist realizes the cold cases stacking up on her desk share one terrifying pattern. Produced by Sony (2014).
TITLE_003396,A bone-chilling film where a marine biologist's deep-sea expedition surfaces a creature that should not exist. Produced by Universal (2002).
TITLE_003397,A thought-provoking series exploring the ethical fractures that open when deep-space colonization forces humanity to redefine citizenship. Produced by Paramount (2020).
TITLE_003398,A hilarious film following a group of well-meaning misfits whose cross-country trip descends into spectacular chaos. Produced by Sony (2024).
TITLE_003399,A thought-provoking film exploring the ethical fractures that open when deep-space colonization forces humanity to redefine citizenship. Produced by Netflix Studios (1987).
TITLE_003400,"A sweeping romance spanning three decades, exploring how first love quietly shapes every significant decision that follows. Produced by Netflix Studios (1986)."
TITLE_003401,A chilling psychological special in which a family discovers their renovated home was built atop the site of something unspeakable. Produced by Disney (2006).
TITLE_003402,"A heartwarming animated documentary that uses the adventures of misfit characters to explore belonging, courage, and found family. Produced by Universal (2009)."
TITLE_003403,"A bittersweet romantic documentary following star-crossed lovers whose timing always seems to be precisely, maddeningly off. Produced by Universal (1990)."
TITLE_003404,A charming film centered on a chaotic workplace where every attempt to impose order results in glorious failure. Produced by Warner Bros (1989).
TITLE_003405,A thought-provoking series exploring the ethical fractures that open when deep-space colonization forces humanity to redefine citizenship. Produced by Netflix Studios (2017).
TITLE_003406,A cerebral science fiction limited series about a theoretical physicist whose containment breach tears a hole in the fabric of spacetime. Produced by Universal (2005).
TITLE_003407,A slow-dread film exploring the horror of losing trust in your own perception of reality. Produced by Sony (2022).
TITLE_003408,A cerebral science fiction film about a theoretical physicist whose containment breach tears a hole in the fabric of spacetime. Produced by Paramount (1995).
TITLE_003409,A thought-provoking special exploring the ethical fractures that open when deep-space colonization forces humanity to redefine citizenship. Produced by Disney (1982).
TITLE_003410,A bleak yet hopeful special depicting a generation born on a generation ship who have never seen Earth and no longer believe in it. Produced by Warner Bros (2025).
TITLE_003411,A hilarious series following a group of well-meaning misfits whose cross-country trip descends into spectacular chaos. Produced by Warner Bros (1990).
TITLE_003412,"An adrenaline-fueled special in which rival factions clash across three continents, leaving a trail of deception and betrayal. Produced by Netflix Studios (2018)."
TITLE_003413,A terrifying limited series following a group of strangers stranded in a remote wilderness as something ancient and patient closes in. Produced by Warner Bros (2019).
TITLE_003414,A taut film in which a forensic archivist realizes the cold cases stacking up on her desk share one terrifying pattern. Produced by Apple TV+ (2017).
TITLE_003415,A high-octane documentary about a former special forces veteran pulled back into the field for one last impossible mission. Produced by Disney (2001).
TITLE_003416,A visionary science fiction limited series set in a near future where artificial intelligence has fundamentally reshaped what it means to be human. Produced by Netflix Studios (1988).
TITLE_003417,A visionary science fiction limited series set in a near future where artificial intelligence has fundamentally reshaped what it means to be human. Produced by Paramount (2017).
TITLE_003418,A charming film centered on a chaotic workplace where every attempt to impose order results in glorious failure. Produced by Universal (2013).
TITLE_003419,A nuanced film that examines the quiet cost of ambition and the unspoken sacrifices we make for the people we love. Produced by Disney (2018).
TITLE_003420,An explosive documentary following a disgraced soldier who must go rogue to expose corruption at the highest levels of government. Produced by Sony (2017).
TITLE_003421,An emotionally charged special about an individual's struggle to rebuild identity and purpose after an unexpected personal collapse. Produced by Universal (2011).
TITLE_003422,A thought-provoking series exploring the ethical fractures that open when deep-space colonization forces humanity to redefine citizenship. Produced by Warner Bros (2005).
TITLE_003423,A bone-chilling limited series where a marine biologist's deep-sea expedition surfaces a creature that should not exist. Produced by Paramount (2005).
TITLE_003424,A tender yet unflinching series in which three strangers bound by a shared tragedy find unexpected solidarity. Produced by Warner Bros (2011).
TITLE_003425,A slow-burn documentary where a seemingly routine investigation peels back layers of a community's darkest secrets. Produced by Disney (2017).
TITLE_003426,A taut limited series in which a forensic archivist realizes the cold cases stacking up on her desk share one terrifying pattern. Produced by Paramount (2012).
TITLE_003427,A cerebral science fiction special about a theoretical physicist whose containment breach tears a hole in the fabric of spacetime. Produced by Sony (2020).
TITLE_003428,"A powerful film exploring the fractured bonds between family members as they navigate grief, guilt, and reconciliation. Produced by Paramount (2005)."
TITLE_003429,A witty special about a small-town dreamer who accidentally becomes the most controversial person in a major city. Produced by Disney (1981).
TITLE_003430,A pulse-pounding limited series where a covert operative races against time to prevent a global catastrophe. Produced by Sony (2007).
TITLE_003431,A witty limited series about a small-town dreamer who accidentally becomes the most controversial person in a major city. Produced by Apple TV+ (1981).
TITLE_003432,"A heartfelt film about two strangers whose lives intersect at a critical crossroads, leading to unexpected and inconvenient love. Produced by Sony (2017)."
TITLE_003433,A gripping psychological film where a seasoned detective discovers the prime suspect may be hiding in plain sight. Produced by Paramount (1982).
TITLE_003434,A slow-burn limited series where a seemingly routine investigation peels back layers of a community's darkest secrets. Produced by Netflix Studios (2018).
TITLE_003435,"A bittersweet romantic film following star-crossed lovers whose timing always seems to be precisely, maddeningly off. Produced by Warner Bros (1998)."
TITLE_003436,A bone-chilling special where a marine biologist's deep-sea expedition surfaces a creature that should not exist. Produced by Warner Bros (2010).
TITLE_003437,An emotionally charged limited series about an individual's struggle to rebuild identity and purpose after an unexpected personal collapse. Produced by Disney (2023).
TITLE_003438,"A heartwarming animated limited series that uses the adventures of misfit characters to explore belonging, courage, and found family. Produced by Warner Bros (2022)."
TITLE_003439,A taut film in which a forensic archivist realizes the cold cases stacking up on her desk share one terrifying pattern. Produced by Disney (2005).
TITLE_003440,A visionary science fiction series set in a near future where artificial intelligence has fundamentally reshaped what it means to be human. Produced by Universal (1999).
TITLE_003441,A bold animated limited series that challenges the boundaries of the form while delivering a story full of wit and genuine emotion. Produced by Warner Bros (2002).
TITLE_003442,A hilarious documentary following a group of well-meaning misfits whose cross-country trip descends into spectacular chaos. Produced by Disney (2010).
TITLE_003443,A high-octane special about a former special forces veteran pulled back into the field for one last impossible mission. Produced by Warner Bros (2004).
TITLE_003444,"A heartfelt documentary about two strangers whose lives intersect at a critical crossroads, leading to unexpected and inconvenient love. Produced by Netflix Studios (1987)."
TITLE_003445,A visionary science fiction special set in a near future where artificial intelligence has fundamentally reshaped what it means to be human. Produced by Sony (2007).
TITLE_003446,A cerebral science fiction documentary about a theoretical physicist whose containment breach tears a hole in the fabric of spacetime. Produced by Warner Bros (1982).
TITLE_003447,A sharp satirical special skewering corporate culture through the eyes of the most reluctant middle manager alive. Produced by Paramount (1995).
TITLE_003448,A bone-chilling series where a marine biologist's deep-sea expedition surfaces a creature that should not exist. Produced by Disney (1990).
TITLE_003449,"A bittersweet romantic limited series following star-crossed lovers whose timing always seems to be precisely, maddeningly off. Produced by Disney (1994)."
TITLE_003450,A thought-provoking limited series exploring the ethical fractures that open when deep-space colonization forces humanity to redefine citizenship. Produced by Disney (2013).
TITLE_003451,A witty limited series about a small-town dreamer who accidentally becomes the most controversial person in a major city. Produced by Disney (1997).
TITLE_003452,"A heartwarming animated limited series that uses the adventures of misfit characters to explore belonging, courage, and found family. Produced by Warner Bros (2009)."
TITLE_003453,A pulse-pounding special where a covert operative races against time to prevent a global catastrophe. Produced by Universal (2008).
TITLE_003454,A taut series in which a forensic archivist realizes the cold cases stacking up on her desk share one terrifying pattern. Produced by Paramount (1982).
TITLE_003455,A sharp satirical series skewering corporate culture through the eyes of the most reluctant middle manager alive. Produced by Sony (2004).
TITLE_003456,"A heartfelt film about two strangers whose lives intersect at a critical crossroads, leading to unexpected and inconvenient love. Produced by Paramount (2003)."
TITLE_003457,A slow-dread series exploring the horror of losing trust in your own perception of reality. Produced by Paramount (2004).
TITLE_003458,A bone-chilling film where a marine biologist's deep-sea expedition surfaces a creature that should not exist. Produced by Sony (1998).
TITLE_003459,A pulse-pounding film where a covert operative races against time to prevent a global catastrophe. Produced by Paramount (2008).
TITLE_003460,A bone-chilling limited series where a marine biologist's deep-sea expedition surfaces a creature that should not exist. Produced by Paramount (2014).
TITLE_003461,"A sweeping romance spanning three decades, exploring how first love quietly shapes every significant decision that follows. Produced by Netflix Studios (2011)."
TITLE_003462,A high-octane limited series about a former special forces veteran pulled back into the field for one last impossible mission. Produced by Universal (2020).
TITLE_003463,A slow-dread documentary exploring the horror of losing trust in your own perception of reality. Produced by Warner Bros (2014).
TITLE_003464,A visually stunning animated documentary about an unlikely band of heroes who must defend their enchanted homeland from an ancient darkness. Produced by Apple TV+ (2002).
TITLE_003465,A tender yet unflinching special in which three strangers bound by a shared tragedy find unexpected solidarity. Produced by Sony (1989).
TITLE_003466,A bleak yet hopeful limited series depicting a generation born on a generation ship who have never seen Earth and no longer believe in it. Produced by Apple TV+ (2011).
TITLE_003467,A slow-burn special where a seemingly routine investigation peels back layers of a community's darkest secrets. Produced by Netflix Studios (2016).
TITLE_003468,A cerebral science fiction documentary about a theoretical physicist whose containment breach tears a hole in the fabric of spacetime. Produced by Netflix Studios (2019).
TITLE_003469,"A bittersweet romantic documentary following star-crossed lovers whose timing always seems to be precisely, maddeningly off. Produced by Universal (2008)."
TITLE_003470,A charming film centered on a chaotic workplace where every attempt to impose order results in glorious failure. Produced by Netflix Studios (1983).
TITLE_003471,A pulse-pounding series where a covert operative races against time to prevent a global catastrophe. Produced by Universal (2009).
TITLE_003472,A tender yet unflinching special in which three strangers bound by a shared tragedy find unexpected solidarity. Produced by Apple TV+ (1992).
TITLE_003473,A nuanced documentary that examines the quiet cost of ambition and the unspoken sacrifices we make for the people we love. Produced by Warner Bros (2020).
TITLE_003474,A pulse-pounding special where a covert operative races against time to prevent a global catastrophe. Produced by Disney (2014).
TITLE_003475,"An adrenaline-fueled film in which rival factions clash across three continents, leaving a trail of deception and betrayal. Produced by Universal (1992)."
TITLE_003476,A slow-dread film exploring the horror of losing trust in your own perception of reality. Produced by Warner Bros (1986).
TITLE_003477,"A heartfelt series about two strangers whose lives intersect at a critical crossroads, leading to unexpected and inconvenient love. Produced by Sony (1985)."
TITLE_003478,A slow-burn limited series where a seemingly routine investigation peels back layers of a community's darkest secrets. Produced by Netflix Studios (1992).
TITLE_003479,"A heartfelt series about two strangers whose lives intersect at a critical crossroads, leading to unexpected and inconvenient love. Produced by Sony (2016)."
TITLE_003480,A taut special in which a forensic archivist realizes the cold cases stacking up on her desk share one terrifying pattern. Produced by Paramount (2024).
TITLE_003481,"An adrenaline-fueled special in which rival factions clash across three continents, leaving a trail of deception and betrayal. Produced by Universal (2004)."
TITLE_003482,A bleak yet hopeful series depicting a generation born on a generation ship who have never seen Earth and no longer believe in it. Produced by Apple TV+ (2023).
TITLE_003483,A slow-dread limited series exploring the horror of losing trust in your own perception of reality. Produced by Apple TV+ (2013).
TITLE_003484,A gripping psychological film where a seasoned detective discovers the prime suspect may be hiding in plain sight. Produced by Netflix Studios (1992).
TITLE_003485,A visually stunning animated series about an unlikely band of heroes who must defend their enchanted homeland from an ancient darkness. Produced by Netflix Studios (2006).
TITLE_003486,A high-octane special about a former special forces veteran pulled back into the field for one last impossible mission. Produced by Sony (2014).
TITLE_003487,A thought-provoking special exploring the ethical fractures that open when deep-space colonization forces humanity to redefine citizenship. Produced by Paramount (2016).
TITLE_003488,A chilling psychological documentary in which a family discovers their renovated home was built atop the site of something unspeakable. Produced by Sony (2012).
TITLE_003489,An imaginative animated film that takes a young protagonist on a breathtaking journey through a world governed by forgotten magic. Produced by Sony (2014).
TITLE_003490,A witty film about a small-town dreamer who accidentally becomes the most controversial person in a major city. Produced by Disney (1992).
TITLE_003491,A cerebral science fiction documentary about a theoretical physicist whose containment breach tears a hole in the fabric of spacetime. Produced by Universal (2025).
TITLE_003492,A tender yet unflinching special in which three strangers bound by a shared tragedy find unexpected solidarity. Produced by Paramount (2002).
TITLE_003493,A nuanced film that examines the quiet cost of ambition and the unspoken sacrifices we make for the people we love. Produced by Netflix Studios (1984).
TITLE_003494,A bone-chilling series where a marine biologist's deep-sea expedition surfaces a creature that should not exist. Produced by Apple TV+ (1985).
TITLE_003495,A witty series about a small-town dreamer who accidentally becomes the most controversial person in a major city. Produced by Warner Bros (2023).
TITLE_003496,"A heartfelt film about two strangers whose lives intersect at a critical crossroads, leading to unexpected and inconvenient love. Produced by Netflix Studios (1984)."
TITLE_003497,A suspenseful limited series about a cybersecurity analyst who uncovers a conspiracy that reaches the highest corridors of power. Produced by Warner Bros (2011).
TITLE_003498,A nuanced documentary that examines the quiet cost of ambition and the unspoken sacrifices we make for the people we love. Produced by Disney (1998).
TITLE_003499,An imaginative animated documentary that takes a young protagonist on a breathtaking journey through a world governed by forgotten magic. Produced by Netflix Studios (2018).
TITLE_003500,"A heartfelt series about two strangers whose lives intersect at a critical crossroads, leading to unexpected and inconvenient love. Produced by Apple TV+ (1989)."
TITLE_003501,A slow-burn documentary where a seemingly routine investigation peels back layers of a community's darkest secrets. Produced by Paramount (1980).
TITLE_003502,A slow-dread special exploring the horror of losing trust in your own perception of reality. Produced by Sony (2019).
TITLE_003503,A visionary science fiction limited series set in a near future where artificial intelligence has fundamentally reshaped what it means to be human. Produced by Paramount (2013).
TITLE_003504,A bone-chilling limited series where a marine biologist's deep-sea expedition surfaces a creature that should not exist. Produced by Paramount (2018).
TITLE_003505,A suspenseful special about a cybersecurity analyst who uncovers a conspiracy that reaches the highest corridors of power. Produced by Disney (1999).
TITLE_003506,An explosive series following a disgraced soldier who must go rogue to expose corruption at the highest levels of government. Produced by Apple TV+ (2009).
TITLE_003507,A cerebral science fiction series about a theoretical physicist whose containment breach tears a hole in the fabric of spacetime. Produced by Paramount (2002).
TITLE_003508,A visionary science fiction documentary set in a near future where artificial intelligence has fundamentally reshaped what it means to be human. Produced by Warner Bros (2010).
TITLE_003509,An explosive documentary following a disgraced soldier who must go rogue to expose corruption at the highest levels of government. Produced by Universal (2015).
TITLE_003510,A nuanced series that examines the quiet cost of ambition and the unspoken sacrifices we make for the people we love. Produced by Disney (2003).
TITLE_003511,A witty special about a small-town dreamer who accidentally becomes the most controversial person in a major city. Produced by Warner Bros (2004).
TITLE_003512,"A sweeping romance spanning three decades, exploring how first love quietly shapes every significant decision that follows. Produced by Sony (1995)."
TITLE_003513,A bone-chilling series where a marine biologist's deep-sea expedition surfaces a creature that should not exist. Produced by Sony (2017).
TITLE_003514,"A heartwarming animated special that uses the adventures of misfit characters to explore belonging, courage, and found family. Produced by Universal (2015)."
TITLE_003515,A chilling psychological limited series in which a family discovers their renovated home was built atop the site of something unspeakable. Produced by Netflix Studios (1980).
TITLE_003516,An explosive series following a disgraced soldier who must go rogue to expose corruption at the highest levels of government. Produced by Sony (1986).
TITLE_003517,A suspenseful documentary about a cybersecurity analyst who uncovers a conspiracy that reaches the highest corridors of power. Produced by Universal (1989).
TITLE_003518,A visionary science fiction film set in a near future where artificial intelligence has fundamentally reshaped what it means to be human. Produced by Warner Bros (1992).
TITLE_003519,A gripping psychological series where a seasoned detective discovers the prime suspect may be hiding in plain sight. Produced by Warner Bros (1995).
TITLE_003520,A taut limited series in which a forensic archivist realizes the cold cases stacking up on her desk share one terrifying pattern. Produced by Universal (2005).
TITLE_003521,A visionary science fiction film set in a near future where artificial intelligence has fundamentally reshaped what it means to be human. Produced by Paramount (2004).
TITLE_003522,A visionary science fiction series set in a near future where artificial intelligence has fundamentally reshaped what it means to be human. Produced by Universal (1996).
TITLE_003523,An imaginative animated documentary that takes a young protagonist on a breathtaking journey through a world governed by forgotten magic. Produced by Sony (2006).
TITLE_003524,A high-octane film about a former special forces veteran pulled back into the field for one last impossible mission. Produced by Universal (2013).
TITLE_003525,A witty film about a small-town dreamer who accidentally becomes the most controversial person in a major city. Produced by Disney (1980).
TITLE_003526,A taut special in which a forensic archivist realizes the cold cases stacking up on her desk share one terrifying pattern. Produced by Netflix Studios (2006).
TITLE_003527,An imaginative animated film that takes a young protagonist on a breathtaking journey through a world governed by forgotten magic. Produced by Disney (1984).
TITLE_003528,A pulse-pounding special where a covert operative races against time to prevent a global catastrophe. Produced by Universal (1999).
TITLE_003529,A tender yet unflinching film in which three strangers bound by a shared tragedy find unexpected solidarity. Produced by Netflix Studios (2016).
TITLE_003530,"A sweeping romance spanning three decades, exploring how first love quietly shapes every significant decision that follows. Produced by Sony (2018)."
TITLE_003531,A visually stunning animated limited series about an unlikely band of heroes who must defend their enchanted homeland from an ancient darkness. Produced by Apple TV+ (1990).
TITLE_003532,A sharp satirical film skewering corporate culture through the eyes of the most reluctant middle manager alive. Produced by Warner Bros (2016).
TITLE_003533,"A heartwarming animated series that uses the adventures of misfit characters to explore belonging, courage, and found family. Produced by Warner Bros (2002)."
TITLE_003534,A slow-dread film exploring the horror of losing trust in your own perception of reality. Produced by Netflix Studios (2018).
TITLE_003535,An imaginative animated film that takes a young protagonist on a breathtaking journey through a world governed by forgotten magic. Produced by Disney (1994).
TITLE_003536,A witty series about a small-town dreamer who accidentally becomes the most controversial person in a major city. Produced by Paramount (2020).
TITLE_003537,A bleak yet hopeful series depicting a generation born on a generation ship who have never seen Earth and no longer believe in it. Produced by Apple TV+ (2003).
TITLE_003538,A sharp satirical series skewering corporate culture through the eyes of the most reluctant middle manager alive. Produced by Paramount (1997).
TITLE_003539,A gripping psychological documentary where a seasoned detective discovers the prime suspect may be hiding in plain sight. Produced by Sony (2023).
TITLE_003540,A slow-burn special where a seemingly routine investigation peels back layers of a community's darkest secrets. Produced by Sony (1981).
TITLE_003541,An emotionally charged special about an individual's struggle to rebuild identity and purpose after an unexpected personal collapse. Produced by Apple TV+ (1992).
TITLE_003542,An explosive documentary following a disgraced soldier who must go rogue to expose corruption at the highest levels of government. Produced by Apple TV+ (1983).
TITLE_003543,A terrifying series following a group of strangers stranded in a remote wilderness as something ancient and patient closes in. Produced by Warner Bros (2011).
TITLE_003544,A nuanced film that examines the quiet cost of ambition and the unspoken sacrifices we make for the people we love. Produced by Disney (1997).
TITLE_003545,A pulse-pounding limited series where a covert operative races against time to prevent a global catastrophe. Produced by Universal (2015).
TITLE_003546,A high-octane documentary about a former special forces veteran pulled back into the field for one last impossible mission. Produced by Sony (2002).
TITLE_003547,A bone-chilling film where a marine biologist's deep-sea expedition surfaces a creature that should not exist. Produced by Disney (1992).
TITLE_003548,A terrifying series following a group of strangers stranded in a remote wilderness as something ancient and patient closes in. Produced by Sony (1990).
TITLE_003549,A high-octane film about a former special forces veteran pulled back into the field for one last impossible mission. Produced by Warner Bros (1995).
TITLE_003550,A gripping psychological documentary where a seasoned detective discovers the prime suspect may be hiding in plain sight. Produced by Paramount (2007).
TITLE_003551,A terrifying special following a group of strangers stranded in a remote wilderness as something ancient and patient closes in. Produced by Netflix Studios (2010).
TITLE_003552,A visually stunning animated documentary about an unlikely band of heroes who must defend their enchanted homeland from an ancient darkness. Produced by Netflix Studios (1993).
TITLE_003553,A witty limited series about a small-town dreamer who accidentally becomes the most controversial person in a major city. Produced by Apple TV+ (1990).
TITLE_003554,A slow-burn special where a seemingly routine investigation peels back layers of a community's darkest secrets. Produced by Sony (2018).
TITLE_003555,"A powerful film exploring the fractured bonds between family members as they navigate grief, guilt, and reconciliation. Produced by Warner Bros (2019)."
TITLE_003556,A witty film about a small-town dreamer who accidentally becomes the most controversial person in a major city. Produced by Paramount (2005).
TITLE_003557,A slow-burn special where a seemingly routine investigation peels back layers of a community's darkest secrets. Produced by Warner Bros (1994).
TITLE_003558,A tender yet unflinching film in which three strangers bound by a shared tragedy find unexpected solidarity. Produced by Sony (2022).
TITLE_003559,A hilarious special following a group of well-meaning misfits whose cross-country trip descends into spectacular chaos. Produced by Disney (2012).
TITLE_003560,A hilarious documentary following a group of well-meaning misfits whose cross-country trip descends into spectacular chaos. Produced by Apple TV+ (2009).
TITLE_003561,A charming limited series centered on a chaotic workplace where every attempt to impose order results in glorious failure. Produced by Disney (2007).
TITLE_003562,"An adrenaline-fueled film in which rival factions clash across three continents, leaving a trail of deception and betrayal. Produced by Netflix Studios (2011)."
TITLE_003563,A visually stunning animated limited series about an unlikely band of heroes who must defend their enchanted homeland from an ancient darkness. Produced by Netflix Studios (2023).
TITLE_003564,A nuanced film that examines the quiet cost of ambition and the unspoken sacrifices we make for the people we love. Produced by Netflix Studios (1985).
TITLE_003565,A gripping psychological film where a seasoned detective discovers the prime suspect may be hiding in plain sight. Produced by Disney (2004).
TITLE_003566,A sharp satirical special skewering corporate culture through the eyes of the most reluctant middle manager alive. Produced by Paramount (1987).
TITLE_003567,A tender documentary in which two people who built walls against vulnerability slowly and reluctantly dismantle them together. Produced by Universal (2008).
TITLE_003568,"A bittersweet romantic documentary following star-crossed lovers whose timing always seems to be precisely, maddeningly off. Produced by Paramount (1982)."
TITLE_003569,A bone-chilling special where a marine biologist's deep-sea expedition surfaces a creature that should not exist. Produced by Paramount (2012).
TITLE_003570,A suspenseful limited series about a cybersecurity analyst who uncovers a conspiracy that reaches the highest corridors of power. Produced by Sony (1985).
TITLE_003571,A cerebral science fiction film about a theoretical physicist whose containment breach tears a hole in the fabric of spacetime. Produced by Paramount (2005).
TITLE_003572,An explosive limited series following a disgraced soldier who must go rogue to expose corruption at the highest levels of government. Produced by Apple TV+ (1990).
TITLE_003573,An emotionally charged documentary about an individual's struggle to rebuild identity and purpose after an unexpected personal collapse. Produced by Netflix Studios (2025).
TITLE_003574,A visually stunning animated documentary about an unlikely band of heroes who must defend their enchanted homeland from an ancient darkness. Produced by Paramount (1999).
TITLE_003575,A slow-burn film where a seemingly routine investigation peels back layers of a community's darkest secrets. Produced by Apple TV+ (2008).
TITLE_003576,"A heartwarming animated limited series that uses the adventures of misfit characters to explore belonging, courage, and found family. Produced by Disney (1984)."
TITLE_003577,A bleak yet hopeful series depicting a generation born on a generation ship who have never seen Earth and no longer believe in it. Produced by Apple TV+ (1998).
TITLE_003578,A suspenseful series about a cybersecurity analyst who uncovers a conspiracy that reaches the highest corridors of power. Produced by Universal (2001).
TITLE_003579,"A sweeping romance spanning three decades, exploring how first love quietly shapes every significant decision that follows. Produced by Warner Bros (2006)."
TITLE_003580,A tender film in which two people who built walls against vulnerability slowly and reluctantly dismantle them together. Produced by Paramount (1988).
TITLE_003581,An explosive series following a disgraced soldier who must go rogue to expose corruption at the highest levels of government. Produced by Warner Bros (2005).
TITLE_003582,A chilling psychological film in which a family discovers their renovated home was built atop the site of something unspeakable. Produced by Netflix Studios (2001).
TITLE_003583,An imaginative animated documentary that takes a young protagonist on a breathtaking journey through a world governed by forgotten magic. Produced by Paramount (2016).
TITLE_003584,A charming limited series centered on a chaotic workplace where every attempt to impose order results in glorious failure. Produced by Netflix Studios (1989).
TITLE_003585,A tender film in which two people who built walls against vulnerability slowly and reluctantly dismantle them together. Produced by Paramount (1980).
TITLE_003586,A witty special about a small-town dreamer who accidentally becomes the most controversial person in a major city. Produced by Universal (2001).
TITLE_003587,A visually stunning animated limited series about an unlikely band of heroes who must defend their enchanted homeland from an ancient darkness. Produced by Universal (1984).
TITLE_003588,A bone-chilling film where a marine biologist's deep-sea expedition surfaces a creature that should not exist. Produced by Warner Bros (1987).
TITLE_003589,A high-octane documentary about a former special forces veteran pulled back into the field for one last impossible mission. Produced by Apple TV+ (2011).
TITLE_003590,A gripping psychological series where a seasoned detective discovers the prime suspect may be hiding in plain sight. Produced by Disney (1989).
TITLE_003591,A pulse-pounding documentary where a covert operative races against time to prevent a global catastrophe. Produced by Sony (1985).
TITLE_003592,A bleak yet hopeful series depicting a generation born on a generation ship who have never seen Earth and no longer believe in it. Produced by Paramount (2010).
TITLE_003593,A charming series centered on a chaotic workplace where every attempt to impose order results in glorious failure. Produced by Netflix Studios (2004).
TITLE_003594,A high-octane special about a former special forces veteran pulled back into the field for one last impossible mission. Produced by Universal (2022).
TITLE_003595,"A bittersweet romantic special following star-crossed lovers whose timing always seems to be precisely, maddeningly off. Produced by Netflix Studios (1985)."
TITLE_003596,A sharp satirical series skewering corporate culture through the eyes of the most reluctant middle manager alive. Produced by Netflix Studios (2008).
TITLE_003597,A gripping psychological special where a seasoned detective discovers the prime suspect may be hiding in plain sight. Produced by Sony (2012).
TITLE_003598,A chilling psychological limited series in which a family discovers their renovated home was built atop the site of something unspeakable. Produced by Paramount (1992).
TITLE_003599,A witty special about a small-town dreamer who accidentally becomes the most controversial person in a major city. Produced by Paramount (2015).
TITLE_003600,A bleak yet hopeful special depicting a generation born on a generation ship who have never seen Earth and no longer believe in it. Produced by Apple TV+ (2018).
TITLE_003601,A terrifying special following a group of strangers stranded in a remote wilderness as something ancient and patient closes in. Produced by Warner Bros (2022).
TITLE_003602,"A sweeping romance spanning three decades, exploring how first love quietly shapes every significant decision that follows. Produced by Warner Bros (1982)."
TITLE_003603,A sharp satirical special skewering corporate culture through the eyes of the most reluctant middle manager alive. Produced by Universal (2016).
TITLE_003604,A visually stunning animated film about an unlikely band of heroes who must defend their enchanted homeland from an ancient darkness. Produced by Paramount (1996).
TITLE_003605,A bone-chilling special where a marine biologist's deep-sea expedition surfaces a creature that should not exist. Produced by Disney (2007).
TITLE_003606,A visionary science fiction special set in a near future where artificial intelligence has fundamentally reshaped what it means to be human. Produced by Netflix Studios (1980).
TITLE_003607,A tender documentary in which two people who built walls against vulnerability slowly and reluctantly dismantle them together. Produced by Warner Bros (2003).
TITLE_003608,A charming limited series centered on a chaotic workplace where every attempt to impose order results in glorious failure. Produced by Apple TV+ (1999).
TITLE_003609,A visually stunning animated limited series about an unlikely band of heroes who must defend their enchanted homeland from an ancient darkness. Produced by Apple TV+ (2009).
TITLE_003610,"A heartwarming animated special that uses the adventures of misfit characters to explore belonging, courage, and found family. Produced by Paramount (1983)."
TITLE_003611,A slow-dread limited series exploring the horror of losing trust in your own perception of reality. Produced by Netflix Studios (2019).
TITLE_003612,A bold animated special that challenges the boundaries of the form while delivering a story full of wit and genuine emotion. Produced by Universal (2012).
TITLE_003613,A pulse-pounding documentary where a covert operative races against time to prevent a global catastrophe. Produced by Warner Bros (2025).
TITLE_003614,"A sweeping romance spanning three decades, exploring how first love quietly shapes every significant decision that follows. Produced by Netflix Studios (1984)."
TITLE_003615,A visually stunning animated limited series about an unlikely band of heroes who must defend their enchanted homeland from an ancient darkness. Produced by Warner Bros (2002).
TITLE_003616,An explosive series following a disgraced soldier who must go rogue to expose corruption at the highest levels of government. Produced by Apple TV+ (2014).
TITLE_003617,A taut documentary in which a forensic archivist realizes the cold cases stacking up on her desk share one terrifying pattern. Produced by Universal (1998).
TITLE_003618,A slow-dread limited series exploring the horror of losing trust in your own perception of reality. Produced by Apple TV+ (2006).
TITLE_003619,"A bittersweet romantic film following star-crossed lovers whose timing always seems to be precisely, maddeningly off. Produced by Netflix Studios (1994)."
TITLE_003620,A tender limited series in which two people who built walls against vulnerability slowly and reluctantly dismantle them together. Produced by Paramount (1996).
TITLE_003621,A chilling psychological series in which a family discovers their renovated home was built atop the site of something unspeakable. Produced by Paramount (2021).
TITLE_003622,A pulse-pounding series where a covert operative races against time to prevent a global catastrophe. Produced by Universal (1992).
TITLE_003623,"A powerful series exploring the fractured bonds between family members as they navigate grief, guilt, and reconciliation. Produced by Netflix Studios (2004)."
TITLE_003624,A slow-burn special where a seemingly routine investigation peels back layers of a community's darkest secrets. Produced by Sony (1987).
TITLE_003625,"A bittersweet romantic special following star-crossed lovers whose timing always seems to be precisely, maddeningly off. Produced by Universal (2004)."
TITLE_003626,A sharp satirical documentary skewering corporate culture through the eyes of the most reluctant middle manager alive. Produced by Paramount (1996).
TITLE_003627,A charming special centered on a chaotic workplace where every attempt to impose order results in glorious failure. Produced by Apple TV+ (2012).
TITLE_003628,A chilling psychological special in which a family discovers their renovated home was built atop the site of something unspeakable. Produced by Universal (1985).
TITLE_003629,An emotionally charged limited series about an individual's struggle to rebuild identity and purpose after an unexpected personal collapse. Produced by Apple TV+ (1989).
TITLE_003630,A cerebral science fiction documentary about a theoretical physicist whose containment breach tears a hole in the fabric of spacetime. Produced by Apple TV+ (1994).
TITLE_003631,A chilling psychological series in which a family discovers their renovated home was built atop the site of something unspeakable. Produced by Disney (2022).
TITLE_003632,A witty film about a small-town dreamer who accidentally becomes the most controversial person in a major city. Produced by Sony (2016).
TITLE_003633,A bold animated film that challenges the boundaries of the form while delivering a story full of wit and genuine emotion. Produced by Sony (2018).
TITLE_003634,"A sweeping romance spanning three decades, exploring how first love quietly shapes every significant decision that follows. Produced by Paramount (2017)."
TITLE_003635,A slow-burn documentary where a seemingly routine investigation peels back layers of a community's darkest secrets. Produced by Disney (1986).
TITLE_003636,A thought-provoking limited series exploring the ethical fractures that open when deep-space colonization forces humanity to redefine citizenship. Produced by Paramount (2019).
TITLE_003637,A charming special centered on a chaotic workplace where every attempt to impose order results in glorious failure. Produced by Netflix Studios (1984).
TITLE_003638,A slow-burn series where a seemingly routine investigation peels back layers of a community's darkest secrets. Produced by Paramount (1982).
TITLE_003639,A high-octane film about a former special forces veteran pulled back into the field for one last impossible mission. Produced by Disney (2009).
TITLE_003640,"An adrenaline-fueled special in which rival factions clash across three continents, leaving a trail of deception and betrayal. Produced by Netflix Studios (1995)."
TITLE_003641,An imaginative animated film that takes a young protagonist on a breathtaking journey through a world governed by forgotten magic. Produced by Netflix Studios (1990).
TITLE_003642,"A heartfelt limited series about two strangers whose lives intersect at a critical crossroads, leading to unexpected and inconvenient love. Produced by Netflix Studios (1983)."
TITLE_003643,"An adrenaline-fueled limited series in which rival factions clash across three continents, leaving a trail of deception and betrayal. Produced by Sony (1996)."
TITLE_003644,A charming limited series centered on a chaotic workplace where every attempt to impose order results in glorious failure. Produced by Sony (2025).
TITLE_003645,A bold animated special that challenges the boundaries of the form while delivering a story full of wit and genuine emotion. Produced by Sony (2014).
TITLE_003646,A thought-provoking film exploring the ethical fractures that open when deep-space colonization forces humanity to redefine citizenship. Produced by Disney (1981).
TITLE_003647,A high-octane series about a former special forces veteran pulled back into the field for one last impossible mission. Produced by Universal (2006).
TITLE_003648,A suspenseful special about a cybersecurity analyst who uncovers a conspiracy that reaches the highest corridors of power. Produced by Sony (1999).
TITLE_003649,A witty film about a small-town dreamer who accidentally becomes the most controversial person in a major city. Produced by Netflix Studios (2011).
TITLE_003650,A taut documentary in which a forensic archivist realizes the cold cases stacking up on her desk share one terrifying pattern. Produced by Disney (2017).
TITLE_003651,"A powerful documentary exploring the fractured bonds between family members as they navigate grief, guilt, and reconciliation. Produced by Universal (2020)."
TITLE_003652,"An adrenaline-fueled documentary in which rival factions clash across three continents, leaving a trail of deception and betrayal. Produced by Netflix Studios (1994)."
TITLE_003653,A hilarious series following a group of well-meaning misfits whose cross-country trip descends into spectacular chaos. Produced by Sony (1992).
TITLE_003654,A sharp satirical documentary skewering corporate culture through the eyes of the most reluctant middle manager alive. Produced by Warner Bros (1999).
TITLE_003655,A tender yet unflinching series in which three strangers bound by a shared tragedy find unexpected solidarity. Produced by Sony (2022).
TITLE_003656,A high-octane film about a former special forces veteran pulled back into the field for one last impossible mission. Produced by Netflix Studios (2019).
TITLE_003657,A high-octane film about a former special forces veteran pulled back into the field for one last impossible mission. Produced by Universal (1988).
TITLE_003658,A bleak yet hopeful limited series depicting a generation born on a generation ship who have never seen Earth and no longer believe in it. Produced by Universal (1993).
TITLE_003659,"An adrenaline-fueled series in which rival factions clash across three continents, leaving a trail of deception and betrayal. Produced by Netflix Studios (1995)."
TITLE_003660,A bleak yet hopeful film depicting a generation born on a generation ship who have never seen Earth and no longer believe in it. Produced by Warner Bros (1989).
TITLE_003661,A slow-burn series where a seemingly routine investigation peels back layers of a community's darkest secrets. Produced by Netflix Studios (2000).
TITLE_003662,A hilarious film following a group of well-meaning misfits whose cross-country trip descends into spectacular chaos. Produced by Disney (1992).
TITLE_003663,A tender limited series in which two people who built walls against vulnerability slowly and reluctantly dismantle them together. Produced by Disney (1997).
TITLE_003664,A charming film centered on a chaotic workplace where every attempt to impose order results in glorious failure. Produced by Apple TV+ (2010).
TITLE_003665,A taut series in which a forensic archivist realizes the cold cases stacking up on her desk share one terrifying pattern. Produced by Apple TV+ (2012).
TITLE_003666,A taut series in which a forensic archivist realizes the cold cases stacking up on her desk share one terrifying pattern. Produced by Sony (1994).
TITLE_003667,A tender yet unflinching documentary in which three strangers bound by a shared tragedy find unexpected solidarity. Produced by Netflix Studios (2004).
TITLE_003668,A sharp satirical limited series skewering corporate culture through the eyes of the most reluctant middle manager alive. Produced by Warner Bros (2007).
TITLE_003669,An imaginative animated series that takes a young protagonist on a breathtaking journey through a world governed by forgotten magic. Produced by Warner Bros (1990).
TITLE_003670,A bold animated series that challenges the boundaries of the form while delivering a story full of wit and genuine emotion. Produced by Sony (2008).
TITLE_003671,"An adrenaline-fueled special in which rival factions clash across three continents, leaving a trail of deception and betrayal. Produced by Universal (1990)."
TITLE_003672,A tender special in which two people who built walls against vulnerability slowly and reluctantly dismantle them together. Produced by Warner Bros (2023).
TITLE_003673,"A powerful special exploring the fractured bonds between family members as they navigate grief, guilt, and reconciliation. Produced by Netflix Studios (2018)."
TITLE_003674,"An adrenaline-fueled limited series in which rival factions clash across three continents, leaving a trail of deception and betrayal. Produced by Paramount (2018)."
TITLE_003675,A high-octane documentary about a former special forces veteran pulled back into the field for one last impossible mission. Produced by Paramount (1999).
TITLE_003676,An emotionally charged film about an individual's struggle to rebuild identity and purpose after an unexpected personal collapse. Produced by Apple TV+ (1998).
TITLE_003677,A sharp satirical documentary skewering corporate culture through the eyes of the most reluctant middle manager alive. Produced by Apple TV+ (2017).
TITLE_003678,"A sweeping romance spanning three decades, exploring how first love quietly shapes every significant decision that follows. Produced by Sony (2023)."
TITLE_003679,A visionary science fiction film set in a near future where artificial intelligence has fundamentally reshaped what it means to be human. Produced by Warner Bros (1982).
TITLE_003680,A high-octane documentary about a former special forces veteran pulled back into the field for one last impossible mission. Produced by Paramount (1989).
TITLE_003681,A gripping psychological film where a seasoned detective discovers the prime suspect may be hiding in plain sight. Produced by Sony (1993).
TITLE_003682,A visually stunning animated special about an unlikely band of heroes who must defend their enchanted homeland from an ancient darkness. Produced by Netflix Studios (2021).
TITLE_003683,A chilling psychological documentary in which a family discovers their renovated home was built atop the site of something unspeakable. Produced by Apple TV+ (2017).
TITLE_003684,A nuanced series that examines the quiet cost of ambition and the unspoken sacrifices we make for the people we love. Produced by Sony (1999).
TITLE_003685,"A sweeping romance spanning three decades, exploring how first love quietly shapes every significant decision that follows. Produced by Disney (2002)."
TITLE_003686,An explosive special following a disgraced soldier who must go rogue to expose corruption at the highest levels of government. Produced by Warner Bros (1993).
TITLE_003687,A tender yet unflinching limited series in which three strangers bound by a shared tragedy find unexpected solidarity. Produced by Disney (1980).
TITLE_003688,A suspenseful series about a cybersecurity analyst who uncovers a conspiracy that reaches the highest corridors of power. Produced by Universal (2015).
TITLE_003689,A cerebral science fiction special about a theoretical physicist whose containment breach tears a hole in the fabric of spacetime. Produced by Paramount (2019).
TITLE_003690,"A sweeping romance spanning three decades, exploring how first love quietly shapes every significant decision that follows. Produced by Netflix Studios (2008)."
TITLE_003691,A visionary science fiction documentary set in a near future where artificial intelligence has fundamentally reshaped what it means to be human. Produced by Universal (2004).
TITLE_003692,A witty film about a small-town dreamer who accidentally becomes the most controversial person in a major city. Produced by Sony (1997).
TITLE_003693,A high-octane series about a former special forces veteran pulled back into the field for one last impossible mission. Produced by Netflix Studios (2024).
TITLE_003694,A charming series centered on a chaotic workplace where every attempt to impose order results in glorious failure. Produced by Paramount (2005).
TITLE_003695,A bold animated special that challenges the boundaries of the form while delivering a story full of wit and genuine emotion. Produced by Apple TV+ (2017).
TITLE_003696,A tender film in which two people who built walls against vulnerability slowly and reluctantly dismantle them together. Produced by Apple TV+ (1999).
TITLE_003697,"A sweeping romance spanning three decades, exploring how first love quietly shapes every significant decision that follows. Produced by Paramount (2019)."
TITLE_003698,A terrifying limited series following a group of strangers stranded in a remote wilderness as something ancient and patient closes in. Produced by Disney (2017).
TITLE_003699,A terrifying limited series following a group of strangers stranded in a remote wilderness as something ancient and patient closes in. Produced by Warner Bros (1991).
TITLE_003700,A cerebral science fiction documentary about a theoretical physicist whose containment breach tears a hole in the fabric of spacetime. Produced by Sony (2000).
TITLE_003701,A slow-burn limited series where a seemingly routine investigation peels back layers of a community's darkest secrets. Produced by Universal (2021).
TITLE_003702,A chilling psychological series in which a family discovers their renovated home was built atop the site of something unspeakable. Produced by Warner Bros (2025).
TITLE_003703,An explosive documentary following a disgraced soldier who must go rogue to expose corruption at the highest levels of government. Produced by Disney (1981).
TITLE_003704,A cerebral science fiction series about a theoretical physicist whose containment breach tears a hole in the fabric of spacetime. Produced by Disney (2000).
TITLE_003705,A slow-burn series where a seemingly routine investigation peels back layers of a community's darkest secrets. Produced by Universal (2025).
TITLE_003706,A thought-provoking special exploring the ethical fractures that open when deep-space colonization forces humanity to redefine citizenship. Produced by Apple TV+ (2000).
TITLE_003707,A terrifying limited series following a group of strangers stranded in a remote wilderness as something ancient and patient closes in. Produced by Netflix Studios (2014).
TITLE_003708,A witty documentary about a small-town dreamer who accidentally becomes the most controversial person in a major city. Produced by Universal (1982).
TITLE_003709,"A heartfelt documentary about two strangers whose lives intersect at a critical crossroads, leading to unexpected and inconvenient love. Produced by Disney (2002)."
TITLE_003710,"A bittersweet romantic limited series following star-crossed lovers whose timing always seems to be precisely, maddeningly off. Produced by Sony (2004)."
TITLE_003711,A sharp satirical limited series skewering corporate culture through the eyes of the most reluctant middle manager alive. Produced by Universal (2011).
TITLE_003712,A slow-dread film exploring the horror of losing trust in your own perception of reality. Produced by Paramount (2013).
TITLE_003713,A nuanced film that examines the quiet cost of ambition and the unspoken sacrifices we make for the people we love. Produced by Warner Bros (1984).
TITLE_003714,A tender special in which two people who built walls against vulnerability slowly and reluctantly dismantle them together. Produced by Warner Bros (1997).
TITLE_003715,"A sweeping romance spanning three decades, exploring how first love quietly shapes every significant decision that follows. Produced by Disney (2015)."
TITLE_003716,A nuanced film that examines the quiet cost of ambition and the unspoken sacrifices we make for the people we love. Produced by Paramount (2009).
TITLE_003717,"A sweeping romance spanning three decades, exploring how first love quietly shapes every significant decision that follows. Produced by Apple TV+ (2021)."
TITLE_003718,A tender special in which two people who built walls against vulnerability slowly and reluctantly dismantle them together. Produced by Paramount (1980).
TITLE_003719,An imaginative animated film that takes a young protagonist on a breathtaking journey through a world governed by forgotten magic. Produced by Paramount (2012).
TITLE_003720,A bone-chilling limited series where a marine biologist's deep-sea expedition surfaces a creature that should not exist. Produced by Paramount (2005).
TITLE_003721,A bone-chilling special where a marine biologist's deep-sea expedition surfaces a creature that should not exist. Produced by Paramount (2008).
TITLE_003722,"A heartwarming animated series that uses the adventures of misfit characters to explore belonging, courage, and found family. Produced by Disney (1982)."
TITLE_003723,A visually stunning animated limited series about an unlikely band of heroes who must defend their enchanted homeland from an ancient darkness. Produced by Universal (2019).
TITLE_003724,A bold animated special that challenges the boundaries of the form while delivering a story full of wit and genuine emotion. Produced by Universal (2012).
TITLE_003725,A bleak yet hopeful special depicting a generation born on a generation ship who have never seen Earth and no longer believe in it. Produced by Netflix Studios (2009).
TITLE_003726,A slow-burn limited series where a seemingly routine investigation peels back layers of a community's darkest secrets. Produced by Sony (1995).
TITLE_003727,"A sweeping romance spanning three decades, exploring how first love quietly shapes every significant decision that follows. Produced by Sony (1996)."
TITLE_003728,A tender film in which two people who built walls against vulnerability slowly and reluctantly dismantle them together. Produced by Disney (2002).
TITLE_003729,A bleak yet hopeful limited series depicting a generation born on a generation ship who have never seen Earth and no longer believe in it. Produced by Disney (2003).
TITLE_003730,A cerebral science fiction special about a theoretical physicist whose containment breach tears a hole in the fabric of spacetime. Produced by Netflix Studios (2007).
TITLE_003731,"A heartfelt series about two strangers whose lives intersect at a critical crossroads, leading to unexpected and inconvenient love. Produced by Sony (2019)."
TITLE_003732,An explosive special following a disgraced soldier who must go rogue to expose corruption at the highest levels of government. Produced by Netflix Studios (2015).
TITLE_003733,A bleak yet hopeful documentary depicting a generation born on a generation ship who have never seen Earth and no longer believe in it. Produced by Netflix Studios (2011).
TITLE_003734,A hilarious film following a group of well-meaning misfits whose cross-country trip descends into spectacular chaos. Produced by Apple TV+ (2014).
TITLE_003735,A bone-chilling special where a marine biologist's deep-sea expedition surfaces a creature that should not exist. Produced by Warner Bros (2016).
TITLE_003736,A tender documentary in which two people who built walls against vulnerability slowly and reluctantly dismantle them together. Produced by Netflix Studios (2009).
TITLE_003737,A taut special in which a forensic archivist realizes the cold cases stacking up on her desk share one terrifying pattern. Produced by Paramount (2014).
TITLE_003738,A hilarious limited series following a group of well-meaning misfits whose cross-country trip descends into spectacular chaos. Produced by Netflix Studios (2020).
TITLE_003739,An imaginative animated series that takes a young protagonist on a breathtaking journey through a world governed by forgotten magic. Produced by Universal (1987).
TITLE_003740,A witty film about a small-town dreamer who accidentally becomes the most controversial person in a major city. Produced by Universal (2014).
TITLE_003741,A hilarious film following a group of well-meaning misfits whose cross-country trip descends into spectacular chaos. Produced by Warner Bros (1991).
TITLE_003742,A thought-provoking series exploring the ethical fractures that open when deep-space colonization forces humanity to redefine citizenship. Produced by Sony (2016).
TITLE_003743,A charming series centered on a chaotic workplace where every attempt to impose order results in glorious failure. Produced by Netflix Studios (2001).
TITLE_003744,A gripping psychological series where a seasoned detective discovers the prime suspect may be hiding in plain sight. Produced by Disney (2011).
TITLE_003745,A suspenseful film about a cybersecurity analyst who uncovers a conspiracy that reaches the highest corridors of power. Produced by Warner Bros (1992).
TITLE_003746,A bone-chilling limited series where a marine biologist's deep-sea expedition surfaces a creature that should not exist. Produced by Universal (1985).
TITLE_003747,A bone-chilling film where a marine biologist's deep-sea expedition surfaces a creature that should not exist. Produced by Netflix Studios (1996).
TITLE_003748,A gripping psychological documentary where a seasoned detective discovers the prime suspect may be hiding in plain sight. Produced by Warner Bros (2012).
TITLE_003749,A witty special about a small-town dreamer who accidentally becomes the most controversial person in a major city. Produced by Universal (2009).
TITLE_003750,A chilling psychological special in which a family discovers their renovated home was built atop the site of something unspeakable. Produced by Netflix Studios (2004).
TITLE_003751,A slow-burn special where a seemingly routine investigation peels back layers of a community's darkest secrets. Produced by Apple TV+ (2013).
TITLE_003752,A tender series in which two people who built walls against vulnerability slowly and reluctantly dismantle them together. Produced by Paramount (2015).
TITLE_003753,A visionary science fiction series set in a near future where artificial intelligence has fundamentally reshaped what it means to be human. Produced by Warner Bros (2024).
TITLE_003754,"A powerful film exploring the fractured bonds between family members as they navigate grief, guilt, and reconciliation. Produced by Paramount (1992)."
TITLE_003755,A visionary science fiction series set in a near future where artificial intelligence has fundamentally reshaped what it means to be human. Produced by Apple TV+ (1982).
TITLE_003756,A chilling psychological series in which a family discovers their renovated home was built atop the site of something unspeakable. Produced by Paramount (1998).
TITLE_003757,A terrifying special following a group of strangers stranded in a remote wilderness as something ancient and patient closes in. Produced by Sony (1994).
TITLE_003758,A thought-provoking limited series exploring the ethical fractures that open when deep-space colonization forces humanity to redefine citizenship. Produced by Disney (2001).
TITLE_003759,A hilarious special following a group of well-meaning misfits whose cross-country trip descends into spectacular chaos. Produced by Sony (2012).
TITLE_003760,A terrifying documentary following a group of strangers stranded in a remote wilderness as something ancient and patient closes in. Produced by Netflix Studios (2017).
TITLE_003761,A tender yet unflinching series in which three strangers bound by a shared tragedy find unexpected solidarity. Produced by Disney (1994).
TITLE_003762,"A powerful film exploring the fractured bonds between family members as they navigate grief, guilt, and reconciliation. Produced by Paramount (1998)."
TITLE_003763,A cerebral science fiction documentary about a theoretical physicist whose containment breach tears a hole in the fabric of spacetime. Produced by Universal (1987).
TITLE_003764,A suspenseful series about a cybersecurity analyst who uncovers a conspiracy that reaches the highest corridors of power. Produced by Disney (1996).
TITLE_003765,A slow-burn documentary where a seemingly routine investigation peels back layers of a community's darkest secrets. Produced by Apple TV+ (1986).
TITLE_003766,A chilling psychological documentary in which a family discovers their renovated home was built atop the site of something unspeakable. Produced by Sony (2012).
TITLE_003767,A taut film in which a forensic archivist realizes the cold cases stacking up on her desk share one terrifying pattern. Produced by Warner Bros (2001).
TITLE_003768,"A powerful film exploring the fractured bonds between family members as they navigate grief, guilt, and reconciliation. Produced by Netflix Studios (1987)."
TITLE_003769,A witty special about a small-town dreamer who accidentally becomes the most controversial person in a major city. Produced by Sony (1994).
TITLE_003770,"A bittersweet romantic limited series following star-crossed lovers whose timing always seems to be precisely, maddeningly off. Produced by Warner Bros (2011)."
TITLE_003771,A sharp satirical limited series skewering corporate culture through the eyes of the most reluctant middle manager alive. Produced by Netflix Studios (1993).
TITLE_003772,A taut series in which a forensic archivist realizes the cold cases stacking up on her desk share one terrifying pattern. Produced by Disney (1998).
TITLE_003773,A gripping psychological documentary where a seasoned detective discovers the prime suspect may be hiding in plain sight. Produced by Paramount (2015).
TITLE_003774,A nuanced film that examines the quiet cost of ambition and the unspoken sacrifices we make for the people we love. Produced by Apple TV+ (1999).
TITLE_003775,A tender film in which two people who built walls against vulnerability slowly and reluctantly dismantle them together. Produced by Netflix Studios (1982).
TITLE_003776,A tender yet unflinching special in which three strangers bound by a shared tragedy find unexpected solidarity. Produced by Apple TV+ (1992).
TITLE_003777,A nuanced series that examines the quiet cost of ambition and the unspoken sacrifices we make for the people we love. Produced by Warner Bros (2011).
TITLE_003778,"A heartfelt film about two strangers whose lives intersect at a critical crossroads, leading to unexpected and inconvenient love. Produced by Netflix Studios (2014)."
TITLE_003779,"A powerful limited series exploring the fractured bonds between family members as they navigate grief, guilt, and reconciliation. Produced by Paramount (1983)."
TITLE_003780,"A heartfelt special about two strangers whose lives intersect at a critical crossroads, leading to unexpected and inconvenient love. Produced by Warner Bros (1998)."
TITLE_003781,A thought-provoking documentary exploring the ethical fractures that open when deep-space colonization forces humanity to redefine citizenship. Produced by Paramount (1995).
TITLE_003782,A visionary science fiction film set in a near future where artificial intelligence has fundamentally reshaped what it means to be human. Produced by Warner Bros (2023).
TITLE_003783,A charming limited series centered on a chaotic workplace where every attempt to impose order results in glorious failure. Produced by Universal (1992).
TITLE_003784,A hilarious film following a group of well-meaning misfits whose cross-country trip descends into spectacular chaos. Produced by Disney (2016).
TITLE_003785,An imaginative animated documentary that takes a young protagonist on a breathtaking journey through a world governed by forgotten magic. Produced by Universal (1988).
TITLE_003786,A terrifying series following a group of strangers stranded in a remote wilderness as something ancient and patient closes in. Produced by Universal (1989).
TITLE_003787,An explosive series following a disgraced soldier who must go rogue to expose corruption at the highest levels of government. Produced by Disney (2025).
TITLE_003788,A pulse-pounding series where a covert operative races against time to prevent a global catastrophe. Produced by Warner Bros (1987).
TITLE_003789,A chilling psychological film in which a family discovers their renovated home was built atop the site of something unspeakable. Produced by Apple TV+ (1988).
TITLE_003790,A pulse-pounding series where a covert operative races against time to prevent a global catastrophe. Produced by Disney (2020).
TITLE_003791,A hilarious special following a group of well-meaning misfits whose cross-country trip descends into spectacular chaos. Produced by Warner Bros (1989).
TITLE_003792,A witty film about a small-town dreamer who accidentally becomes the most controversial person in a major city. Produced by Sony (2020).
TITLE_003793,A tender yet unflinching series in which three strangers bound by a shared tragedy find unexpected solidarity. Produced by Paramount (2002).
TITLE_003794,A bleak yet hopeful special depicting a generation born on a generation ship who have never seen Earth and no longer believe in it. Produced by Disney (2009).
TITLE_003795,A nuanced special that examines the quiet cost of ambition and the unspoken sacrifices we make for the people we love. Produced by Disney (2019).
TITLE_003796,A hilarious series following a group of well-meaning misfits whose cross-country trip descends into spectacular chaos. Produced by Universal (1983).
TITLE_003797,A bleak yet hopeful film depicting a generation born on a generation ship who have never seen Earth and no longer believe in it. Produced by Universal (2014).
TITLE_003798,A visionary science fiction series set in a near future where artificial intelligence has fundamentally reshaped what it means to be human. Produced by Disney (2003).
TITLE_003799,A gripping psychological special where a seasoned detective discovers the prime suspect may be hiding in plain sight. Produced by Sony (1981).
TITLE_003800,A slow-dread limited series exploring the horror of losing trust in your own perception of reality. Produced by Apple TV+ (1996).
TITLE_003801,A nuanced documentary that examines the quiet cost of ambition and the unspoken sacrifices we make for the people we love. Produced by Sony (1980).
TITLE_003802,A taut series in which a forensic archivist realizes the cold cases stacking up on her desk share one terrifying pattern. Produced by Warner Bros (1990).
TITLE_003803,A witty special about a small-town dreamer who accidentally becomes the most controversial person in a major city. Produced by Sony (1982).
TITLE_003804,A terrifying film following a group of strangers stranded in a remote wilderness as something ancient and patient closes in. Produced by Netflix Studios (2014).
TITLE_003805,A bold animated film that challenges the boundaries of the form while delivering a story full of wit and genuine emotion. Produced by Universal (1994).
TITLE_003806,"A powerful special exploring the fractured bonds between family members as they navigate grief, guilt, and reconciliation. Produced by Universal (2025)."
TITLE_003807,An emotionally charged documentary about an individual's struggle to rebuild identity and purpose after an unexpected personal collapse. Produced by Paramount (2021).
TITLE_003808,A bleak yet hopeful special depicting a generation born on a generation ship who have never seen Earth and no longer believe in it. Produced by Paramount (2025).
TITLE_003809,A tender yet unflinching film in which three strangers bound by a shared tragedy find unexpected solidarity. Produced by Paramount (1993).
TITLE_003810,A nuanced film that examines the quiet cost of ambition and the unspoken sacrifices we make for the people we love. Produced by Netflix Studios (2015).
TITLE_003811,A charming series centered on a chaotic workplace where every attempt to impose order results in glorious failure. Produced by Universal (1988).
TITLE_003812,"A sweeping romance spanning three decades, exploring how first love quietly shapes every significant decision that follows. Produced by Warner Bros (1991)."
TITLE_003813,A suspenseful limited series about a cybersecurity analyst who uncovers a conspiracy that reaches the highest corridors of power. Produced by Disney (2024).
TITLE_003814,A high-octane special about a former special forces veteran pulled back into the field for one last impossible mission. Produced by Paramount (1985).
TITLE_003815,A bleak yet hopeful documentary depicting a generation born on a generation ship who have never seen Earth and no longer believe in it. Produced by Paramount (2010).
TITLE_003816,An imaginative animated documentary that takes a young protagonist on a breathtaking journey through a world governed by forgotten magic. Produced by Paramount (2002).
TITLE_003817,"A bittersweet romantic special following star-crossed lovers whose timing always seems to be precisely, maddeningly off. Produced by Apple TV+ (2020)."
TITLE_003818,A bold animated limited series that challenges the boundaries of the form while delivering a story full of wit and genuine emotion. Produced by Apple TV+ (1986).
TITLE_003819,"A heartfelt film about two strangers whose lives intersect at a critical crossroads, leading to unexpected and inconvenient love. Produced by Netflix Studios (1995)."
TITLE_003820,A suspenseful film about a cybersecurity analyst who uncovers a conspiracy that reaches the highest corridors of power. Produced by Disney (2018).
TITLE_003821,A witty documentary about a small-town dreamer who accidentally becomes the most controversial person in a major city. Produced by Universal (2016).
TITLE_003822,A hilarious documentary following a group of well-meaning misfits whose cross-country trip descends into spectacular chaos. Produced by Apple TV+ (2002).
TITLE_003823,"An adrenaline-fueled special in which rival factions clash across three continents, leaving a trail of deception and betrayal. Produced by Paramount (1993)."
TITLE_003824,"A heartfelt documentary about two strangers whose lives intersect at a critical crossroads, leading to unexpected and inconvenient love. Produced by Paramount (2017)."
TITLE_003825,A suspenseful series about a cybersecurity analyst who uncovers a conspiracy that reaches the highest corridors of power. Produced by Disney (1986).
TITLE_003826,A slow-dread special exploring the horror of losing trust in your own perception of reality. Produced by Warner Bros (1987).
TITLE_003827,A bold animated special that challenges the boundaries of the form while delivering a story full of wit and genuine emotion. Produced by Disney (1995).
TITLE_003828,"An adrenaline-fueled series in which rival factions clash across three continents, leaving a trail of deception and betrayal. Produced by Sony (2004)."
TITLE_003829,A thought-provoking series exploring the ethical fractures that open when deep-space colonization forces humanity to redefine citizenship. Produced by Netflix Studios (2013).
TITLE_003830,A thought-provoking series exploring the ethical fractures that open when deep-space colonization forces humanity to redefine citizenship. Produced by Netflix Studios (1992).
TITLE_003831,A high-octane special about a former special forces veteran pulled back into the field for one last impossible mission. Produced by Apple TV+ (2004).
TITLE_003832,A gripping psychological limited series where a seasoned detective discovers the prime suspect may be hiding in plain sight. Produced by Warner Bros (1997).
TITLE_003833,A bone-chilling film where a marine biologist's deep-sea expedition surfaces a creature that should not exist. Produced by Paramount (1992).
TITLE_003834,A visionary science fiction limited series set in a near future where artificial intelligence has fundamentally reshaped what it means to be human. Produced by Universal (2000).
TITLE_003835,A nuanced documentary that examines the quiet cost of ambition and the unspoken sacrifices we make for the people we love. Produced by Disney (2010).
TITLE_003836,A suspenseful special about a cybersecurity analyst who uncovers a conspiracy that reaches the highest corridors of power. Produced by Apple TV+ (1984).
TITLE_003837,"A bittersweet romantic limited series following star-crossed lovers whose timing always seems to be precisely, maddeningly off. Produced by Apple TV+ (1997)."
TITLE_003838,An imaginative animated series that takes a young protagonist on a breathtaking journey through a world governed by forgotten magic. Produced by Sony (1986).
TITLE_003839,A witty series about a small-town dreamer who accidentally becomes the most controversial person in a major city. Produced by Paramount (1981).
TITLE_003840,A cerebral science fiction film about a theoretical physicist whose containment breach tears a hole in the fabric of spacetime. Produced by Universal (1996).
TITLE_003841,"A sweeping romance spanning three decades, exploring how first love quietly shapes every significant decision that follows. Produced by Disney (2020)."
TITLE_003842,An explosive series following a disgraced soldier who must go rogue to expose corruption at the highest levels of government. Produced by Paramount (1999).
TITLE_003843,A nuanced limited series that examines the quiet cost of ambition and the unspoken sacrifices we make for the people we love. Produced by Universal (2020).
TITLE_003844,"A bittersweet romantic special following star-crossed lovers whose timing always seems to be precisely, maddeningly off. Produced by Warner Bros (1994)."
TITLE_003845,A taut film in which a forensic archivist realizes the cold cases stacking up on her desk share one terrifying pattern. Produced by Apple TV+ (2011).
TITLE_003846,A gripping psychological limited series where a seasoned detective discovers the prime suspect may be hiding in plain sight. Produced by Apple TV+ (2018).
TITLE_003847,A hilarious series following a group of well-meaning misfits whose cross-country trip descends into spectacular chaos. Produced by Paramount (1996).
TITLE_003848,A bold animated film that challenges the boundaries of the form while delivering a story full of wit and genuine emotion. Produced by Paramount (2005).
TITLE_003849,A visually stunning animated limited series about an unlikely band of heroes who must defend their enchanted homeland from an ancient darkness. Produced by Universal (2003).
TITLE_003850,A tender limited series in which two people who built walls against vulnerability slowly and reluctantly dismantle them together. Produced by Warner Bros (1987).
TITLE_003851,A charming film centered on a chaotic workplace where every attempt to impose order results in glorious failure. Produced by Sony (2021).
TITLE_003852,A bleak yet hopeful special depicting a generation born on a generation ship who have never seen Earth and no longer believe in it. Produced by Sony (1992).
TITLE_003853,A visually stunning animated limited series about an unlikely band of heroes who must defend their enchanted homeland from an ancient darkness. Produced by Paramount (2017).
TITLE_003854,A bold animated series that challenges the boundaries of the form while delivering a story full of wit and genuine emotion. Produced by Warner Bros (1999).
TITLE_003855,A slow-burn limited series where a seemingly routine investigation peels back layers of a community's darkest secrets. Produced by Warner Bros (1987).
TITLE_003856,A thought-provoking documentary exploring the ethical fractures that open when deep-space colonization forces humanity to redefine citizenship. Produced by Disney (1981).
TITLE_003857,A sharp satirical limited series skewering corporate culture through the eyes of the most reluctant middle manager alive. Produced by Netflix Studios (2024).
TITLE_003858,A pulse-pounding limited series where a covert operative races against time to prevent a global catastrophe. Produced by Sony (1983).
TITLE_003859,A visually stunning animated limited series about an unlikely band of heroes who must defend their enchanted homeland from an ancient darkness. Produced by Paramount (2019).
TITLE_003860,A slow-dread film exploring the horror of losing trust in your own perception of reality. Produced by Universal (1995).
TITLE_003861,"A bittersweet romantic special following star-crossed lovers whose timing always seems to be precisely, maddeningly off. Produced by Paramount (1988)."
TITLE_003862,A terrifying series following a group of strangers stranded in a remote wilderness as something ancient and patient closes in. Produced by Universal (2020).
TITLE_003863,"A bittersweet romantic special following star-crossed lovers whose timing always seems to be precisely, maddeningly off. Produced by Universal (1991)."
TITLE_003864,A terrifying special following a group of strangers stranded in a remote wilderness as something ancient and patient closes in. Produced by Netflix Studios (2016).
TITLE_003865,A pulse-pounding film where a covert operative races against time to prevent a global catastrophe. Produced by Netflix Studios (2013).
TITLE_003866,A bold animated series that challenges the boundaries of the form while delivering a story full of wit and genuine emotion. Produced by Sony (2001).
TITLE_003867,A cerebral science fiction documentary about a theoretical physicist whose containment breach tears a hole in the fabric of spacetime. Produced by Netflix Studios (2017).
TITLE_003868,A high-octane limited series about a former special forces veteran pulled back into the field for one last impossible mission. Produced by Warner Bros (2003).
TITLE_003869,A slow-burn limited series where a seemingly routine investigation peels back layers of a community's darkest secrets. Produced by Sony (1991).
TITLE_003870,A charming series centered on a chaotic workplace where every attempt to impose order results in glorious failure. Produced by Netflix Studios (2018).
TITLE_003871,A pulse-pounding film where a covert operative races against time to prevent a global catastrophe. Produced by Netflix Studios (1991).
TITLE_003872,"A heartfelt series about two strangers whose lives intersect at a critical crossroads, leading to unexpected and inconvenient love. Produced by Paramount (2015)."
TITLE_003873,A bone-chilling limited series where a marine biologist's deep-sea expedition surfaces a creature that should not exist. Produced by Paramount (2000).
TITLE_003874,"A sweeping romance spanning three decades, exploring how first love quietly shapes every significant decision that follows. Produced by Sony (2015)."
TITLE_003875,A tender limited series in which two people who built walls against vulnerability slowly and reluctantly dismantle them together. Produced by Universal (1999).
TITLE_003876,A chilling psychological series in which a family discovers their renovated home was built atop the site of something unspeakable. Produced by Paramount (2019).
TITLE_003877,"A sweeping romance spanning three decades, exploring how first love quietly shapes every significant decision that follows. Produced by Sony (2019)."
TITLE_003878,A sharp satirical film skewering corporate culture through the eyes of the most reluctant middle manager alive. Produced by Netflix Studios (1996).
TITLE_003879,A thought-provoking documentary exploring the ethical fractures that open when deep-space colonization forces humanity to redefine citizenship. Produced by Warner Bros (1991).
TITLE_003880,"A heartwarming animated special that uses the adventures of misfit characters to explore belonging, courage, and found family. Produced by Sony (1993)."
TITLE_003881,"A heartwarming animated special that uses the adventures of misfit characters to explore belonging, courage, and found family. Produced by Warner Bros (1985)."
TITLE_003882,A bold animated documentary that challenges the boundaries of the form while delivering a story full of wit and genuine emotion. Produced by Paramount (2021).
TITLE_003883,A tender yet unflinching special in which three strangers bound by a shared tragedy find unexpected solidarity. Produced by Paramount (2009).
TITLE_003884,A pulse-pounding limited series where a covert operative races against time to prevent a global catastrophe. Produced by Apple TV+ (1982).
TITLE_003885,A gripping psychological documentary where a seasoned detective discovers the prime suspect may be hiding in plain sight. Produced by Disney (1981).
TITLE_003886,A tender documentary in which two people who built walls against vulnerability slowly and reluctantly dismantle them together. Produced by Netflix Studios (2009).
TITLE_003887,A slow-dread film exploring the horror of losing trust in your own perception of reality. Produced by Sony (2018).
TITLE_003888,A tender series in which two people who built walls against vulnerability slowly and reluctantly dismantle them together. Produced by Universal (2016).
TITLE_003889,A thought-provoking film exploring the ethical fractures that open when deep-space colonization forces humanity to redefine citizenship. Produced by Apple TV+ (1980).
TITLE_003890,A taut special in which a forensic archivist realizes the cold cases stacking up on her desk share one terrifying pattern. Produced by Warner Bros (1985).
TITLE_003891,A hilarious series following a group of well-meaning misfits whose cross-country trip descends into spectacular chaos. Produced by Netflix Studios (2009).
TITLE_003892,A pulse-pounding series where a covert operative races against time to prevent a global catastrophe. Produced by Disney (2012).
TITLE_003893,"An adrenaline-fueled special in which rival factions clash across three continents, leaving a trail of deception and betrayal. Produced by Disney (2008)."
TITLE_003894,"A heartwarming animated documentary that uses the adventures of misfit characters to explore belonging, courage, and found family. Produced by Warner Bros (1996)."
TITLE_003895,A chilling psychological documentary in which a family discovers their renovated home was built atop the site of something unspeakable. Produced by Paramount (1988).
TITLE_003896,A suspenseful special about a cybersecurity analyst who uncovers a conspiracy that reaches the highest corridors of power. Produced by Paramount (1985).
TITLE_003897,A visionary science fiction film set in a near future where artificial intelligence has fundamentally reshaped what it means to be human. Produced by Universal (2010).
TITLE_003898,A bold animated series that challenges the boundaries of the form while delivering a story full of wit and genuine emotion. Produced by Paramount (1991).
TITLE_003899,A pulse-pounding film where a covert operative races against time to prevent a global catastrophe. Produced by Paramount (2021).
TITLE_003900,A bone-chilling limited series where a marine biologist's deep-sea expedition surfaces a creature that should not exist. Produced by Netflix Studios (2009).
TITLE_003901,A terrifying limited series following a group of strangers stranded in a remote wilderness as something ancient and patient closes in. Produced by Sony (2025).
TITLE_003902,A slow-dread documentary exploring the horror of losing trust in your own perception of reality. Produced by Apple TV+ (1999).
TITLE_003903,A chilling psychological film in which a family discovers their renovated home was built atop the site of something unspeakable. Produced by Disney (1983).
TITLE_003904,An emotionally charged limited series about an individual's struggle to rebuild identity and purpose after an unexpected personal collapse. Produced by Disney (1997).
TITLE_003905,An imaginative animated limited series that takes a young protagonist on a breathtaking journey through a world governed by forgotten magic. Produced by Sony (1995).
TITLE_003906,A tender film in which two people who built walls against vulnerability slowly and reluctantly dismantle them together. Produced by Netflix Studios (1996).
TITLE_003907,A thought-provoking series exploring the ethical fractures that open when deep-space colonization forces humanity to redefine citizenship. Produced by Universal (1993).
TITLE_003908,"A sweeping romance spanning three decades, exploring how first love quietly shapes every significant decision that follows. Produced by Sony (1990)."
TITLE_003909,"A bittersweet romantic series following star-crossed lovers whose timing always seems to be precisely, maddeningly off. Produced by Apple TV+ (1981)."
TITLE_003910,A cerebral science fiction documentary about a theoretical physicist whose containment breach tears a hole in the fabric of spacetime. Produced by Universal (1990).
TITLE_003911,An emotionally charged documentary about an individual's struggle to rebuild identity and purpose after an unexpected personal collapse. Produced by Apple TV+ (2009).
TITLE_003912,A gripping psychological special where a seasoned detective discovers the prime suspect may be hiding in plain sight. Produced by Paramount (1996).
TITLE_003913,"A bittersweet romantic series following star-crossed lovers whose timing always seems to be precisely, maddeningly off. Produced by Netflix Studios (2019)."
TITLE_003914,A witty special about a small-town dreamer who accidentally becomes the most controversial person in a major city. Produced by Sony (1984).
TITLE_003915,An emotionally charged film about an individual's struggle to rebuild identity and purpose after an unexpected personal collapse. Produced by Netflix Studios (1981).
TITLE_003916,A bold animated limited series that challenges the boundaries of the form while delivering a story full of wit and genuine emotion. Produced by Netflix Studios (2010).
TITLE_003917,A bone-chilling documentary where a marine biologist's deep-sea expedition surfaces a creature that should not exist. Produced by Paramount (2020).
TITLE_003918,A slow-dread documentary exploring the horror of losing trust in your own perception of reality. Produced by Universal (1987).
TITLE_003919,A high-octane film about a former special forces veteran pulled back into the field for one last impossible mission. Produced by Sony (1991).
TITLE_003920,A witty series about a small-town dreamer who accidentally becomes the most controversial person in a major city. Produced by Warner Bros (2001).
TITLE_003921,A thought-provoking documentary exploring the ethical fractures that open when deep-space colonization forces humanity to redefine citizenship. Produced by Sony (1997).
TITLE_003922,A bold animated limited series that challenges the boundaries of the form while delivering a story full of wit and genuine emotion. Produced by Universal (2005).
TITLE_003923,"A powerful limited series exploring the fractured bonds between family members as they navigate grief, guilt, and reconciliation. Produced by Paramount (1999)."
TITLE_003924,An imaginative animated documentary that takes a young protagonist on a breathtaking journey through a world governed by forgotten magic. Produced by Warner Bros (2005).
TITLE_003925,A visually stunning animated special about an unlikely band of heroes who must defend their enchanted homeland from an ancient darkness. Produced by Sony (2024).
TITLE_003926,A tender documentary in which two people who built walls against vulnerability slowly and reluctantly dismantle them together. Produced by Paramount (1989).
TITLE_003927,A sharp satirical special skewering corporate culture through the eyes of the most reluctant middle manager alive. Produced by Warner Bros (2017).
TITLE_003928,"A sweeping romance spanning three decades, exploring how first love quietly shapes every significant decision that follows. Produced by Netflix Studios (1986)."
TITLE_003929,An imaginative animated film that takes a young protagonist on a breathtaking journey through a world governed by forgotten magic. Produced by Netflix Studios (2003).
TITLE_003930,A taut documentary in which a forensic archivist realizes the cold cases stacking up on her desk share one terrifying pattern. Produced by Paramount (1993).
TITLE_003931,A thought-provoking limited series exploring the ethical fractures that open when deep-space colonization forces humanity to redefine citizenship. Produced by Warner Bros (1982).
TITLE_003932,A visionary science fiction special set in a near future where artificial intelligence has fundamentally reshaped what it means to be human. Produced by Apple TV+ (2008).
TITLE_003933,A visionary science fiction documentary set in a near future where artificial intelligence has fundamentally reshaped what it means to be human. Produced by Sony (2002).
TITLE_003934,A hilarious film following a group of well-meaning misfits whose cross-country trip descends into spectacular chaos. Produced by Sony (2019).
TITLE_003935,"A heartwarming animated film that uses the adventures of misfit characters to explore belonging, courage, and found family. Produced by Disney (1999)."
TITLE_003936,A hilarious special following a group of well-meaning misfits whose cross-country trip descends into spectacular chaos. Produced by Netflix Studios (1991).
TITLE_003937,A tender limited series in which two people who built walls against vulnerability slowly and reluctantly dismantle them together. Produced by Disney (1997).
TITLE_003938,"A powerful film exploring the fractured bonds between family members as they navigate grief, guilt, and reconciliation. Produced by Apple TV+ (2002)."
TITLE_003939,"An adrenaline-fueled special in which rival factions clash across three continents, leaving a trail of deception and betrayal. Produced by Apple TV+ (1996)."
TITLE_003940,A bone-chilling special where a marine biologist's deep-sea expedition surfaces a creature that should not exist. Produced by Paramount (2015).
TITLE_003941,"A heartwarming animated series that uses the adventures of misfit characters to explore belonging, courage, and found family. Produced by Disney (2004)."
TITLE_003942,"A sweeping romance spanning three decades, exploring how first love quietly shapes every significant decision that follows. Produced by Warner Bros (1987)."
TITLE_003943,A visionary science fiction special set in a near future where artificial intelligence has fundamentally reshaped what it means to be human. Produced by Warner Bros (1998).
TITLE_003944,A thought-provoking special exploring the ethical fractures that open when deep-space colonization forces humanity to redefine citizenship. Produced by Paramount (2008).
TITLE_003945,A slow-dread special exploring the horror of losing trust in your own perception of reality. Produced by Universal (2012).
TITLE_003946,A visionary science fiction documentary set in a near future where artificial intelligence has fundamentally reshaped what it means to be human. Produced by Apple TV+ (2020).
TITLE_003947,A gripping psychological limited series where a seasoned detective discovers the prime suspect may be hiding in plain sight. Produced by Universal (1996).
TITLE_003948,A visually stunning animated documentary about an unlikely band of heroes who must defend their enchanted homeland from an ancient darkness. Produced by Warner Bros (2002).
TITLE_003949,A tender yet unflinching limited series in which three strangers bound by a shared tragedy find unexpected solidarity. Produced by Paramount (2002).
TITLE_003950,"An adrenaline-fueled documentary in which rival factions clash across three continents, leaving a trail of deception and betrayal. Produced by Disney (1998)."
TITLE_003951,A tender yet unflinching limited series in which three strangers bound by a shared tragedy find unexpected solidarity. Produced by Netflix Studios (2023).
TITLE_003952,A nuanced documentary that examines the quiet cost of ambition and the unspoken sacrifices we make for the people we love. Produced by Paramount (1992).
TITLE_003953,A tender yet unflinching documentary in which three strangers bound by a shared tragedy find unexpected solidarity. Produced by Disney (2015).
TITLE_003954,A hilarious limited series following a group of well-meaning misfits whose cross-country trip descends into spectacular chaos. Produced by Sony (1983).
TITLE_003955,An emotionally charged series about an individual's struggle to rebuild identity and purpose after an unexpected personal collapse. Produced by Universal (2001).
TITLE_003956,A bleak yet hopeful limited series depicting a generation born on a generation ship who have never seen Earth and no longer believe in it. Produced by Warner Bros (2010).
TITLE_003957,A chilling psychological special in which a family discovers their renovated home was built atop the site of something unspeakable. Produced by Apple TV+ (2021).
TITLE_003958,A pulse-pounding film where a covert operative races against time to prevent a global catastrophe. Produced by Paramount (2015).
TITLE_003959,A terrifying limited series following a group of strangers stranded in a remote wilderness as something ancient and patient closes in. Produced by Sony (2025).
TITLE_003960,A slow-burn series where a seemingly routine investigation peels back layers of a community's darkest secrets. Produced by Paramount (2011).
TITLE_003961,A charming special centered on a chaotic workplace where every attempt to impose order results in glorious failure. Produced by Paramount (2011).
TITLE_003962,A charming special centered on a chaotic workplace where every attempt to impose order results in glorious failure. Produced by Sony (2000).
TITLE_003963,A high-octane documentary about a former special forces veteran pulled back into the field for one last impossible mission. Produced by Apple TV+ (2023).
TITLE_003964,A tender yet unflinching film in which three strangers bound by a shared tragedy find unexpected solidarity. Produced by Disney (2025).
TITLE_003965,A taut special in which a forensic archivist realizes the cold cases stacking up on her desk share one terrifying pattern. Produced by Paramount (1980).
TITLE_003966,A tender limited series in which two people who built walls against vulnerability slowly and reluctantly dismantle them together. Produced by Paramount (1993).
TITLE_003967,"A heartwarming animated film that uses the adventures of misfit characters to explore belonging, courage, and found family. Produced by Sony (1999)."
TITLE_003968,A cerebral science fiction special about a theoretical physicist whose containment breach tears a hole in the fabric of spacetime. Produced by Netflix Studios (2010).
TITLE_003969,"A heartwarming animated series that uses the adventures of misfit characters to explore belonging, courage, and found family. Produced by Paramount (1985)."
TITLE_003970,A pulse-pounding limited series where a covert operative races against time to prevent a global catastrophe. Produced by Apple TV+ (2023).
TITLE_003971,A visionary science fiction special set in a near future where artificial intelligence has fundamentally reshaped what it means to be human. Produced by Sony (1981).
TITLE_003972,A gripping psychological special where a seasoned detective discovers the prime suspect may be hiding in plain sight. Produced by Universal (1991).
TITLE_003973,A cerebral science fiction film about a theoretical physicist whose containment breach tears a hole in the fabric of spacetime. Produced by Sony (1994).
TITLE_003974,A visionary science fiction special set in a near future where artificial intelligence has fundamentally reshaped what it means to be human. Produced by Warner Bros (2005).
TITLE_003975,A bone-chilling documentary where a marine biologist's deep-sea expedition surfaces a creature that should not exist. Produced by Apple TV+ (2019).
TITLE_003976,A chilling psychological special in which a family discovers their renovated home was built atop the site of something unspeakable. Produced by Universal (1994).
TITLE_003977,A terrifying film following a group of strangers stranded in a remote wilderness as something ancient and patient closes in. Produced by Netflix Studios (2024).
TITLE_003978,An explosive film following a disgraced soldier who must go rogue to expose corruption at the highest levels of government. Produced by Sony (1998).
TITLE_003979,A bold animated limited series that challenges the boundaries of the form while delivering a story full of wit and genuine emotion. Produced by Disney (2016).
TITLE_003980,A suspenseful series about a cybersecurity analyst who uncovers a conspiracy that reaches the highest corridors of power. Produced by Universal (1991).
TITLE_003981,A tender documentary in which two people who built walls against vulnerability slowly and reluctantly dismantle them together. Produced by Universal (2005).
TITLE_003982,A suspenseful special about a cybersecurity analyst who uncovers a conspiracy that reaches the highest corridors of power. Produced by Universal (2024).
TITLE_003983,A nuanced film that examines the quiet cost of ambition and the unspoken sacrifices we make for the people we love. Produced by Warner Bros (2023).
TITLE_003984,A charming series centered on a chaotic workplace where every attempt to impose order results in glorious failure. Produced by Warner Bros (2003).
TITLE_003985,A visually stunning animated limited series about an unlikely band of heroes who must defend their enchanted homeland from an ancient darkness. Produced by Paramount (2017).
TITLE_003986,A suspenseful special about a cybersecurity analyst who uncovers a conspiracy that reaches the highest corridors of power. Produced by Sony (1985).
TITLE_003987,A tender yet unflinching documentary in which three strangers bound by a shared tragedy find unexpected solidarity. Produced by Disney (2017).
TITLE_003988,A suspenseful film about a cybersecurity analyst who uncovers a conspiracy that reaches the highest corridors of power. Produced by Paramount (1989).
TITLE_003989,A hilarious series following a group of well-meaning misfits whose cross-country trip descends into spectacular chaos. Produced by Paramount (1982).
TITLE_003990,"A bittersweet romantic limited series following star-crossed lovers whose timing always seems to be precisely, maddeningly off. Produced by Universal (1999)."
TITLE_003991,A sharp satirical film skewering corporate culture through the eyes of the most reluctant middle manager alive. Produced by Apple TV+ (1982).
TITLE_003992,A nuanced series that examines the quiet cost of ambition and the unspoken sacrifices we make for the people we love. Produced by Netflix Studios (1996).
TITLE_003993,A bleak yet hopeful film depicting a generation born on a generation ship who have never seen Earth and no longer believe in it. Produced by Paramount (1998).
TITLE_003994,A slow-burn documentary where a seemingly routine investigation peels back layers of a community's darkest secrets. Produced by Universal (2024).
TITLE_003995,"An adrenaline-fueled limited series in which rival factions clash across three continents, leaving a trail of deception and betrayal. Produced by Sony (2008)."
TITLE_003996,A chilling psychological limited series in which a family discovers their renovated home was built atop the site of something unspeakable. Produced by Netflix Studios (2010).
TITLE_003997,A tender series in which two people who built walls against vulnerability slowly and reluctantly dismantle them together. Produced by Netflix Studios (2009).
TITLE_003998,"A sweeping romance spanning three decades, exploring how first love quietly shapes every significant decision that follows. Produced by Disney (1995)."
TITLE_003999,An emotionally charged special about an individual's struggle to rebuild identity and purpose after an unexpected personal collapse. Produced by Paramount (1982).
TITLE_004000,A tender yet unflinching special in which three strangers bound by a shared tragedy find unexpected solidarity. Produced by Disney (1991).
TITLE_004001,A bone-chilling film where a marine biologist's deep-sea expedition surfaces a creature that should not exist. Produced by Netflix Studios (1992).
TITLE_004002,A suspenseful special about a cybersecurity analyst who uncovers a conspiracy that reaches the highest corridors of power. Produced by Apple TV+ (2020).
TITLE_004003,"A heartfelt film about two strangers whose lives intersect at a critical crossroads, leading to unexpected and inconvenient love. Produced by Sony (1998)."
TITLE_004004,An explosive film following a disgraced soldier who must go rogue to expose corruption at the highest levels of government. Produced by Paramount (2010).
TITLE_004005,A tender series in which two people who built walls against vulnerability slowly and reluctantly dismantle them together. Produced by Paramount (1996).
TITLE_004006,An emotionally charged special about an individual's struggle to rebuild identity and purpose after an unexpected personal collapse. Produced by Disney (1986).
TITLE_004007,"A powerful series exploring the fractured bonds between family members as they navigate grief, guilt, and reconciliation. Produced by Disney (1987)."
TITLE_004008,An explosive limited series following a disgraced soldier who must go rogue to expose corruption at the highest levels of government. Produced by Paramount (2020).
TITLE_004009,A tender special in which two people who built walls against vulnerability slowly and reluctantly dismantle them together. Produced by Sony (1999).
TITLE_004010,An emotionally charged special about an individual's struggle to rebuild identity and purpose after an unexpected personal collapse. Produced by Sony (1994).
TITLE_004011,"A heartwarming animated documentary that uses the adventures of misfit characters to explore belonging, courage, and found family. Produced by Paramount (2000)."
TITLE_004012,A bold animated special that challenges the boundaries of the form while delivering a story full of wit and genuine emotion. Produced by Warner Bros (2022).
TITLE_004013,A tender series in which two people who built walls against vulnerability slowly and reluctantly dismantle them together. Produced by Universal (2017).
TITLE_004014,A witty limited series about a small-town dreamer who accidentally becomes the most controversial person in a major city. Produced by Warner Bros (1980).
TITLE_004015,"A powerful limited series exploring the fractured bonds between family members as they navigate grief, guilt, and reconciliation. Produced by Netflix Studios (1996)."
TITLE_004016,A slow-burn documentary where a seemingly routine investigation peels back layers of a community's darkest secrets. Produced by Apple TV+ (1997).
TITLE_004017,A tender yet unflinching special in which three strangers bound by a shared tragedy find unexpected solidarity. Produced by Warner Bros (2010).
TITLE_004018,A thought-provoking limited series exploring the ethical fractures that open when deep-space colonization forces humanity to redefine citizenship. Produced by Warner Bros (2011).
TITLE_004019,"A heartwarming animated documentary that uses the adventures of misfit characters to explore belonging, courage, and found family. Produced by Disney (2011)."
TITLE_004020,A visionary science fiction series set in a near future where artificial intelligence has fundamentally reshaped what it means to be human. Produced by Paramount (2025).
TITLE_004021,A nuanced documentary that examines the quiet cost of ambition and the unspoken sacrifices we make for the people we love. Produced by Sony (1999).
TITLE_004022,A bleak yet hopeful film depicting a generation born on a generation ship who have never seen Earth and no longer believe in it. Produced by Apple TV+ (1998).
TITLE_004023,"A heartfelt film about two strangers whose lives intersect at a critical crossroads, leading to unexpected and inconvenient love. Produced by Warner Bros (1983)."
TITLE_004024,A visually stunning animated limited series about an unlikely band of heroes who must defend their enchanted homeland from an ancient darkness. Produced by Disney (2020).
TITLE_004025,A thought-provoking special exploring the ethical fractures that open when deep-space colonization forces humanity to redefine citizenship. Produced by Apple TV+ (2012).
TITLE_004026,A bleak yet hopeful special depicting a generation born on a generation ship who have never seen Earth and no longer believe in it. Produced by Universal (1999).
TITLE_004027,"A heartwarming animated film that uses the adventures of misfit characters to explore belonging, courage, and found family. Produced by Netflix Studios (1988)."
TITLE_004028,A slow-burn film where a seemingly routine investigation peels back layers of a community's darkest secrets. Produced by Netflix Studios (1985).
TITLE_004029,A pulse-pounding special where a covert operative races against time to prevent a global catastrophe. Produced by Paramount (2001).
TITLE_004030,A terrifying series following a group of strangers stranded in a remote wilderness as something ancient and patient closes in. Produced by Paramount (2018).
TITLE_004031,A visionary science fiction film set in a near future where artificial intelligence has fundamentally reshaped what it means to be human. Produced by Warner Bros (1994).
TITLE_004032,"A powerful special exploring the fractured bonds between family members as they navigate grief, guilt, and reconciliation. Produced by Disney (2007)."
TITLE_004033,A thought-provoking documentary exploring the ethical fractures that open when deep-space colonization forces humanity to redefine citizenship. Produced by Paramount (2022).
TITLE_004034,A thought-provoking special exploring the ethical fractures that open when deep-space colonization forces humanity to redefine citizenship. Produced by Warner Bros (2009).
TITLE_004035,A slow-dread film exploring the horror of losing trust in your own perception of reality. Produced by Apple TV+ (2023).
TITLE_004036,A suspenseful limited series about a cybersecurity analyst who uncovers a conspiracy that reaches the highest corridors of power. Produced by Paramount (2012).
TITLE_004037,A taut limited series in which a forensic archivist realizes the cold cases stacking up on her desk share one terrifying pattern. Produced by Netflix Studios (1987).
TITLE_004038,A tender yet unflinching special in which three strangers bound by a shared tragedy find unexpected solidarity. Produced by Sony (2011).
TITLE_004039,A chilling psychological limited series in which a family discovers their renovated home was built atop the site of something unspeakable. Produced by Disney (2006).
TITLE_004040,A thought-provoking limited series exploring the ethical fractures that open when deep-space colonization forces humanity to redefine citizenship. Produced by Netflix Studios (1984).
TITLE_004041,A bone-chilling limited series where a marine biologist's deep-sea expedition surfaces a creature that should not exist. Produced by Netflix Studios (2011).
TITLE_004042,A visionary science fiction special set in a near future where artificial intelligence has fundamentally reshaped what it means to be human. Produced by Netflix Studios (2004).
TITLE_004043,"A bittersweet romantic film following star-crossed lovers whose timing always seems to be precisely, maddeningly off. Produced by Universal (2009)."
TITLE_004044,"A sweeping romance spanning three decades, exploring how first love quietly shapes every significant decision that follows. Produced by Apple TV+ (1998)."
TITLE_004045,An emotionally charged series about an individual's struggle to rebuild identity and purpose after an unexpected personal collapse. Produced by Sony (1997).
TITLE_004046,"A sweeping romance spanning three decades, exploring how first love quietly shapes every significant decision that follows. Produced by Paramount (1984)."
TITLE_004047,"A bittersweet romantic limited series following star-crossed lovers whose timing always seems to be precisely, maddeningly off. Produced by Warner Bros (1987)."
TITLE_004048,A visionary science fiction series set in a near future where artificial intelligence has fundamentally reshaped what it means to be human. Produced by Apple TV+ (1998).
TITLE_004049,"An adrenaline-fueled series in which rival factions clash across three continents, leaving a trail of deception and betrayal. Produced by Warner Bros (2005)."
TITLE_004050,A pulse-pounding series where a covert operative races against time to prevent a global catastrophe. Produced by Universal (2007).
TITLE_004051,A suspenseful limited series about a cybersecurity analyst who uncovers a conspiracy that reaches the highest corridors of power. Produced by Sony (2005).
TITLE_004052,A slow-dread limited series exploring the horror of losing trust in your own perception of reality. Produced by Warner Bros (2015).
TITLE_004053,A visually stunning animated special about an unlikely band of heroes who must defend their enchanted homeland from an ancient darkness. Produced by Warner Bros (1998).
TITLE_004054,A slow-dread series exploring the horror of losing trust in your own perception of reality. Produced by Warner Bros (2013).
TITLE_004055,A bone-chilling special where a marine biologist's deep-sea expedition surfaces a creature that should not exist. Produced by Netflix Studios (2011).
TITLE_004056,A taut film in which a forensic archivist realizes the cold cases stacking up on her desk share one terrifying pattern. Produced by Disney (1980).
TITLE_004057,A chilling psychological documentary in which a family discovers their renovated home was built atop the site of something unspeakable. Produced by Paramount (2003).
TITLE_004058,A visually stunning animated documentary about an unlikely band of heroes who must defend their enchanted homeland from an ancient darkness. Produced by Sony (2019).
TITLE_004059,A charming series centered on a chaotic workplace where every attempt to impose order results in glorious failure. Produced by Sony (2001).
TITLE_004060,A bold animated special that challenges the boundaries of the form while delivering a story full of wit and genuine emotion. Produced by Universal (2000).
TITLE_004061,A charming limited series centered on a chaotic workplace where every attempt to impose order results in glorious failure. Produced by Sony (1995).
TITLE_004062,A thought-provoking limited series exploring the ethical fractures that open when deep-space colonization forces humanity to redefine citizenship. Produced by Warner Bros (2004).
TITLE_004063,A tender yet unflinching film in which three strangers bound by a shared tragedy find unexpected solidarity. Produced by Sony (1994).
TITLE_004064,"A sweeping romance spanning three decades, exploring how first love quietly shapes every significant decision that follows. Produced by Disney (2001)."
TITLE_004065,"A sweeping romance spanning three decades, exploring how first love quietly shapes every significant decision that follows. Produced by Apple TV+ (2017)."
TITLE_004066,"A bittersweet romantic limited series following star-crossed lovers whose timing always seems to be precisely, maddeningly off. Produced by Universal (2014)."
TITLE_004067,An explosive documentary following a disgraced soldier who must go rogue to expose corruption at the highest levels of government. Produced by Apple TV+ (2024).
TITLE_004068,A slow-burn documentary where a seemingly routine investigation peels back layers of a community's darkest secrets. Produced by Paramount (1993).
TITLE_004069,A tender film in which two people who built walls against vulnerability slowly and reluctantly dismantle them together. Produced by Sony (2013).
TITLE_004070,A charming film centered on a chaotic workplace where every attempt to impose order results in glorious failure. Produced by Disney (1988).
TITLE_004071,A taut series in which a forensic archivist realizes the cold cases stacking up on her desk share one terrifying pattern. Produced by Apple TV+ (1995).
TITLE_004072,"A heartwarming animated film that uses the adventures of misfit characters to explore belonging, courage, and found family. Produced by Sony (1992)."
TITLE_004073,A visually stunning animated film about an unlikely band of heroes who must defend their enchanted homeland from an ancient darkness. Produced by Netflix Studios (1985).
TITLE_004074,"A heartwarming animated limited series that uses the adventures of misfit characters to explore belonging, courage, and found family. Produced by Warner Bros (1999)."
TITLE_004075,A high-octane film about a former special forces veteran pulled back into the field for one last impossible mission. Produced by Sony (2003).
TITLE_004076,"A sweeping romance spanning three decades, exploring how first love quietly shapes every significant decision that follows. Produced by Warner Bros (1995)."
TITLE_004077,A gripping psychological special where a seasoned detective discovers the prime suspect may be hiding in plain sight. Produced by Universal (1992).
TITLE_004078,A suspenseful film about a cybersecurity analyst who uncovers a conspiracy that reaches the highest corridors of power. Produced by Disney (2002).
TITLE_004079,"A heartwarming animated documentary that uses the adventures of misfit characters to explore belonging, courage, and found family. Produced by Apple TV+ (1987)."
TITLE_004080,"A sweeping romance spanning three decades, exploring how first love quietly shapes every significant decision that follows. Produced by Apple TV+ (1981)."
TITLE_004081,A hilarious special following a group of well-meaning misfits whose cross-country trip descends into spectacular chaos. Produced by Universal (2006).
TITLE_004082,"A heartfelt film about two strangers whose lives intersect at a critical crossroads, leading to unexpected and inconvenient love. Produced by Disney (2006)."
TITLE_004083,A witty special about a small-town dreamer who accidentally becomes the most controversial person in a major city. Produced by Sony (2015).
TITLE_004084,"A heartwarming animated film that uses the adventures of misfit characters to explore belonging, courage, and found family. Produced by Warner Bros (1990)."
TITLE_004085,A visionary science fiction film set in a near future where artificial intelligence has fundamentally reshaped what it means to be human. Produced by Universal (2001).
TITLE_004086,A high-octane series about a former special forces veteran pulled back into the field for one last impossible mission. Produced by Paramount (2004).
TITLE_004087,"A heartwarming animated documentary that uses the adventures of misfit characters to explore belonging, courage, and found family. Produced by Disney (2025)."
TITLE_004088,An explosive series following a disgraced soldier who must go rogue to expose corruption at the highest levels of government. Produced by Apple TV+ (2022).
TITLE_004089,A tender yet unflinching film in which three strangers bound by a shared tragedy find unexpected solidarity. Produced by Netflix Studios (2014).
TITLE_004090,A bleak yet hopeful special depicting a generation born on a generation ship who have never seen Earth and no longer believe in it. Produced by Apple TV+ (1982).
TITLE_004091,"An adrenaline-fueled documentary in which rival factions clash across three continents, leaving a trail of deception and betrayal. Produced by Apple TV+ (2011)."
TITLE_004092,"A bittersweet romantic special following star-crossed lovers whose timing always seems to be precisely, maddeningly off. Produced by Paramount (2024)."
TITLE_004093,"A powerful limited series exploring the fractured bonds between family members as they navigate grief, guilt, and reconciliation. Produced by Netflix Studios (1995)."
TITLE_004094,"A heartwarming animated documentary that uses the adventures of misfit characters to explore belonging, courage, and found family. Produced by Sony (2015)."
TITLE_004095,"A bittersweet romantic series following star-crossed lovers whose timing always seems to be precisely, maddeningly off. Produced by Warner Bros (1985)."
TITLE_004096,A witty limited series about a small-town dreamer who accidentally becomes the most controversial person in a major city. Produced by Apple TV+ (2000).
TITLE_004097,A charming limited series centered on a chaotic workplace where every attempt to impose order results in glorious failure. Produced by Disney (2007).
TITLE_004098,A witty series about a small-town dreamer who accidentally becomes the most controversial person in a major city. Produced by Netflix Studios (2025).
TITLE_004099,An explosive documentary following a disgraced soldier who must go rogue to expose corruption at the highest levels of government. Produced by Paramount (2018).
TITLE_004100,A terrifying documentary following a group of strangers stranded in a remote wilderness as something ancient and patient closes in. Produced by Sony (1988).
TITLE_004101,A suspenseful special about a cybersecurity analyst who uncovers a conspiracy that reaches the highest corridors of power. Produced by Disney (2019).
TITLE_004102,A taut documentary in which a forensic archivist realizes the cold cases stacking up on her desk share one terrifying pattern. Produced by Disney (1984).
TITLE_004103,A chilling psychological series in which a family discovers their renovated home was built atop the site of something unspeakable. Produced by Warner Bros (2006).
TITLE_004104,A visually stunning animated film about an unlikely band of heroes who must defend their enchanted homeland from an ancient darkness. Produced by Universal (1999).
TITLE_004105,A tender special in which two people who built walls against vulnerability slowly and reluctantly dismantle them together. Produced by Apple TV+ (1994).
TITLE_004106,A bone-chilling film where a marine biologist's deep-sea expedition surfaces a creature that should not exist. Produced by Paramount (1987).
TITLE_004107,A witty film about a small-town dreamer who accidentally becomes the most controversial person in a major city. Produced by Sony (1990).
TITLE_004108,A suspenseful limited series about a cybersecurity analyst who uncovers a conspiracy that reaches the highest corridors of power. Produced by Disney (1993).
TITLE_004109,A suspenseful documentary about a cybersecurity analyst who uncovers a conspiracy that reaches the highest corridors of power. Produced by Universal (1995).
TITLE_004110,An emotionally charged series about an individual's struggle to rebuild identity and purpose after an unexpected personal collapse. Produced by Sony (2008).
TITLE_004111,A visionary science fiction series set in a near future where artificial intelligence has fundamentally reshaped what it means to be human. Produced by Disney (2014).
TITLE_004112,A pulse-pounding limited series where a covert operative races against time to prevent a global catastrophe. Produced by Universal (2002).
TITLE_004113,A pulse-pounding film where a covert operative races against time to prevent a global catastrophe. Produced by Warner Bros (2004).
TITLE_004114,"A powerful series exploring the fractured bonds between family members as they navigate grief, guilt, and reconciliation. Produced by Netflix Studios (2017)."
TITLE_004115,A chilling psychological limited series in which a family discovers their renovated home was built atop the site of something unspeakable. Produced by Warner Bros (2018).
TITLE_004116,A nuanced film that examines the quiet cost of ambition and the unspoken sacrifices we make for the people we love. Produced by Paramount (1988).
TITLE_004117,A bone-chilling limited series where a marine biologist's deep-sea expedition surfaces a creature that should not exist. Produced by Sony (2024).
TITLE_004118,An imaginative animated documentary that takes a young protagonist on a breathtaking journey through a world governed by forgotten magic. Produced by Disney (2021).
TITLE_004119,A nuanced limited series that examines the quiet cost of ambition and the unspoken sacrifices we make for the people we love. Produced by Universal (1997).
TITLE_004120,A high-octane documentary about a former special forces veteran pulled back into the field for one last impossible mission. Produced by Netflix Studios (2017).
TITLE_004121,A witty documentary about a small-town dreamer who accidentally becomes the most controversial person in a major city. Produced by Warner Bros (2008).
TITLE_004122,A sharp satirical documentary skewering corporate culture through the eyes of the most reluctant middle manager alive. Produced by Disney (1999).
TITLE_004123,A taut series in which a forensic archivist realizes the cold cases stacking up on her desk share one terrifying pattern. Produced by Warner Bros (1990).
TITLE_004124,An imaginative animated special that takes a young protagonist on a breathtaking journey through a world governed by forgotten magic. Produced by Apple TV+ (2022).
TITLE_004125,A thought-provoking series exploring the ethical fractures that open when deep-space colonization forces humanity to redefine citizenship. Produced by Disney (1981).
TITLE_004126,A witty special about a small-town dreamer who accidentally becomes the most controversial person in a major city. Produced by Warner Bros (2011).
TITLE_004127,A nuanced limited series that examines the quiet cost of ambition and the unspoken sacrifices we make for the people we love. Produced by Apple TV+ (2002).
TITLE_004128,"A powerful film exploring the fractured bonds between family members as they navigate grief, guilt, and reconciliation. Produced by Disney (1980)."
TITLE_004129,"An adrenaline-fueled special in which rival factions clash across three continents, leaving a trail of deception and betrayal. Produced by Disney (1984)."
TITLE_004130,A charming series centered on a chaotic workplace where every attempt to impose order results in glorious failure. Produced by Netflix Studios (1985).
TITLE_004131,A nuanced special that examines the quiet cost of ambition and the unspoken sacrifices we make for the people we love. Produced by Paramount (2021).
TITLE_004132,A bleak yet hopeful series depicting a generation born on a generation ship who have never seen Earth and no longer believe in it. Produced by Paramount (2001).
TITLE_004133,"A heartwarming animated special that uses the adventures of misfit characters to explore belonging, courage, and found family. Produced by Sony (2025)."
TITLE_004134,An emotionally charged series about an individual's struggle to rebuild identity and purpose after an unexpected personal collapse. Produced by Universal (1981).
TITLE_004135,A nuanced film that examines the quiet cost of ambition and the unspoken sacrifices we make for the people we love. Produced by Netflix Studios (2007).
TITLE_004136,A witty film about a small-town dreamer who accidentally becomes the most controversial person in a major city. Produced by Paramount (2025).
TITLE_004137,An explosive documentary following a disgraced soldier who must go rogue to expose corruption at the highest levels of government. Produced by Netflix Studios (2021).
TITLE_004138,A bone-chilling series where a marine biologist's deep-sea expedition surfaces a creature that should not exist. Produced by Disney (1999).
TITLE_004139,A bleak yet hopeful special depicting a generation born on a generation ship who have never seen Earth and no longer believe in it. Produced by Paramount (1988).
TITLE_004140,A bold animated series that challenges the boundaries of the form while delivering a story full of wit and genuine emotion. Produced by Sony (2023).
TITLE_004141,A nuanced special that examines the quiet cost of ambition and the unspoken sacrifices we make for the people we love. Produced by Paramount (2005).
TITLE_004142,A gripping psychological series where a seasoned detective discovers the prime suspect may be hiding in plain sight. Produced by Warner Bros (1996).
TITLE_004143,A high-octane special about a former special forces veteran pulled back into the field for one last impossible mission. Produced by Paramount (2018).
TITLE_004144,A slow-burn limited series where a seemingly routine investigation peels back layers of a community's darkest secrets. Produced by Paramount (2010).
TITLE_004145,A visionary science fiction special set in a near future where artificial intelligence has fundamentally reshaped what it means to be human. Produced by Apple TV+ (2008).
TITLE_004146,A slow-burn documentary where a seemingly routine investigation peels back layers of a community's darkest secrets. Produced by Warner Bros (1993).
TITLE_004147,"A heartwarming animated series that uses the adventures of misfit characters to explore belonging, courage, and found family. Produced by Disney (1984)."
TITLE_004148,A pulse-pounding series where a covert operative races against time to prevent a global catastrophe. Produced by Sony (2019).
TITLE_004149,A slow-dread special exploring the horror of losing trust in your own perception of reality. Produced by Warner Bros (2009).
TITLE_004150,A suspenseful documentary about a cybersecurity analyst who uncovers a conspiracy that reaches the highest corridors of power. Produced by Paramount (2009).
TITLE_004151,A gripping psychological limited series where a seasoned detective discovers the prime suspect may be hiding in plain sight. Produced by Apple TV+ (2017).
TITLE_004152,A visionary science fiction documentary set in a near future where artificial intelligence has fundamentally reshaped what it means to be human. Produced by Netflix Studios (2010).
TITLE_004153,A high-octane limited series about a former special forces veteran pulled back into the field for one last impossible mission. Produced by Paramount (1998).
TITLE_004154,"A heartfelt film about two strangers whose lives intersect at a critical crossroads, leading to unexpected and inconvenient love. Produced by Warner Bros (1991)."
TITLE_004155,"A heartfelt film about two strangers whose lives intersect at a critical crossroads, leading to unexpected and inconvenient love. Produced by Universal (2009)."
TITLE_004156,A slow-burn special where a seemingly routine investigation peels back layers of a community's darkest secrets. Produced by Sony (2008).
TITLE_004157,A cerebral science fiction special about a theoretical physicist whose containment breach tears a hole in the fabric of spacetime. Produced by Paramount (2015).
TITLE_004158,A gripping psychological limited series where a seasoned detective discovers the prime suspect may be hiding in plain sight. Produced by Warner Bros (2005).
TITLE_004159,"A heartwarming animated documentary that uses the adventures of misfit characters to explore belonging, courage, and found family. Produced by Sony (2017)."
TITLE_004160,A charming documentary centered on a chaotic workplace where every attempt to impose order results in glorious failure. Produced by Netflix Studios (1985).
TITLE_004161,A chilling psychological special in which a family discovers their renovated home was built atop the site of something unspeakable. Produced by Warner Bros (2008).
TITLE_004162,A slow-burn documentary where a seemingly routine investigation peels back layers of a community's darkest secrets. Produced by Disney (2023).
TITLE_004163,A bleak yet hopeful film depicting a generation born on a generation ship who have never seen Earth and no longer believe in it. Produced by Paramount (2003).
TITLE_004164,A chilling psychological special in which a family discovers their renovated home was built atop the site of something unspeakable. Produced by Universal (2013).
TITLE_004165,A tender limited series in which two people who built walls against vulnerability slowly and reluctantly dismantle them together. Produced by Disney (1993).
TITLE_004166,A tender documentary in which two people who built walls against vulnerability slowly and reluctantly dismantle them together. Produced by Universal (2015).
TITLE_004167,A high-octane film about a former special forces veteran pulled back into the field for one last impossible mission. Produced by Disney (2001).
TITLE_004168,"A bittersweet romantic documentary following star-crossed lovers whose timing always seems to be precisely, maddeningly off. Produced by Netflix Studios (1994)."
TITLE_004169,An emotionally charged series about an individual's struggle to rebuild identity and purpose after an unexpected personal collapse. Produced by Netflix Studios (1996).
TITLE_004170,A high-octane documentary about a former special forces veteran pulled back into the field for one last impossible mission. Produced by Apple TV+ (2017).
TITLE_004171,A bone-chilling documentary where a marine biologist's deep-sea expedition surfaces a creature that should not exist. Produced by Apple TV+ (2009).
TITLE_004172,A sharp satirical documentary skewering corporate culture through the eyes of the most reluctant middle manager alive. Produced by Sony (2009).
TITLE_004173,A taut documentary in which a forensic archivist realizes the cold cases stacking up on her desk share one terrifying pattern. Produced by Sony (1990).
TITLE_004174,A thought-provoking film exploring the ethical fractures that open when deep-space colonization forces humanity to redefine citizenship. Produced by Disney (2007).
TITLE_004175,A chilling psychological documentary in which a family discovers their renovated home was built atop the site of something unspeakable. Produced by Disney (1981).
TITLE_004176,A suspenseful special about a cybersecurity analyst who uncovers a conspiracy that reaches the highest corridors of power. Produced by Paramount (2006).
TITLE_004177,A charming film centered on a chaotic workplace where every attempt to impose order results in glorious failure. Produced by Paramount (2003).
TITLE_004178,"An adrenaline-fueled film in which rival factions clash across three continents, leaving a trail of deception and betrayal. Produced by Netflix Studios (1996)."
TITLE_004179,"A sweeping romance spanning three decades, exploring how first love quietly shapes every significant decision that follows. Produced by Disney (1996)."
TITLE_004180,A tender yet unflinching documentary in which three strangers bound by a shared tragedy find unexpected solidarity. Produced by Paramount (1994).
TITLE_004181,An imaginative animated series that takes a young protagonist on a breathtaking journey through a world governed by forgotten magic. Produced by Netflix Studios (2015).
TITLE_004182,"A heartwarming animated limited series that uses the adventures of misfit characters to explore belonging, courage, and found family. Produced by Sony (1995)."
TITLE_004183,A witty series about a small-town dreamer who accidentally becomes the most controversial person in a major city. Produced by Warner Bros (1995).
TITLE_004184,A tender film in which two people who built walls against vulnerability slowly and reluctantly dismantle them together. Produced by Disney (1982).
TITLE_004185,A visionary science fiction documentary set in a near future where artificial intelligence has fundamentally reshaped what it means to be human. Produced by Netflix Studios (1992).
TITLE_004186,A high-octane documentary about a former special forces veteran pulled back into the field for one last impossible mission. Produced by Apple TV+ (2014).
TITLE_004187,A slow-dread series exploring the horror of losing trust in your own perception of reality. Produced by Netflix Studios (1992).
TITLE_004188,"A bittersweet romantic special following star-crossed lovers whose timing always seems to be precisely, maddeningly off. Produced by Universal (1996)."
TITLE_004189,A tender special in which two people who built walls against vulnerability slowly and reluctantly dismantle them together. Produced by Sony (1985).
TITLE_004190,A visionary science fiction series set in a near future where artificial intelligence has fundamentally reshaped what it means to be human. Produced by Disney (1987).
TITLE_004191,A tender special in which two people who built walls against vulnerability slowly and reluctantly dismantle them together. Produced by Paramount (1985).
TITLE_004192,"A powerful series exploring the fractured bonds between family members as they navigate grief, guilt, and reconciliation. Produced by Netflix Studios (2023)."
TITLE_004193,A tender yet unflinching film in which three strangers bound by a shared tragedy find unexpected solidarity. Produced by Disney (2020).
TITLE_004194,A chilling psychological special in which a family discovers their renovated home was built atop the site of something unspeakable. Produced by Warner Bros (2016).
TITLE_004195,A bold animated series that challenges the boundaries of the form while delivering a story full of wit and genuine emotion. Produced by Paramount (1995).
TITLE_004196,A visionary science fiction special set in a near future where artificial intelligence has fundamentally reshaped what it means to be human. Produced by Universal (2025).
TITLE_004197,A bold animated limited series that challenges the boundaries of the form while delivering a story full of wit and genuine emotion. Produced by Disney (2019).
TITLE_004198,A sharp satirical film skewering corporate culture through the eyes of the most reluctant middle manager alive. Produced by Paramount (2000).
TITLE_004199,A cerebral science fiction series about a theoretical physicist whose containment breach tears a hole in the fabric of spacetime. Produced by Sony (2014).
TITLE_004200,A slow-dread documentary exploring the horror of losing trust in your own perception of reality. Produced by Apple TV+ (1990).
TITLE_004201,A visually stunning animated limited series about an unlikely band of heroes who must defend their enchanted homeland from an ancient darkness. Produced by Sony (1982).
TITLE_004202,"A sweeping romance spanning three decades, exploring how first love quietly shapes every significant decision that follows. Produced by Universal (2010)."
TITLE_004203,A sharp satirical documentary skewering corporate culture through the eyes of the most reluctant middle manager alive. Produced by Paramount (1982).
TITLE_004204,A charming film centered on a chaotic workplace where every attempt to impose order results in glorious failure. Produced by Sony (2024).
TITLE_004205,A visually stunning animated series about an unlikely band of heroes who must defend their enchanted homeland from an ancient darkness. Produced by Sony (2025).
TITLE_004206,An explosive series following a disgraced soldier who must go rogue to expose corruption at the highest levels of government. Produced by Sony (2022).
TITLE_004207,A suspenseful special about a cybersecurity analyst who uncovers a conspiracy that reaches the highest corridors of power. Produced by Paramount (2013).
TITLE_004208,A visually stunning animated limited series about an unlikely band of heroes who must defend their enchanted homeland from an ancient darkness. Produced by Sony (1996).
TITLE_004209,"A sweeping romance spanning three decades, exploring how first love quietly shapes every significant decision that follows. Produced by Universal (1997)."
TITLE_004210,A chilling psychological documentary in which a family discovers their renovated home was built atop the site of something unspeakable. Produced by Paramount (1983).
TITLE_004211,A pulse-pounding series where a covert operative races against time to prevent a global catastrophe. Produced by Universal (2020).
TITLE_004212,A visionary science fiction special set in a near future where artificial intelligence has fundamentally reshaped what it means to be human. Produced by Warner Bros (2006).
TITLE_004213,A suspenseful film about a cybersecurity analyst who uncovers a conspiracy that reaches the highest corridors of power. Produced by Sony (1986).
TITLE_004214,A bone-chilling limited series where a marine biologist's deep-sea expedition surfaces a creature that should not exist. Produced by Universal (2002).
TITLE_004215,"A heartwarming animated film that uses the adventures of misfit characters to explore belonging, courage, and found family. Produced by Disney (1996)."
TITLE_004216,A witty limited series about a small-town dreamer who accidentally becomes the most controversial person in a major city. Produced by Netflix Studios (1998).
TITLE_004217,A cerebral science fiction documentary about a theoretical physicist whose containment breach tears a hole in the fabric of spacetime. Produced by Disney (2024).
TITLE_004218,An emotionally charged series about an individual's struggle to rebuild identity and purpose after an unexpected personal collapse. Produced by Warner Bros (2020).
TITLE_004219,"A bittersweet romantic series following star-crossed lovers whose timing always seems to be precisely, maddeningly off. Produced by Disney (2012)."
TITLE_004220,An explosive series following a disgraced soldier who must go rogue to expose corruption at the highest levels of government. Produced by Universal (2007).
TITLE_004221,An emotionally charged documentary about an individual's struggle to rebuild identity and purpose after an unexpected personal collapse. Produced by Netflix Studios (1985).
TITLE_004222,A terrifying special following a group of strangers stranded in a remote wilderness as something ancient and patient closes in. Produced by Paramount (2000).
TITLE_004223,A sharp satirical special skewering corporate culture through the eyes of the most reluctant middle manager alive. Produced by Universal (1983).
TITLE_004224,A tender film in which two people who built walls against vulnerability slowly and reluctantly dismantle them together. Produced by Netflix Studios (2012).
TITLE_004225,A slow-dread limited series exploring the horror of losing trust in your own perception of reality. Produced by Paramount (2004).
TITLE_004226,A nuanced documentary that examines the quiet cost of ambition and the unspoken sacrifices we make for the people we love. Produced by Apple TV+ (2014).
TITLE_004227,A bleak yet hopeful series depicting a generation born on a generation ship who have never seen Earth and no longer believe in it. Produced by Sony (2012).
TITLE_004228,A gripping psychological limited series where a seasoned detective discovers the prime suspect may be hiding in plain sight. Produced by Disney (1996).
TITLE_004229,A tender yet unflinching film in which three strangers bound by a shared tragedy find unexpected solidarity. Produced by Paramount (2016).
TITLE_004230,"An adrenaline-fueled special in which rival factions clash across three continents, leaving a trail of deception and betrayal. Produced by Paramount (2012)."
TITLE_004231,A visionary science fiction special set in a near future where artificial intelligence has fundamentally reshaped what it means to be human. Produced by Paramount (2019).
TITLE_004232,A tender yet unflinching documentary in which three strangers bound by a shared tragedy find unexpected solidarity. Produced by Netflix Studios (2019).
TITLE_004233,An emotionally charged film about an individual's struggle to rebuild identity and purpose after an unexpected personal collapse. Produced by Disney (2016).
TITLE_004234,A charming limited series centered on a chaotic workplace where every attempt to impose order results in glorious failure. Produced by Sony (2013).
TITLE_004235,A visionary science fiction series set in a near future where artificial intelligence has fundamentally reshaped what it means to be human. Produced by Disney (1981).
TITLE_004236,"A heartfelt series about two strangers whose lives intersect at a critical crossroads, leading to unexpected and inconvenient love. Produced by Netflix Studios (1980)."
TITLE_004237,A chilling psychological series in which a family discovers their renovated home was built atop the site of something unspeakable. Produced by Paramount (1982).
TITLE_004238,A witty limited series about a small-town dreamer who accidentally becomes the most controversial person in a major city. Produced by Universal (2009).
TITLE_004239,An explosive series following a disgraced soldier who must go rogue to expose corruption at the highest levels of government. Produced by Apple TV+ (2014).
TITLE_004240,A suspenseful documentary about a cybersecurity analyst who uncovers a conspiracy that reaches the highest corridors of power. Produced by Apple TV+ (1990).
TITLE_004241,A taut limited series in which a forensic archivist realizes the cold cases stacking up on her desk share one terrifying pattern. Produced by Disney (2006).
TITLE_004242,A slow-burn film where a seemingly routine investigation peels back layers of a community's darkest secrets. Produced by Sony (1993).
TITLE_004243,A tender special in which two people who built walls against vulnerability slowly and reluctantly dismantle them together. Produced by Sony (2014).
TITLE_004244,"A powerful documentary exploring the fractured bonds between family members as they navigate grief, guilt, and reconciliation. Produced by Sony (2005)."
TITLE_004245,"A bittersweet romantic series following star-crossed lovers whose timing always seems to be precisely, maddeningly off. Produced by Warner Bros (2014)."
TITLE_004246,"A heartwarming animated series that uses the adventures of misfit characters to explore belonging, courage, and found family. Produced by Apple TV+ (2019)."
TITLE_004247,A tender limited series in which two people who built walls against vulnerability slowly and reluctantly dismantle them together. Produced by Paramount (1995).
TITLE_004248,A bold animated limited series that challenges the boundaries of the form while delivering a story full of wit and genuine emotion. Produced by Universal (2011).
TITLE_004249,A bold animated special that challenges the boundaries of the form while delivering a story full of wit and genuine emotion. Produced by Disney (1996).
TITLE_004250,A hilarious special following a group of well-meaning misfits whose cross-country trip descends into spectacular chaos. Produced by Sony (1994).
TITLE_004251,A high-octane film about a former special forces veteran pulled back into the field for one last impossible mission. Produced by Disney (2009).
TITLE_004252,An explosive documentary following a disgraced soldier who must go rogue to expose corruption at the highest levels of government. Produced by Disney (1984).
TITLE_004253,A charming limited series centered on a chaotic workplace where every attempt to impose order results in glorious failure. Produced by Universal (1989).
TITLE_004254,A visionary science fiction film set in a near future where artificial intelligence has fundamentally reshaped what it means to be human. Produced by Universal (2007).
TITLE_004255,A bleak yet hopeful film depicting a generation born on a generation ship who have never seen Earth and no longer believe in it. Produced by Sony (1989).
TITLE_004256,A terrifying series following a group of strangers stranded in a remote wilderness as something ancient and patient closes in. Produced by Netflix Studios (2016).
TITLE_004257,"A heartfelt film about two strangers whose lives intersect at a critical crossroads, leading to unexpected and inconvenient love. Produced by Sony (2019)."
TITLE_004258,A chilling psychological documentary in which a family discovers their renovated home was built atop the site of something unspeakable. Produced by Warner Bros (2023).
TITLE_004259,"A heartwarming animated film that uses the adventures of misfit characters to explore belonging, courage, and found family. Produced by Disney (1982)."
TITLE_004260,A charming special centered on a chaotic workplace where every attempt to impose order results in glorious failure. Produced by Netflix Studios (2019).
TITLE_004261,"A heartfelt special about two strangers whose lives intersect at a critical crossroads, leading to unexpected and inconvenient love. Produced by Warner Bros (1997)."
TITLE_004262,A sharp satirical series skewering corporate culture through the eyes of the most reluctant middle manager alive. Produced by Universal (1991).
TITLE_004263,A pulse-pounding limited series where a covert operative races against time to prevent a global catastrophe. Produced by Sony (1990).
TITLE_004264,A gripping psychological documentary where a seasoned detective discovers the prime suspect may be hiding in plain sight. Produced by Universal (2002).
TITLE_004265,An imaginative animated documentary that takes a young protagonist on a breathtaking journey through a world governed by forgotten magic. Produced by Disney (2016).
TITLE_004266,A bone-chilling special where a marine biologist's deep-sea expedition surfaces a creature that should not exist. Produced by Disney (1987).
TITLE_004267,An imaginative animated documentary that takes a young protagonist on a breathtaking journey through a world governed by forgotten magic. Produced by Sony (2021).
TITLE_004268,A suspenseful series about a cybersecurity analyst who uncovers a conspiracy that reaches the highest corridors of power. Produced by Universal (2002).
TITLE_004269,A sharp satirical series skewering corporate culture through the eyes of the most reluctant middle manager alive. Produced by Warner Bros (1981).
TITLE_004270,"A powerful series exploring the fractured bonds between family members as they navigate grief, guilt, and reconciliation. Produced by Disney (1981)."
TITLE_004271,A bone-chilling documentary where a marine biologist's deep-sea expedition surfaces a creature that should not exist. Produced by Netflix Studios (1992).
TITLE_004272,"A heartfelt series about two strangers whose lives intersect at a critical crossroads, leading to unexpected and inconvenient love. Produced by Netflix Studios (1988)."
TITLE_004273,A thought-provoking special exploring the ethical fractures that open when deep-space colonization forces humanity to redefine citizenship. Produced by Sony (1984).
TITLE_004274,An explosive limited series following a disgraced soldier who must go rogue to expose corruption at the highest levels of government. Produced by Warner Bros (1981).
TITLE_004275,A sharp satirical series skewering corporate culture through the eyes of the most reluctant middle manager alive. Produced by Netflix Studios (2021).
TITLE_004276,A bleak yet hopeful film depicting a generation born on a generation ship who have never seen Earth and no longer believe in it. Produced by Disney (1986).
TITLE_004277,A taut limited series in which a forensic archivist realizes the cold cases stacking up on her desk share one terrifying pattern. Produced by Sony (2019).
TITLE_004278,A high-octane documentary about a former special forces veteran pulled back into the field for one last impossible mission. Produced by Universal (1992).
TITLE_004279,A cerebral science fiction documentary about a theoretical physicist whose containment breach tears a hole in the fabric of spacetime. Produced by Netflix Studios (2016).
TITLE_004280,A taut film in which a forensic archivist realizes the cold cases stacking up on her desk share one terrifying pattern. Produced by Sony (2012).
TITLE_004281,A nuanced limited series that examines the quiet cost of ambition and the unspoken sacrifices we make for the people we love. Produced by Universal (1996).
TITLE_004282,A bleak yet hopeful film depicting a generation born on a generation ship who have never seen Earth and no longer believe in it. Produced by Apple TV+ (1981).
TITLE_004283,A visually stunning animated series about an unlikely band of heroes who must defend their enchanted homeland from an ancient darkness. Produced by Universal (2020).
TITLE_004284,"A sweeping romance spanning three decades, exploring how first love quietly shapes every significant decision that follows. Produced by Warner Bros (2015)."
TITLE_004285,A visionary science fiction film set in a near future where artificial intelligence has fundamentally reshaped what it means to be human. Produced by Paramount (1988).
TITLE_004286,A tender yet unflinching series in which three strangers bound by a shared tragedy find unexpected solidarity. Produced by Disney (2025).
TITLE_004287,An emotionally charged special about an individual's struggle to rebuild identity and purpose after an unexpected personal collapse. Produced by Universal (2008).
TITLE_004288,"A heartwarming animated series that uses the adventures of misfit characters to explore belonging, courage, and found family. Produced by Universal (2021)."
TITLE_004289,A gripping psychological special where a seasoned detective discovers the prime suspect may be hiding in plain sight. Produced by Sony (2017).
TITLE_004290,An explosive film following a disgraced soldier who must go rogue to expose corruption at the highest levels of government. Produced by Disney (2000).
TITLE_004291,"A powerful series exploring the fractured bonds between family members as they navigate grief, guilt, and reconciliation. Produced by Disney (1997)."
TITLE_004292,A cerebral science fiction limited series about a theoretical physicist whose containment breach tears a hole in the fabric of spacetime. Produced by Sony (2019).
TITLE_004293,A nuanced limited series that examines the quiet cost of ambition and the unspoken sacrifices we make for the people we love. Produced by Sony (1987).
TITLE_004294,"A sweeping romance spanning three decades, exploring how first love quietly shapes every significant decision that follows. Produced by Paramount (1990)."
TITLE_004295,"A powerful series exploring the fractured bonds between family members as they navigate grief, guilt, and reconciliation. Produced by Sony (1980)."
TITLE_004296,A slow-burn series where a seemingly routine investigation peels back layers of a community's darkest secrets. Produced by Apple TV+ (1990).
TITLE_004297,A witty limited series about a small-town dreamer who accidentally becomes the most controversial person in a major city. Produced by Netflix Studios (2014).
TITLE_004298,A gripping psychological film where a seasoned detective discovers the prime suspect may be hiding in plain sight. Produced by Apple TV+ (1984).
TITLE_004299,"A sweeping romance spanning three decades, exploring how first love quietly shapes every significant decision that follows. Produced by Apple TV+ (2000)."
TITLE_004300,"A bittersweet romantic film following star-crossed lovers whose timing always seems to be precisely, maddeningly off. Produced by Netflix Studios (1997)."
TITLE_004301,A tender film in which two people who built walls against vulnerability slowly and reluctantly dismantle them together. Produced by Paramount (1994).
TITLE_004302,"An adrenaline-fueled film in which rival factions clash across three continents, leaving a trail of deception and betrayal. Produced by Sony (1998)."
TITLE_004303,A gripping psychological series where a seasoned detective discovers the prime suspect may be hiding in plain sight. Produced by Paramount (1985).
TITLE_004304,An explosive film following a disgraced soldier who must go rogue to expose corruption at the highest levels of government. Produced by Apple TV+ (2016).
TITLE_004305,"A heartwarming animated special that uses the adventures of misfit characters to explore belonging, courage, and found family. Produced by Universal (2024)."
TITLE_004306,A nuanced limited series that examines the quiet cost of ambition and the unspoken sacrifices we make for the people we love. Produced by Netflix Studios (2013).
TITLE_004307,A charming series centered on a chaotic workplace where every attempt to impose order results in glorious failure. Produced by Warner Bros (1995).
TITLE_004308,A sharp satirical special skewering corporate culture through the eyes of the most reluctant middle manager alive. Produced by Universal (2002).
TITLE_004309,A witty series about a small-town dreamer who accidentally becomes the most controversial person in a major city. Produced by Netflix Studios (2016).
TITLE_004310,A sharp satirical documentary skewering corporate culture through the eyes of the most reluctant middle manager alive. Produced by Paramount (2018).
TITLE_004311,A visionary science fiction film set in a near future where artificial intelligence has fundamentally reshaped what it means to be human. Produced by Warner Bros (2023).
TITLE_004312,A sharp satirical series skewering corporate culture through the eyes of the most reluctant middle manager alive. Produced by Universal (1996).
TITLE_004313,A sharp satirical special skewering corporate culture through the eyes of the most reluctant middle manager alive. Produced by Netflix Studios (2019).
TITLE_004314,"A powerful film exploring the fractured bonds between family members as they navigate grief, guilt, and reconciliation. Produced by Netflix Studios (1994)."
TITLE_004315,A slow-dread limited series exploring the horror of losing trust in your own perception of reality. Produced by Warner Bros (1987).
TITLE_004316,A charming series centered on a chaotic workplace where every attempt to impose order results in glorious failure. Produced by Paramount (1996).
TITLE_004317,A slow-burn limited series where a seemingly routine investigation peels back layers of a community's darkest secrets. Produced by Universal (2013).
TITLE_004318,A taut special in which a forensic archivist realizes the cold cases stacking up on her desk share one terrifying pattern. Produced by Disney (2021).
TITLE_004319,A suspenseful special about a cybersecurity analyst who uncovers a conspiracy that reaches the highest corridors of power. Produced by Universal (2023).
TITLE_004320,A hilarious special following a group of well-meaning misfits whose cross-country trip descends into spectacular chaos. Produced by Paramount (1987).
TITLE_004321,A tender documentary in which two people who built walls against vulnerability slowly and reluctantly dismantle them together. Produced by Netflix Studios (1998).
TITLE_004322,A pulse-pounding film where a covert operative races against time to prevent a global catastrophe. Produced by Sony (2003).
TITLE_004323,An imaginative animated limited series that takes a young protagonist on a breathtaking journey through a world governed by forgotten magic. Produced by Sony (2020).
TITLE_004324,A chilling psychological series in which a family discovers their renovated home was built atop the site of something unspeakable. Produced by Netflix Studios (2015).
TITLE_004325,A visually stunning animated film about an unlikely band of heroes who must defend their enchanted homeland from an ancient darkness. Produced by Netflix Studios (2011).
TITLE_004326,A gripping psychological film where a seasoned detective discovers the prime suspect may be hiding in plain sight. Produced by Apple TV+ (1994).
TITLE_004327,A gripping psychological film where a seasoned detective discovers the prime suspect may be hiding in plain sight. Produced by Netflix Studios (1996).
TITLE_004328,A bone-chilling series where a marine biologist's deep-sea expedition surfaces a creature that should not exist. Produced by Warner Bros (2023).
TITLE_004329,A bold animated series that challenges the boundaries of the form while delivering a story full of wit and genuine emotion. Produced by Netflix Studios (1983).
TITLE_004330,A gripping psychological documentary where a seasoned detective discovers the prime suspect may be hiding in plain sight. Produced by Apple TV+ (1998).
TITLE_004331,A visionary science fiction special set in a near future where artificial intelligence has fundamentally reshaped what it means to be human. Produced by Paramount (2017).
TITLE_004332,A charming documentary centered on a chaotic workplace where every attempt to impose order results in glorious failure. Produced by Universal (2012).
TITLE_004333,A bold animated special that challenges the boundaries of the form while delivering a story full of wit and genuine emotion. Produced by Universal (1999).
TITLE_004334,"A powerful limited series exploring the fractured bonds between family members as they navigate grief, guilt, and reconciliation. Produced by Sony (1983)."
TITLE_004335,A sharp satirical limited series skewering corporate culture through the eyes of the most reluctant middle manager alive. Produced by Warner Bros (2023).
TITLE_004336,A cerebral science fiction series about a theoretical physicist whose containment breach tears a hole in the fabric of spacetime. Produced by Netflix Studios (2014).
TITLE_004337,A visually stunning animated documentary about an unlikely band of heroes who must defend their enchanted homeland from an ancient darkness. Produced by Netflix Studios (1989).
TITLE_004338,An explosive film following a disgraced soldier who must go rogue to expose corruption at the highest levels of government. Produced by Sony (1997).
TITLE_004339,A slow-burn series where a seemingly routine investigation peels back layers of a community's darkest secrets. Produced by Sony (1989).
TITLE_004340,"A heartwarming animated film that uses the adventures of misfit characters to explore belonging, courage, and found family. Produced by Netflix Studios (2000)."
TITLE_004341,"A powerful special exploring the fractured bonds between family members as they navigate grief, guilt, and reconciliation. Produced by Disney (2006)."
TITLE_004342,An explosive film following a disgraced soldier who must go rogue to expose corruption at the highest levels of government. Produced by Disney (1981).
TITLE_004343,A sharp satirical special skewering corporate culture through the eyes of the most reluctant middle manager alive. Produced by Paramount (1982).
TITLE_004344,"A heartwarming animated series that uses the adventures of misfit characters to explore belonging, courage, and found family. Produced by Apple TV+ (1983)."
TITLE_004345,A tender series in which two people who built walls against vulnerability slowly and reluctantly dismantle them together. Produced by Sony (1993).
TITLE_004346,"An adrenaline-fueled series in which rival factions clash across three continents, leaving a trail of deception and betrayal. Produced by Universal (2008)."
TITLE_004347,A visionary science fiction special set in a near future where artificial intelligence has fundamentally reshaped what it means to be human. Produced by Netflix Studios (1986).
TITLE_004348,"An adrenaline-fueled special in which rival factions clash across three continents, leaving a trail of deception and betrayal. Produced by Universal (2011)."
TITLE_004349,A bleak yet hopeful documentary depicting a generation born on a generation ship who have never seen Earth and no longer believe in it. Produced by Netflix Studios (1998).
TITLE_004350,A high-octane documentary about a former special forces veteran pulled back into the field for one last impossible mission. Produced by Netflix Studios (1986).
TITLE_004351,A sharp satirical film skewering corporate culture through the eyes of the most reluctant middle manager alive. Produced by Sony (1992).
TITLE_004352,"A heartwarming animated film that uses the adventures of misfit characters to explore belonging, courage, and found family. Produced by Paramount (1994)."
TITLE_004353,A bleak yet hopeful documentary depicting a generation born on a generation ship who have never seen Earth and no longer believe in it. Produced by Apple TV+ (1980).
TITLE_004354,A tender film in which two people who built walls against vulnerability slowly and reluctantly dismantle them together. Produced by Universal (2010).
TITLE_004355,A visionary science fiction series set in a near future where artificial intelligence has fundamentally reshaped what it means to be human. Produced by Sony (1980).
TITLE_004356,A witty film about a small-town dreamer who accidentally becomes the most controversial person in a major city. Produced by Disney (2008).
TITLE_004357,"A sweeping romance spanning three decades, exploring how first love quietly shapes every significant decision that follows. Produced by Universal (1981)."
TITLE_004358,"A sweeping romance spanning three decades, exploring how first love quietly shapes every significant decision that follows. Produced by Apple TV+ (2007)."
TITLE_004359,An explosive documentary following a disgraced soldier who must go rogue to expose corruption at the highest levels of government. Produced by Paramount (2004).
TITLE_004360,"A heartwarming animated special that uses the adventures of misfit characters to explore belonging, courage, and found family. Produced by Sony (2019)."
TITLE_004361,A bleak yet hopeful special depicting a generation born on a generation ship who have never seen Earth and no longer believe in it. Produced by Universal (1981).
TITLE_004362,A gripping psychological special where a seasoned detective discovers the prime suspect may be hiding in plain sight. Produced by Paramount (1996).
TITLE_004363,A slow-dread limited series exploring the horror of losing trust in your own perception of reality. Produced by Warner Bros (2015).
TITLE_004364,A high-octane special about a former special forces veteran pulled back into the field for one last impossible mission. Produced by Sony (1994).
TITLE_004365,A chilling psychological limited series in which a family discovers their renovated home was built atop the site of something unspeakable. Produced by Disney (1980).
TITLE_004366,A cerebral science fiction special about a theoretical physicist whose containment breach tears a hole in the fabric of spacetime. Produced by Disney (1997).
TITLE_004367,A bold animated film that challenges the boundaries of the form while delivering a story full of wit and genuine emotion. Produced by Disney (2010).
TITLE_004368,An imaginative animated documentary that takes a young protagonist on a breathtaking journey through a world governed by forgotten magic. Produced by Sony (1985).
TITLE_004369,A high-octane series about a former special forces veteran pulled back into the field for one last impossible mission. Produced by Netflix Studios (1988).
TITLE_004370,A suspenseful limited series about a cybersecurity analyst who uncovers a conspiracy that reaches the highest corridors of power. Produced by Netflix Studios (2008).
TITLE_004371,A suspenseful special about a cybersecurity analyst who uncovers a conspiracy that reaches the highest corridors of power. Produced by Warner Bros (2003).
TITLE_004372,A bone-chilling special where a marine biologist's deep-sea expedition surfaces a creature that should not exist. Produced by Apple TV+ (1980).
TITLE_004373,An imaginative animated film that takes a young protagonist on a breathtaking journey through a world governed by forgotten magic. Produced by Paramount (2012).
TITLE_004374,A tender yet unflinching special in which three strangers bound by a shared tragedy find unexpected solidarity. Produced by Netflix Studios (2019).
TITLE_004375,An imaginative animated film that takes a young protagonist on a breathtaking journey through a world governed by forgotten magic. Produced by Disney (1981).
TITLE_004376,A chilling psychological film in which a family discovers their renovated home was built atop the site of something unspeakable. Produced by Paramount (1998).
TITLE_004377,A bold animated special that challenges the boundaries of the form while delivering a story full of wit and genuine emotion. Produced by Netflix Studios (2000).
TITLE_004378,A tender film in which two people who built walls against vulnerability slowly and reluctantly dismantle them together. Produced by Disney (2018).
TITLE_004379,A thought-provoking series exploring the ethical fractures that open when deep-space colonization forces humanity to redefine citizenship. Produced by Disney (2023).
TITLE_004380,A thought-provoking limited series exploring the ethical fractures that open when deep-space colonization forces humanity to redefine citizenship. Produced by Paramount (2011).
TITLE_004381,"A heartwarming animated limited series that uses the adventures of misfit characters to explore belonging, courage, and found family. Produced by Disney (1989)."
TITLE_004382,A charming series centered on a chaotic workplace where every attempt to impose order results in glorious failure. Produced by Apple TV+ (2007).
TITLE_004383,A bone-chilling special where a marine biologist's deep-sea expedition surfaces a creature that should not exist. Produced by Netflix Studios (2013).
TITLE_004384,A bone-chilling limited series where a marine biologist's deep-sea expedition surfaces a creature that should not exist. Produced by Netflix Studios (2024).
TITLE_004385,A visionary science fiction film set in a near future where artificial intelligence has fundamentally reshaped what it means to be human. Produced by Apple TV+ (2011).
TITLE_004386,A terrifying special following a group of strangers stranded in a remote wilderness as something ancient and patient closes in. Produced by Universal (2002).
TITLE_004387,"A powerful special exploring the fractured bonds between family members as they navigate grief, guilt, and reconciliation. Produced by Paramount (2025)."
TITLE_004388,A nuanced series that examines the quiet cost of ambition and the unspoken sacrifices we make for the people we love. Produced by Sony (1996).
TITLE_004389,An emotionally charged film about an individual's struggle to rebuild identity and purpose after an unexpected personal collapse. Produced by Sony (1992).
TITLE_004390,A gripping psychological film where a seasoned detective discovers the prime suspect may be hiding in plain sight. Produced by Warner Bros (1983).
TITLE_004391,A chilling psychological limited series in which a family discovers their renovated home was built atop the site of something unspeakable. Produced by Disney (2015).
TITLE_004392,"An adrenaline-fueled special in which rival factions clash across three continents, leaving a trail of deception and betrayal. Produced by Universal (1989)."
TITLE_004393,A nuanced film that examines the quiet cost of ambition and the unspoken sacrifices we make for the people we love. Produced by Warner Bros (1991).
TITLE_004394,A tender yet unflinching film in which three strangers bound by a shared tragedy find unexpected solidarity. Produced by Paramount (2023).
TITLE_004395,A visionary science fiction limited series set in a near future where artificial intelligence has fundamentally reshaped what it means to be human. Produced by Netflix Studios (2011).
TITLE_004396,A gripping psychological special where a seasoned detective discovers the prime suspect may be hiding in plain sight. Produced by Sony (1987).
TITLE_004397,An imaginative animated documentary that takes a young protagonist on a breathtaking journey through a world governed by forgotten magic. Produced by Apple TV+ (2018).
TITLE_004398,An imaginative animated limited series that takes a young protagonist on a breathtaking journey through a world governed by forgotten magic. Produced by Netflix Studios (2012).
TITLE_004399,A visually stunning animated documentary about an unlikely band of heroes who must defend their enchanted homeland from an ancient darkness. Produced by Disney (1988).
TITLE_004400,A nuanced series that examines the quiet cost of ambition and the unspoken sacrifices we make for the people we love. Produced by Apple TV+ (1997).
TITLE_004401,A visionary science fiction special set in a near future where artificial intelligence has fundamentally reshaped what it means to be human. Produced by Universal (1990).
TITLE_004402,A bleak yet hopeful limited series depicting a generation born on a generation ship who have never seen Earth and no longer believe in it. Produced by Disney (2009).
TITLE_004403,A high-octane film about a former special forces veteran pulled back into the field for one last impossible mission. Produced by Universal (1994).
TITLE_004404,A visionary science fiction limited series set in a near future where artificial intelligence has fundamentally reshaped what it means to be human. Produced by Apple TV+ (2004).
TITLE_004405,A suspenseful series about a cybersecurity analyst who uncovers a conspiracy that reaches the highest corridors of power. Produced by Warner Bros (1999).
TITLE_004406,A chilling psychological special in which a family discovers their renovated home was built atop the site of something unspeakable. Produced by Disney (1998).
TITLE_004407,A thought-provoking documentary exploring the ethical fractures that open when deep-space colonization forces humanity to redefine citizenship. Produced by Universal (1980).
TITLE_004408,A sharp satirical limited series skewering corporate culture through the eyes of the most reluctant middle manager alive. Produced by Disney (1983).
TITLE_004409,A sharp satirical documentary skewering corporate culture through the eyes of the most reluctant middle manager alive. Produced by Paramount (1998).
TITLE_004410,A bleak yet hopeful special depicting a generation born on a generation ship who have never seen Earth and no longer believe in it. Produced by Sony (1981).
TITLE_004411,A sharp satirical film skewering corporate culture through the eyes of the most reluctant middle manager alive. Produced by Sony (1986).
TITLE_004412,"A sweeping romance spanning three decades, exploring how first love quietly shapes every significant decision that follows. Produced by Warner Bros (1985)."
TITLE_004413,A slow-dread special exploring the horror of losing trust in your own perception of reality. Produced by Apple TV+ (1983).
TITLE_004414,A nuanced series that examines the quiet cost of ambition and the unspoken sacrifices we make for the people we love. Produced by Sony (2006).
TITLE_004415,A suspenseful series about a cybersecurity analyst who uncovers a conspiracy that reaches the highest corridors of power. Produced by Universal (2010).
TITLE_004416,A sharp satirical limited series skewering corporate culture through the eyes of the most reluctant middle manager alive. Produced by Sony (1982).
TITLE_004417,A visionary science fiction documentary set in a near future where artificial intelligence has fundamentally reshaped what it means to be human. Produced by Apple TV+ (2023).
TITLE_004418,A gripping psychological film where a seasoned detective discovers the prime suspect may be hiding in plain sight. Produced by Netflix Studios (2020).
TITLE_004419,A slow-burn series where a seemingly routine investigation peels back layers of a community's darkest secrets. Produced by Netflix Studios (1982).
TITLE_004420,A taut series in which a forensic archivist realizes the cold cases stacking up on her desk share one terrifying pattern. Produced by Warner Bros (2016).
TITLE_004421,A tender yet unflinching film in which three strangers bound by a shared tragedy find unexpected solidarity. Produced by Sony (1986).
TITLE_004422,A bold animated documentary that challenges the boundaries of the form while delivering a story full of wit and genuine emotion. Produced by Netflix Studios (2019).
TITLE_004423,An imaginative animated limited series that takes a young protagonist on a breathtaking journey through a world governed by forgotten magic. Produced by Disney (1981).
TITLE_004424,An imaginative animated film that takes a young protagonist on a breathtaking journey through a world governed by forgotten magic. Produced by Sony (2006).
TITLE_004425,"A powerful documentary exploring the fractured bonds between family members as they navigate grief, guilt, and reconciliation. Produced by Universal (1981)."
TITLE_004426,A visually stunning animated film about an unlikely band of heroes who must defend their enchanted homeland from an ancient darkness. Produced by Paramount (2025).
TITLE_004427,"A heartfelt special about two strangers whose lives intersect at a critical crossroads, leading to unexpected and inconvenient love. Produced by Warner Bros (1994)."
TITLE_004428,A thought-provoking documentary exploring the ethical fractures that open when deep-space colonization forces humanity to redefine citizenship. Produced by Disney (2001).
TITLE_004429,A witty special about a small-town dreamer who accidentally becomes the most controversial person in a major city. Produced by Sony (1983).
TITLE_004430,A charming documentary centered on a chaotic workplace where every attempt to impose order results in glorious failure. Produced by Warner Bros (1986).
TITLE_004431,"A sweeping romance spanning three decades, exploring how first love quietly shapes every significant decision that follows. Produced by Disney (2024)."
TITLE_004432,A bold animated documentary that challenges the boundaries of the form while delivering a story full of wit and genuine emotion. Produced by Apple TV+ (1983).
TITLE_004433,A thought-provoking limited series exploring the ethical fractures that open when deep-space colonization forces humanity to redefine citizenship. Produced by Apple TV+ (2010).
TITLE_004434,A slow-burn limited series where a seemingly routine investigation peels back layers of a community's darkest secrets. Produced by Netflix Studios (2023).
TITLE_004435,A terrifying limited series following a group of strangers stranded in a remote wilderness as something ancient and patient closes in. Produced by Paramount (2010).
TITLE_004436,"A heartwarming animated documentary that uses the adventures of misfit characters to explore belonging, courage, and found family. Produced by Paramount (2000)."
TITLE_004437,A terrifying special following a group of strangers stranded in a remote wilderness as something ancient and patient closes in. Produced by Paramount (1988).
TITLE_004438,An imaginative animated limited series that takes a young protagonist on a breathtaking journey through a world governed by forgotten magic. Produced by Paramount (2006).
TITLE_004439,A suspenseful film about a cybersecurity analyst who uncovers a conspiracy that reaches the highest corridors of power. Produced by Sony (2006).
TITLE_004440,"An adrenaline-fueled special in which rival factions clash across three continents, leaving a trail of deception and betrayal. Produced by Netflix Studios (1992)."
TITLE_004441,A bold animated special that challenges the boundaries of the form while delivering a story full of wit and genuine emotion. Produced by Sony (2009).
TITLE_004442,A bold animated documentary that challenges the boundaries of the form while delivering a story full of wit and genuine emotion. Produced by Warner Bros (2022).
TITLE_004443,A thought-provoking series exploring the ethical fractures that open when deep-space colonization forces humanity to redefine citizenship. Produced by Netflix Studios (2017).
TITLE_004444,A bone-chilling series where a marine biologist's deep-sea expedition surfaces a creature that should not exist. Produced by Paramount (1983).
TITLE_004445,A hilarious documentary following a group of well-meaning misfits whose cross-country trip descends into spectacular chaos. Produced by Sony (1995).
TITLE_004446,A chilling psychological film in which a family discovers their renovated home was built atop the site of something unspeakable. Produced by Netflix Studios (2025).
TITLE_004447,A charming documentary centered on a chaotic workplace where every attempt to impose order results in glorious failure. Produced by Netflix Studios (2025).
TITLE_004448,A tender limited series in which two people who built walls against vulnerability slowly and reluctantly dismantle them together. Produced by Netflix Studios (1997).
TITLE_004449,A taut film in which a forensic archivist realizes the cold cases stacking up on her desk share one terrifying pattern. Produced by Disney (2004).
TITLE_004450,"A powerful special exploring the fractured bonds between family members as they navigate grief, guilt, and reconciliation. Produced by Universal (1995)."
TITLE_004451,An emotionally charged documentary about an individual's struggle to rebuild identity and purpose after an unexpected personal collapse. Produced by Disney (1999).
TITLE_004452,A charming series centered on a chaotic workplace where every attempt to impose order results in glorious failure. Produced by Warner Bros (2022).
TITLE_004453,A tender limited series in which two people who built walls against vulnerability slowly and reluctantly dismantle them together. Produced by Apple TV+ (1996).
TITLE_004454,A slow-dread documentary exploring the horror of losing trust in your own perception of reality. Produced by Disney (2021).
TITLE_004455,A tender limited series in which two people who built walls against vulnerability slowly and reluctantly dismantle them together. Produced by Universal (1980).
TITLE_004456,A witty special about a small-town dreamer who accidentally becomes the most controversial person in a major city. Produced by Apple TV+ (1984).
TITLE_004457,A charming limited series centered on a chaotic workplace where every attempt to impose order results in glorious failure. Produced by Paramount (1994).
TITLE_004458,A bleak yet hopeful film depicting a generation born on a generation ship who have never seen Earth and no longer believe in it. Produced by Universal (1991).
TITLE_004459,A hilarious special following a group of well-meaning misfits whose cross-country trip descends into spectacular chaos. Produced by Universal (1992).
TITLE_004460,A tender yet unflinching film in which three strangers bound by a shared tragedy find unexpected solidarity. Produced by Warner Bros (1980).
TITLE_004461,A cerebral science fiction series about a theoretical physicist whose containment breach tears a hole in the fabric of spacetime. Produced by Apple TV+ (2005).
TITLE_004462,A charming documentary centered on a chaotic workplace where every attempt to impose order results in glorious failure. Produced by Netflix Studios (2023).
TITLE_004463,A gripping psychological documentary where a seasoned detective discovers the prime suspect may be hiding in plain sight. Produced by Disney (1997).
TITLE_004464,"A sweeping romance spanning three decades, exploring how first love quietly shapes every significant decision that follows. Produced by Apple TV+ (2023)."
TITLE_004465,A suspenseful limited series about a cybersecurity analyst who uncovers a conspiracy that reaches the highest corridors of power. Produced by Paramount (2001).
TITLE_004466,A tender series in which two people who built walls against vulnerability slowly and reluctantly dismantle them together. Produced by Sony (1989).
TITLE_004467,A suspenseful series about a cybersecurity analyst who uncovers a conspiracy that reaches the highest corridors of power. Produced by Paramount (2015).
TITLE_004468,An explosive film following a disgraced soldier who must go rogue to expose corruption at the highest levels of government. Produced by Netflix Studios (2005).
TITLE_004469,A bone-chilling special where a marine biologist's deep-sea expedition surfaces a creature that should not exist. Produced by Netflix Studios (1996).
TITLE_004470,A tender film in which two people who built walls against vulnerability slowly and reluctantly dismantle them together. Produced by Warner Bros (2008).
TITLE_004471,A tender series in which two people who built walls against vulnerability slowly and reluctantly dismantle them together. Produced by Sony (2012).
TITLE_004472,A bold animated special that challenges the boundaries of the form while delivering a story full of wit and genuine emotion. Produced by Warner Bros (1982).
TITLE_004473,A bold animated series that challenges the boundaries of the form while delivering a story full of wit and genuine emotion. Produced by Paramount (2011).
TITLE_004474,A charming limited series centered on a chaotic workplace where every attempt to impose order results in glorious failure. Produced by Warner Bros (2021).
TITLE_004475,An emotionally charged special about an individual's struggle to rebuild identity and purpose after an unexpected personal collapse. Produced by Sony (2004).
TITLE_004476,A chilling psychological limited series in which a family discovers their renovated home was built atop the site of something unspeakable. Produced by Netflix Studios (1997).
TITLE_004477,A slow-dread limited series exploring the horror of losing trust in your own perception of reality. Produced by Netflix Studios (1981).
TITLE_004478,A nuanced documentary that examines the quiet cost of ambition and the unspoken sacrifices we make for the people we love. Produced by Warner Bros (1997).
TITLE_004479,A charming film centered on a chaotic workplace where every attempt to impose order results in glorious failure. Produced by Sony (2011).
TITLE_004480,"An adrenaline-fueled film in which rival factions clash across three continents, leaving a trail of deception and betrayal. Produced by Universal (2000)."
TITLE_004481,"A sweeping romance spanning three decades, exploring how first love quietly shapes every significant decision that follows. Produced by Paramount (2014)."
TITLE_004482,A visionary science fiction series set in a near future where artificial intelligence has fundamentally reshaped what it means to be human. Produced by Netflix Studios (1985).
TITLE_004483,A gripping psychological special where a seasoned detective discovers the prime suspect may be hiding in plain sight. Produced by Paramount (2023).
TITLE_004484,A hilarious limited series following a group of well-meaning misfits whose cross-country trip descends into spectacular chaos. Produced by Sony (1981).
TITLE_004485,A taut series in which a forensic archivist realizes the cold cases stacking up on her desk share one terrifying pattern. Produced by Warner Bros (1986).
TITLE_004486,A pulse-pounding documentary where a covert operative races against time to prevent a global catastrophe. Produced by Paramount (2016).
TITLE_004487,A suspenseful special about a cybersecurity analyst who uncovers a conspiracy that reaches the highest corridors of power. Produced by Apple TV+ (2014).
TITLE_004488,A cerebral science fiction special about a theoretical physicist whose containment breach tears a hole in the fabric of spacetime. Produced by Warner Bros (1983).
TITLE_004489,A bone-chilling documentary where a marine biologist's deep-sea expedition surfaces a creature that should not exist. Produced by Universal (2023).
TITLE_004490,A bleak yet hopeful film depicting a generation born on a generation ship who have never seen Earth and no longer believe in it. Produced by Warner Bros (1983).
TITLE_004491,A pulse-pounding documentary where a covert operative races against time to prevent a global catastrophe. Produced by Netflix Studios (2017).
TITLE_004492,A slow-dread limited series exploring the horror of losing trust in your own perception of reality. Produced by Disney (1987).
TITLE_004493,"A heartwarming animated series that uses the adventures of misfit characters to explore belonging, courage, and found family. Produced by Paramount (2001)."
TITLE_004494,A slow-burn limited series where a seemingly routine investigation peels back layers of a community's darkest secrets. Produced by Apple TV+ (2017).
TITLE_004495,A witty documentary about a small-town dreamer who accidentally becomes the most controversial person in a major city. Produced by Universal (1987).
TITLE_004496,"A bittersweet romantic special following star-crossed lovers whose timing always seems to be precisely, maddeningly off. Produced by Paramount (2015)."
TITLE_004497,A taut documentary in which a forensic archivist realizes the cold cases stacking up on her desk share one terrifying pattern. Produced by Disney (1995).
TITLE_004498,A hilarious special following a group of well-meaning misfits whose cross-country trip descends into spectacular chaos. Produced by Apple TV+ (2021).
TITLE_004499,A hilarious film following a group of well-meaning misfits whose cross-country trip descends into spectacular chaos. Produced by Netflix Studios (2024).
TITLE_004500,A tender yet unflinching documentary in which three strangers bound by a shared tragedy find unexpected solidarity. Produced by Paramount (1997).
TITLE_004501,"A sweeping romance spanning three decades, exploring how first love quietly shapes every significant decision that follows. Produced by Netflix Studios (2012)."
TITLE_004502,A visually stunning animated documentary about an unlikely band of heroes who must defend their enchanted homeland from an ancient darkness. Produced by Netflix Studios (2012).
TITLE_004503,An explosive special following a disgraced soldier who must go rogue to expose corruption at the highest levels of government. Produced by Paramount (2025).
TITLE_004504,An emotionally charged series about an individual's struggle to rebuild identity and purpose after an unexpected personal collapse. Produced by Netflix Studios (2007).
TITLE_004505,A high-octane special about a former special forces veteran pulled back into the field for one last impossible mission. Produced by Paramount (2020).
TITLE_004506,"An adrenaline-fueled film in which rival factions clash across three continents, leaving a trail of deception and betrayal. Produced by Universal (2013)."
TITLE_004507,"A heartfelt film about two strangers whose lives intersect at a critical crossroads, leading to unexpected and inconvenient love. Produced by Warner Bros (2003)."
TITLE_004508,A sharp satirical series skewering corporate culture through the eyes of the most reluctant middle manager alive. Produced by Warner Bros (2009).
TITLE_004509,A gripping psychological documentary where a seasoned detective discovers the prime suspect may be hiding in plain sight. Produced by Apple TV+ (2008).
TITLE_004510,A sharp satirical limited series skewering corporate culture through the eyes of the most reluctant middle manager alive. Produced by Universal (1995).
TITLE_004511,"A heartwarming animated film that uses the adventures of misfit characters to explore belonging, courage, and found family. Produced by Disney (1995)."
TITLE_004512,A bone-chilling documentary where a marine biologist's deep-sea expedition surfaces a creature that should not exist. Produced by Universal (1991).
TITLE_004513,A bone-chilling limited series where a marine biologist's deep-sea expedition surfaces a creature that should not exist. Produced by Universal (2001).
TITLE_004514,A slow-dread series exploring the horror of losing trust in your own perception of reality. Produced by Disney (2014).
TITLE_004515,A slow-burn special where a seemingly routine investigation peels back layers of a community's darkest secrets. Produced by Apple TV+ (1984).
TITLE_004516,A tender yet unflinching documentary in which three strangers bound by a shared tragedy find unexpected solidarity. Produced by Apple TV+ (1993).
TITLE_004517,A taut film in which a forensic archivist realizes the cold cases stacking up on her desk share one terrifying pattern. Produced by Paramount (1985).
TITLE_004518,A bone-chilling special where a marine biologist's deep-sea expedition surfaces a creature that should not exist. Produced by Disney (1993).
TITLE_004519,A tender film in which two people who built walls against vulnerability slowly and reluctantly dismantle them together. Produced by Disney (2025).
TITLE_004520,A terrifying series following a group of strangers stranded in a remote wilderness as something ancient and patient closes in. Produced by Warner Bros (2003).
TITLE_004521,A bone-chilling series where a marine biologist's deep-sea expedition surfaces a creature that should not exist. Produced by Warner Bros (2024).
TITLE_004522,An emotionally charged film about an individual's struggle to rebuild identity and purpose after an unexpected personal collapse. Produced by Netflix Studios (1996).
TITLE_004523,A bone-chilling special where a marine biologist's deep-sea expedition surfaces a creature that should not exist. Produced by Paramount (2012).
TITLE_004524,A hilarious series following a group of well-meaning misfits whose cross-country trip descends into spectacular chaos. Produced by Paramount (2009).
TITLE_004525,A cerebral science fiction documentary about a theoretical physicist whose containment breach tears a hole in the fabric of spacetime. Produced by Apple TV+ (2015).
TITLE_004526,A tender yet unflinching film in which three strangers bound by a shared tragedy find unexpected solidarity. Produced by Apple TV+ (1995).
TITLE_004527,An emotionally charged film about an individual's struggle to rebuild identity and purpose after an unexpected personal collapse. Produced by Disney (2020).
TITLE_004528,An emotionally charged special about an individual's struggle to rebuild identity and purpose after an unexpected personal collapse. Produced by Disney (2022).
TITLE_004529,"An adrenaline-fueled documentary in which rival factions clash across three continents, leaving a trail of deception and betrayal. Produced by Netflix Studios (2017)."
TITLE_004530,An explosive film following a disgraced soldier who must go rogue to expose corruption at the highest levels of government. Produced by Paramount (1985).
TITLE_004531,A terrifying limited series following a group of strangers stranded in a remote wilderness as something ancient and patient closes in. Produced by Sony (2004).
TITLE_004532,An explosive film following a disgraced soldier who must go rogue to expose corruption at the highest levels of government. Produced by Apple TV+ (1997).
TITLE_004533,A taut film in which a forensic archivist realizes the cold cases stacking up on her desk share one terrifying pattern. Produced by Universal (1992).
TITLE_004534,A cerebral science fiction film about a theoretical physicist whose containment breach tears a hole in the fabric of spacetime. Produced by Apple TV+ (1989).
TITLE_004535,A suspenseful special about a cybersecurity analyst who uncovers a conspiracy that reaches the highest corridors of power. Produced by Paramount (1982).
TITLE_004536,"An adrenaline-fueled limited series in which rival factions clash across three continents, leaving a trail of deception and betrayal. Produced by Apple TV+ (1989)."
TITLE_004537,A hilarious series following a group of well-meaning misfits whose cross-country trip descends into spectacular chaos. Produced by Sony (2008).
TITLE_004538,A terrifying special following a group of strangers stranded in a remote wilderness as something ancient and patient closes in. Produced by Apple TV+ (1996).
TITLE_004539,A taut film in which a forensic archivist realizes the cold cases stacking up on her desk share one terrifying pattern. Produced by Apple TV+ (2005).
TITLE_004540,"A powerful film exploring the fractured bonds between family members as they navigate grief, guilt, and reconciliation. Produced by Netflix Studios (2019)."
TITLE_004541,A visually stunning animated series about an unlikely band of heroes who must defend their enchanted homeland from an ancient darkness. Produced by Sony (1992).
TITLE_004542,A slow-dread series exploring the horror of losing trust in your own perception of reality. Produced by Warner Bros (1988).
TITLE_004543,"A sweeping romance spanning three decades, exploring how first love quietly shapes every significant decision that follows. Produced by Apple TV+ (1989)."
TITLE_004544,A slow-burn limited series where a seemingly routine investigation peels back layers of a community's darkest secrets. Produced by Netflix Studios (1986).
TITLE_004545,A gripping psychological film where a seasoned detective discovers the prime suspect may be hiding in plain sight. Produced by Netflix Studios (1995).
TITLE_004546,"An adrenaline-fueled series in which rival factions clash across three continents, leaving a trail of deception and betrayal. Produced by Netflix Studios (2005)."
TITLE_004547,A visionary science fiction film set in a near future where artificial intelligence has fundamentally reshaped what it means to be human. Produced by Sony (2019).
TITLE_004548,A bleak yet hopeful limited series depicting a generation born on a generation ship who have never seen Earth and no longer believe in it. Produced by Apple TV+ (2004).
TITLE_004549,A bone-chilling film where a marine biologist's deep-sea expedition surfaces a creature that should not exist. Produced by Warner Bros (2015).
TITLE_004550,A tender special in which two people who built walls against vulnerability slowly and reluctantly dismantle them together. Produced by Disney (2007).
TITLE_004551,A witty film about a small-town dreamer who accidentally becomes the most controversial person in a major city. Produced by Warner Bros (1987).
TITLE_004552,"A heartfelt documentary about two strangers whose lives intersect at a critical crossroads, leading to unexpected and inconvenient love. Produced by Paramount (1986)."
TITLE_004553,"A heartwarming animated documentary that uses the adventures of misfit characters to explore belonging, courage, and found family. Produced by Warner Bros (1997)."
TITLE_004554,"An adrenaline-fueled documentary in which rival factions clash across three continents, leaving a trail of deception and betrayal. Produced by Sony (1983)."
TITLE_004555,An imaginative animated special that takes a young protagonist on a breathtaking journey through a world governed by forgotten magic. Produced by Sony (2003).
TITLE_004556,A high-octane series about a former special forces veteran pulled back into the field for one last impossible mission. Produced by Apple TV+ (2024).
TITLE_004557,A sharp satirical special skewering corporate culture through the eyes of the most reluctant middle manager alive. Produced by Apple TV+ (1990).
TITLE_004558,A pulse-pounding special where a covert operative races against time to prevent a global catastrophe. Produced by Netflix Studios (1987).
TITLE_004559,A cerebral science fiction documentary about a theoretical physicist whose containment breach tears a hole in the fabric of spacetime. Produced by Apple TV+ (2015).
TITLE_004560,A visually stunning animated documentary about an unlikely band of heroes who must defend their enchanted homeland from an ancient darkness. Produced by Paramount (1996).
TITLE_004561,A high-octane special about a former special forces veteran pulled back into the field for one last impossible mission. Produced by Sony (1999).
TITLE_004562,A slow-burn documentary where a seemingly routine investigation peels back layers of a community's darkest secrets. Produced by Disney (2015).
TITLE_004563,A thought-provoking series exploring the ethical fractures that open when deep-space colonization forces humanity to redefine citizenship. Produced by Apple TV+ (2012).
TITLE_004564,A nuanced limited series that examines the quiet cost of ambition and the unspoken sacrifices we make for the people we love. Produced by Apple TV+ (2005).
TITLE_004565,"A bittersweet romantic series following star-crossed lovers whose timing always seems to be precisely, maddeningly off. Produced by Paramount (2000)."
TITLE_004566,A slow-dread limited series exploring the horror of losing trust in your own perception of reality. Produced by Disney (1982).
TITLE_004567,"A heartwarming animated special that uses the adventures of misfit characters to explore belonging, courage, and found family. Produced by Netflix Studios (2002)."
TITLE_004568,A nuanced film that examines the quiet cost of ambition and the unspoken sacrifices we make for the people we love. Produced by Warner Bros (2002).
TITLE_004569,"A sweeping romance spanning three decades, exploring how first love quietly shapes every significant decision that follows. Produced by Warner Bros (2023)."
TITLE_004570,A slow-dread special exploring the horror of losing trust in your own perception of reality. Produced by Universal (1985).
TITLE_004571,A bold animated limited series that challenges the boundaries of the form while delivering a story full of wit and genuine emotion. Produced by Warner Bros (1992).
TITLE_004572,A terrifying limited series following a group of strangers stranded in a remote wilderness as something ancient and patient closes in. Produced by Disney (2010).
TITLE_004573,A slow-dread documentary exploring the horror of losing trust in your own perception of reality. Produced by Disney (1991).
TITLE_004574,A visually stunning animated documentary about an unlikely band of heroes who must defend their enchanted homeland from an ancient darkness. Produced by Disney (1981).
TITLE_004575,"A heartwarming animated film that uses the adventures of misfit characters to explore belonging, courage, and found family. Produced by Universal (2010)."
TITLE_004576,A tender yet unflinching series in which three strangers bound by a shared tragedy find unexpected solidarity. Produced by Netflix Studios (2002).
TITLE_004577,A bone-chilling series where a marine biologist's deep-sea expedition surfaces a creature that should not exist. Produced by Universal (1991).
TITLE_004578,"An adrenaline-fueled documentary in which rival factions clash across three continents, leaving a trail of deception and betrayal. Produced by Universal (1995)."
TITLE_004579,A slow-dread documentary exploring the horror of losing trust in your own perception of reality. Produced by Universal (2023).
TITLE_004580,An explosive series following a disgraced soldier who must go rogue to expose corruption at the highest levels of government. Produced by Apple TV+ (1996).
TITLE_004581,A tender yet unflinching series in which three strangers bound by a shared tragedy find unexpected solidarity. Produced by Sony (2018).
TITLE_004582,An imaginative animated limited series that takes a young protagonist on a breathtaking journey through a world governed by forgotten magic. Produced by Universal (1995).
TITLE_004583,A bleak yet hopeful film depicting a generation born on a generation ship who have never seen Earth and no longer believe in it. Produced by Paramount (2004).
TITLE_004584,A slow-dread series exploring the horror of losing trust in your own perception of reality. Produced by Universal (2019).
TITLE_004585,A pulse-pounding documentary where a covert operative races against time to prevent a global catastrophe. Produced by Disney (1993).
TITLE_004586,A tender yet unflinching special in which three strangers bound by a shared tragedy find unexpected solidarity. Produced by Warner Bros (1981).
TITLE_004587,"A sweeping romance spanning three decades, exploring how first love quietly shapes every significant decision that follows. Produced by Warner Bros (2025)."
TITLE_004588,A witty documentary about a small-town dreamer who accidentally becomes the most controversial person in a major city. Produced by Sony (2019).
TITLE_004589,A hilarious special following a group of well-meaning misfits whose cross-country trip descends into spectacular chaos. Produced by Apple TV+ (2014).
TITLE_004590,A chilling psychological documentary in which a family discovers their renovated home was built atop the site of something unspeakable. Produced by Sony (2022).
TITLE_004591,A visionary science fiction series set in a near future where artificial intelligence has fundamentally reshaped what it means to be human. Produced by Paramount (1997).
TITLE_004592,A tender yet unflinching limited series in which three strangers bound by a shared tragedy find unexpected solidarity. Produced by Sony (1987).
TITLE_004593,A visionary science fiction documentary set in a near future where artificial intelligence has fundamentally reshaped what it means to be human. Produced by Paramount (2024).
TITLE_004594,A cerebral science fiction film about a theoretical physicist whose containment breach tears a hole in the fabric of spacetime. Produced by Sony (1988).
TITLE_004595,A tender yet unflinching film in which three strangers bound by a shared tragedy find unexpected solidarity. Produced by Warner Bros (1985).
TITLE_004596,A bold animated series that challenges the boundaries of the form while delivering a story full of wit and genuine emotion. Produced by Sony (2008).
TITLE_004597,An imaginative animated documentary that takes a young protagonist on a breathtaking journey through a world governed by forgotten magic. Produced by Paramount (2019).
TITLE_004598,A pulse-pounding film where a covert operative races against time to prevent a global catastrophe. Produced by Paramount (2019).
TITLE_004599,"A powerful series exploring the fractured bonds between family members as they navigate grief, guilt, and reconciliation. Produced by Paramount (2010)."
TITLE_004600,A terrifying special following a group of strangers stranded in a remote wilderness as something ancient and patient closes in. Produced by Paramount (2000).
TITLE_004601,A chilling psychological limited series in which a family discovers their renovated home was built atop the site of something unspeakable. Produced by Apple TV+ (1998).
TITLE_004602,"A heartwarming animated film that uses the adventures of misfit characters to explore belonging, courage, and found family. Produced by Warner Bros (1994)."
TITLE_004603,A nuanced documentary that examines the quiet cost of ambition and the unspoken sacrifices we make for the people we love. Produced by Disney (2001).
TITLE_004604,A suspenseful documentary about a cybersecurity analyst who uncovers a conspiracy that reaches the highest corridors of power. Produced by Universal (1999).
TITLE_004605,A bold animated film that challenges the boundaries of the form while delivering a story full of wit and genuine emotion. Produced by Apple TV+ (1998).
TITLE_004606,"A heartfelt film about two strangers whose lives intersect at a critical crossroads, leading to unexpected and inconvenient love. Produced by Apple TV+ (1987)."
TITLE_004607,A terrifying limited series following a group of strangers stranded in a remote wilderness as something ancient and patient closes in. Produced by Sony (2006).
TITLE_004608,A high-octane film about a former special forces veteran pulled back into the field for one last impossible mission. Produced by Sony (1993).
TITLE_004609,A pulse-pounding limited series where a covert operative races against time to prevent a global catastrophe. Produced by Disney (2017).
TITLE_004610,A bold animated documentary that challenges the boundaries of the form while delivering a story full of wit and genuine emotion. Produced by Universal (2013).
TITLE_004611,"A heartwarming animated documentary that uses the adventures of misfit characters to explore belonging, courage, and found family. Produced by Sony (2011)."
TITLE_004612,A slow-dread film exploring the horror of losing trust in your own perception of reality. Produced by Netflix Studios (2023).
TITLE_004613,"A powerful limited series exploring the fractured bonds between family members as they navigate grief, guilt, and reconciliation. Produced by Warner Bros (1998)."
TITLE_004614,"A heartwarming animated series that uses the adventures of misfit characters to explore belonging, courage, and found family. Produced by Warner Bros (2022)."
TITLE_004615,A slow-burn film where a seemingly routine investigation peels back layers of a community's darkest secrets. Produced by Netflix Studios (1997).
TITLE_004616,A slow-burn series where a seemingly routine investigation peels back layers of a community's darkest secrets. Produced by Universal (2001).
TITLE_004617,"A sweeping romance spanning three decades, exploring how first love quietly shapes every significant decision that follows. Produced by Netflix Studios (1982)."
TITLE_004618,"An adrenaline-fueled special in which rival factions clash across three continents, leaving a trail of deception and betrayal. Produced by Netflix Studios (1983)."
TITLE_004619,A hilarious limited series following a group of well-meaning misfits whose cross-country trip descends into spectacular chaos. Produced by Disney (1990).
TITLE_004620,A chilling psychological series in which a family discovers their renovated home was built atop the site of something unspeakable. Produced by Disney (2023).
TITLE_004621,A taut limited series in which a forensic archivist realizes the cold cases stacking up on her desk share one terrifying pattern. Produced by Sony (2018).
TITLE_004622,A tender documentary in which two people who built walls against vulnerability slowly and reluctantly dismantle them together. Produced by Warner Bros (1984).
TITLE_004623,An emotionally charged documentary about an individual's struggle to rebuild identity and purpose after an unexpected personal collapse. Produced by Netflix Studios (2016).
TITLE_004624,A bone-chilling series where a marine biologist's deep-sea expedition surfaces a creature that should not exist. Produced by Paramount (1985).
TITLE_004625,A bleak yet hopeful special depicting a generation born on a generation ship who have never seen Earth and no longer believe in it. Produced by Apple TV+ (2024).
TITLE_004626,A witty limited series about a small-town dreamer who accidentally becomes the most controversial person in a major city. Produced by Netflix Studios (2024).
TITLE_004627,A pulse-pounding documentary where a covert operative races against time to prevent a global catastrophe. Produced by Paramount (1999).
TITLE_004628,A bone-chilling documentary where a marine biologist's deep-sea expedition surfaces a creature that should not exist. Produced by Sony (1992).
TITLE_004629,A tender yet unflinching film in which three strangers bound by a shared tragedy find unexpected solidarity. Produced by Sony (1996).
TITLE_004630,A witty film about a small-town dreamer who accidentally becomes the most controversial person in a major city. Produced by Paramount (2000).
TITLE_004631,An emotionally charged limited series about an individual's struggle to rebuild identity and purpose after an unexpected personal collapse. Produced by Warner Bros (1996).
TITLE_004632,A witty film about a small-town dreamer who accidentally becomes the most controversial person in a major city. Produced by Warner Bros (2019).
TITLE_004633,A pulse-pounding special where a covert operative races against time to prevent a global catastrophe. Produced by Apple TV+ (2010).
TITLE_004634,A tender special in which two people who built walls against vulnerability slowly and reluctantly dismantle them together. Produced by Universal (1982).
TITLE_004635,A taut film in which a forensic archivist realizes the cold cases stacking up on her desk share one terrifying pattern. Produced by Warner Bros (2005).
TITLE_004636,An emotionally charged documentary about an individual's struggle to rebuild identity and purpose after an unexpected personal collapse. Produced by Warner Bros (2003).
TITLE_004637,A suspenseful film about a cybersecurity analyst who uncovers a conspiracy that reaches the highest corridors of power. Produced by Universal (1988).
TITLE_004638,A visually stunning animated limited series about an unlikely band of heroes who must defend their enchanted homeland from an ancient darkness. Produced by Paramount (1997).
TITLE_004639,A bleak yet hopeful series depicting a generation born on a generation ship who have never seen Earth and no longer believe in it. Produced by Warner Bros (2011).
TITLE_004640,A thought-provoking series exploring the ethical fractures that open when deep-space colonization forces humanity to redefine citizenship. Produced by Paramount (2018).
TITLE_004641,A cerebral science fiction documentary about a theoretical physicist whose containment breach tears a hole in the fabric of spacetime. Produced by Universal (2004).
TITLE_004642,An emotionally charged series about an individual's struggle to rebuild identity and purpose after an unexpected personal collapse. Produced by Apple TV+ (2002).
TITLE_004643,A pulse-pounding film where a covert operative races against time to prevent a global catastrophe. Produced by Warner Bros (2004).
TITLE_004644,A suspenseful film about a cybersecurity analyst who uncovers a conspiracy that reaches the highest corridors of power. Produced by Sony (2008).
TITLE_004645,A taut documentary in which a forensic archivist realizes the cold cases stacking up on her desk share one terrifying pattern. Produced by Warner Bros (1998).
TITLE_004646,"A bittersweet romantic series following star-crossed lovers whose timing always seems to be precisely, maddeningly off. Produced by Apple TV+ (2012)."
TITLE_004647,A witty series about a small-town dreamer who accidentally becomes the most controversial person in a major city. Produced by Warner Bros (1994).
TITLE_004648,A bold animated special that challenges the boundaries of the form while delivering a story full of wit and genuine emotion. Produced by Disney (2021).
TITLE_004649,"A bittersweet romantic special following star-crossed lovers whose timing always seems to be precisely, maddeningly off. Produced by Disney (1984)."
TITLE_004650,A chilling psychological series in which a family discovers their renovated home was built atop the site of something unspeakable. Produced by Paramount (1999).
TITLE_004651,A tender series in which two people who built walls against vulnerability slowly and reluctantly dismantle them together. Produced by Apple TV+ (1991).
TITLE_004652,"An adrenaline-fueled film in which rival factions clash across three continents, leaving a trail of deception and betrayal. Produced by Sony (2022)."
TITLE_004653,A hilarious documentary following a group of well-meaning misfits whose cross-country trip descends into spectacular chaos. Produced by Sony (2004).
TITLE_004654,A bold animated limited series that challenges the boundaries of the form while delivering a story full of wit and genuine emotion. Produced by Universal (2011).
TITLE_004655,A terrifying film following a group of strangers stranded in a remote wilderness as something ancient and patient closes in. Produced by Paramount (1986).
TITLE_004656,A hilarious documentary following a group of well-meaning misfits whose cross-country trip descends into spectacular chaos. Produced by Disney (2016).
TITLE_004657,A sharp satirical documentary skewering corporate culture through the eyes of the most reluctant middle manager alive. Produced by Apple TV+ (1989).
TITLE_004658,"A heartfelt series about two strangers whose lives intersect at a critical crossroads, leading to unexpected and inconvenient love. Produced by Sony (2023)."
TITLE_004659,A visually stunning animated documentary about an unlikely band of heroes who must defend their enchanted homeland from an ancient darkness. Produced by Netflix Studios (1989).
TITLE_004660,A slow-burn special where a seemingly routine investigation peels back layers of a community's darkest secrets. Produced by Sony (1993).
TITLE_004661,A bleak yet hopeful special depicting a generation born on a generation ship who have never seen Earth and no longer believe in it. Produced by Apple TV+ (2007).
TITLE_004662,"A heartfelt documentary about two strangers whose lives intersect at a critical crossroads, leading to unexpected and inconvenient love. Produced by Apple TV+ (1995)."
TITLE_004663,A cerebral science fiction special about a theoretical physicist whose containment breach tears a hole in the fabric of spacetime. Produced by Paramount (2025).
TITLE_004664,A sharp satirical limited series skewering corporate culture through the eyes of the most reluctant middle manager alive. Produced by Disney (1991).
TITLE_004665,A suspenseful documentary about a cybersecurity analyst who uncovers a conspiracy that reaches the highest corridors of power. Produced by Warner Bros (2005).
TITLE_004666,A hilarious limited series following a group of well-meaning misfits whose cross-country trip descends into spectacular chaos. Produced by Universal (2000).
TITLE_004667,A slow-dread documentary exploring the horror of losing trust in your own perception of reality. Produced by Disney (1988).
TITLE_004668,A taut documentary in which a forensic archivist realizes the cold cases stacking up on her desk share one terrifying pattern. Produced by Disney (1999).
TITLE_004669,An imaginative animated limited series that takes a young protagonist on a breathtaking journey through a world governed by forgotten magic. Produced by Disney (1992).
TITLE_004670,An imaginative animated limited series that takes a young protagonist on a breathtaking journey through a world governed by forgotten magic. Produced by Warner Bros (2021).
TITLE_004671,A nuanced series that examines the quiet cost of ambition and the unspoken sacrifices we make for the people we love. Produced by Disney (2009).
TITLE_004672,An emotionally charged series about an individual's struggle to rebuild identity and purpose after an unexpected personal collapse. Produced by Netflix Studios (2018).
TITLE_004673,A nuanced documentary that examines the quiet cost of ambition and the unspoken sacrifices we make for the people we love. Produced by Warner Bros (2023).
TITLE_004674,A pulse-pounding film where a covert operative races against time to prevent a global catastrophe. Produced by Apple TV+ (2025).
TITLE_004675,A visually stunning animated documentary about an unlikely band of heroes who must defend their enchanted homeland from an ancient darkness. Produced by Disney (1985).
TITLE_004676,A terrifying series following a group of strangers stranded in a remote wilderness as something ancient and patient closes in. Produced by Apple TV+ (2014).
TITLE_004677,A visually stunning animated film about an unlikely band of heroes who must defend their enchanted homeland from an ancient darkness. Produced by Warner Bros (2007).
TITLE_004678,"A powerful documentary exploring the fractured bonds between family members as they navigate grief, guilt, and reconciliation. Produced by Universal (1997)."
TITLE_004679,"A powerful film exploring the fractured bonds between family members as they navigate grief, guilt, and reconciliation. Produced by Sony (2020)."
TITLE_004680,"A powerful film exploring the fractured bonds between family members as they navigate grief, guilt, and reconciliation. Produced by Disney (2005)."
TITLE_004681,A bold animated documentary that challenges the boundaries of the form while delivering a story full of wit and genuine emotion. Produced by Universal (2007).
TITLE_004682,A witty documentary about a small-town dreamer who accidentally becomes the most controversial person in a major city. Produced by Paramount (2010).
TITLE_004683,A tender yet unflinching film in which three strangers bound by a shared tragedy find unexpected solidarity. Produced by Disney (2009).
TITLE_004684,An emotionally charged film about an individual's struggle to rebuild identity and purpose after an unexpected personal collapse. Produced by Netflix Studios (1998).
TITLE_004685,A terrifying limited series following a group of strangers stranded in a remote wilderness as something ancient and patient closes in. Produced by Warner Bros (2019).
TITLE_004686,A chilling psychological limited series in which a family discovers their renovated home was built atop the site of something unspeakable. Produced by Netflix Studios (2011).
TITLE_004687,A bold animated limited series that challenges the boundaries of the form while delivering a story full of wit and genuine emotion. Produced by Sony (1995).
TITLE_004688,"An adrenaline-fueled series in which rival factions clash across three continents, leaving a trail of deception and betrayal. Produced by Sony (2012)."
TITLE_004689,A slow-dread series exploring the horror of losing trust in your own perception of reality. Produced by Apple TV+ (1995).
TITLE_004690,A terrifying documentary following a group of strangers stranded in a remote wilderness as something ancient and patient closes in. Produced by Netflix Studios (1999).
TITLE_004691,"A powerful film exploring the fractured bonds between family members as they navigate grief, guilt, and reconciliation. Produced by Netflix Studios (2010)."
TITLE_004692,A sharp satirical series skewering corporate culture through the eyes of the most reluctant middle manager alive. Produced by Apple TV+ (1998).
TITLE_004693,A sharp satirical film skewering corporate culture through the eyes of the most reluctant middle manager alive. Produced by Disney (1999).
TITLE_004694,A bone-chilling limited series where a marine biologist's deep-sea expedition surfaces a creature that should not exist. Produced by Universal (2017).
TITLE_004695,"A heartfelt series about two strangers whose lives intersect at a critical crossroads, leading to unexpected and inconvenient love. Produced by Disney (2002)."
TITLE_004696,"A powerful documentary exploring the fractured bonds between family members as they navigate grief, guilt, and reconciliation. Produced by Universal (1996)."
TITLE_004697,"An adrenaline-fueled documentary in which rival factions clash across three continents, leaving a trail of deception and betrayal. Produced by Universal (2004)."
TITLE_004698,A cerebral science fiction series about a theoretical physicist whose containment breach tears a hole in the fabric of spacetime. Produced by Netflix Studios (2020).
TITLE_004699,"A sweeping romance spanning three decades, exploring how first love quietly shapes every significant decision that follows. Produced by Paramount (2016)."
TITLE_004700,A hilarious special following a group of well-meaning misfits whose cross-country trip descends into spectacular chaos. Produced by Disney (2003).
TITLE_004701,A high-octane special about a former special forces veteran pulled back into the field for one last impossible mission. Produced by Paramount (1981).
TITLE_004702,A high-octane series about a former special forces veteran pulled back into the field for one last impossible mission. Produced by Netflix Studios (1995).
TITLE_004703,A hilarious special following a group of well-meaning misfits whose cross-country trip descends into spectacular chaos. Produced by Warner Bros (1987).
TITLE_004704,A charming limited series centered on a chaotic workplace where every attempt to impose order results in glorious failure. Produced by Universal (2020).
TITLE_004705,A high-octane film about a former special forces veteran pulled back into the field for one last impossible mission. Produced by Apple TV+ (1982).
TITLE_004706,A visually stunning animated documentary about an unlikely band of heroes who must defend their enchanted homeland from an ancient darkness. Produced by Universal (2001).
TITLE_004707,A slow-dread special exploring the horror of losing trust in your own perception of reality. Produced by Paramount (2015).
TITLE_004708,A chilling psychological special in which a family discovers their renovated home was built atop the site of something unspeakable. Produced by Disney (1982).
TITLE_004709,A thought-provoking special exploring the ethical fractures that open when deep-space colonization forces humanity to redefine citizenship. Produced by Sony (1997).
TITLE_004710,A charming film centered on a chaotic workplace where every attempt to impose order results in glorious failure. Produced by Disney (2018).
TITLE_004711,A bone-chilling documentary where a marine biologist's deep-sea expedition surfaces a creature that should not exist. Produced by Paramount (2018).
TITLE_004712,"A heartfelt limited series about two strangers whose lives intersect at a critical crossroads, leading to unexpected and inconvenient love. Produced by Netflix Studios (2004)."
TITLE_004713,A high-octane documentary about a former special forces veteran pulled back into the field for one last impossible mission. Produced by Warner Bros (2022).
TITLE_004714,"A sweeping romance spanning three decades, exploring how first love quietly shapes every significant decision that follows. Produced by Apple TV+ (2015)."
TITLE_004715,A bold animated limited series that challenges the boundaries of the form while delivering a story full of wit and genuine emotion. Produced by Universal (2024).
TITLE_004716,A bone-chilling series where a marine biologist's deep-sea expedition surfaces a creature that should not exist. Produced by Apple TV+ (2006).
TITLE_004717,A terrifying documentary following a group of strangers stranded in a remote wilderness as something ancient and patient closes in. Produced by Universal (2009).
TITLE_004718,An explosive documentary following a disgraced soldier who must go rogue to expose corruption at the highest levels of government. Produced by Warner Bros (2002).
TITLE_004719,A bold animated special that challenges the boundaries of the form while delivering a story full of wit and genuine emotion. Produced by Paramount (1982).
TITLE_004720,A cerebral science fiction special about a theoretical physicist whose containment breach tears a hole in the fabric of spacetime. Produced by Sony (1980).
TITLE_004721,An imaginative animated special that takes a young protagonist on a breathtaking journey through a world governed by forgotten magic. Produced by Netflix Studios (2013).
TITLE_004722,A tender film in which two people who built walls against vulnerability slowly and reluctantly dismantle them together. Produced by Paramount (2006).
TITLE_004723,"A heartfelt limited series about two strangers whose lives intersect at a critical crossroads, leading to unexpected and inconvenient love. Produced by Netflix Studios (1990)."
TITLE_004724,A chilling psychological limited series in which a family discovers their renovated home was built atop the site of something unspeakable. Produced by Universal (1983).
TITLE_004725,An explosive series following a disgraced soldier who must go rogue to expose corruption at the highest levels of government. Produced by Universal (2006).
TITLE_004726,A charming limited series centered on a chaotic workplace where every attempt to impose order results in glorious failure. Produced by Disney (2020).
TITLE_004727,A visionary science fiction series set in a near future where artificial intelligence has fundamentally reshaped what it means to be human. Produced by Sony (1995).
TITLE_004728,"An adrenaline-fueled series in which rival factions clash across three continents, leaving a trail of deception and betrayal. Produced by Disney (2021)."
TITLE_004729,A chilling psychological documentary in which a family discovers their renovated home was built atop the site of something unspeakable. Produced by Paramount (1981).
TITLE_004730,An emotionally charged documentary about an individual's struggle to rebuild identity and purpose after an unexpected personal collapse. Produced by Universal (1980).
TITLE_004731,A bleak yet hopeful film depicting a generation born on a generation ship who have never seen Earth and no longer believe in it. Produced by Sony (1990).
TITLE_004732,A gripping psychological series where a seasoned detective discovers the prime suspect may be hiding in plain sight. Produced by Warner Bros (2009).
TITLE_004733,An emotionally charged series about an individual's struggle to rebuild identity and purpose after an unexpected personal collapse. Produced by Sony (1991).
TITLE_004734,A slow-burn film where a seemingly routine investigation peels back layers of a community's darkest secrets. Produced by Sony (1984).
TITLE_004735,A bleak yet hopeful series depicting a generation born on a generation ship who have never seen Earth and no longer believe in it. Produced by Warner Bros (2005).
TITLE_004736,A nuanced documentary that examines the quiet cost of ambition and the unspoken sacrifices we make for the people we love. Produced by Netflix Studios (2024).
TITLE_004737,A chilling psychological series in which a family discovers their renovated home was built atop the site of something unspeakable. Produced by Paramount (1985).
TITLE_004738,A thought-provoking series exploring the ethical fractures that open when deep-space colonization forces humanity to redefine citizenship. Produced by Apple TV+ (2009).
TITLE_004739,A gripping psychological limited series where a seasoned detective discovers the prime suspect may be hiding in plain sight. Produced by Netflix Studios (1984).
TITLE_004740,A taut special in which a forensic archivist realizes the cold cases stacking up on her desk share one terrifying pattern. Produced by Sony (1999).
TITLE_004741,A nuanced documentary that examines the quiet cost of ambition and the unspoken sacrifices we make for the people we love. Produced by Sony (2002).
TITLE_004742,A thought-provoking series exploring the ethical fractures that open when deep-space colonization forces humanity to redefine citizenship. Produced by Disney (2009).
TITLE_004743,A slow-burn limited series where a seemingly routine investigation peels back layers of a community's darkest secrets. Produced by Universal (2000).
TITLE_004744,A hilarious series following a group of well-meaning misfits whose cross-country trip descends into spectacular chaos. Produced by Universal (1991).
TITLE_004745,A tender special in which two people who built walls against vulnerability slowly and reluctantly dismantle them together. Produced by Universal (2012).
TITLE_004746,A hilarious documentary following a group of well-meaning misfits whose cross-country trip descends into spectacular chaos. Produced by Apple TV+ (2023).
TITLE_004747,A witty series about a small-town dreamer who accidentally becomes the most controversial person in a major city. Produced by Universal (2020).
TITLE_004748,An emotionally charged series about an individual's struggle to rebuild identity and purpose after an unexpected personal collapse. Produced by Universal (2011).
TITLE_004749,A visionary science fiction special set in a near future where artificial intelligence has fundamentally reshaped what it means to be human. Produced by Universal (1993).
TITLE_004750,A pulse-pounding limited series where a covert operative races against time to prevent a global catastrophe. Produced by Apple TV+ (2024).
TITLE_004751,A terrifying special following a group of strangers stranded in a remote wilderness as something ancient and patient closes in. Produced by Disney (1988).
TITLE_004752,A hilarious limited series following a group of well-meaning misfits whose cross-country trip descends into spectacular chaos. Produced by Warner Bros (1988).
TITLE_004753,A tender yet unflinching limited series in which three strangers bound by a shared tragedy find unexpected solidarity. Produced by Universal (1988).
TITLE_004754,"A heartfelt limited series about two strangers whose lives intersect at a critical crossroads, leading to unexpected and inconvenient love. Produced by Disney (2019)."
TITLE_004755,A nuanced series that examines the quiet cost of ambition and the unspoken sacrifices we make for the people we love. Produced by Netflix Studios (2013).
TITLE_004756,A visionary science fiction special set in a near future where artificial intelligence has fundamentally reshaped what it means to be human. Produced by Sony (2010).
TITLE_004757,A slow-burn special where a seemingly routine investigation peels back layers of a community's darkest secrets. Produced by Sony (2011).
TITLE_004758,An emotionally charged documentary about an individual's struggle to rebuild identity and purpose after an unexpected personal collapse. Produced by Paramount (2008).
TITLE_004759,A hilarious series following a group of well-meaning misfits whose cross-country trip descends into spectacular chaos. Produced by Netflix Studios (1980).
TITLE_004760,A thought-provoking documentary exploring the ethical fractures that open when deep-space colonization forces humanity to redefine citizenship. Produced by Apple TV+ (2004).
TITLE_004761,A slow-dread series exploring the horror of losing trust in your own perception of reality. Produced by Universal (2000).
TITLE_004762,"A sweeping romance spanning three decades, exploring how first love quietly shapes every significant decision that follows. Produced by Netflix Studios (2022)."
TITLE_004763,A bleak yet hopeful special depicting a generation born on a generation ship who have never seen Earth and no longer believe in it. Produced by Sony (2015).
TITLE_004764,A taut film in which a forensic archivist realizes the cold cases stacking up on her desk share one terrifying pattern. Produced by Netflix Studios (2005).
TITLE_004765,A slow-dread limited series exploring the horror of losing trust in your own perception of reality. Produced by Netflix Studios (1996).
TITLE_004766,A slow-burn documentary where a seemingly routine investigation peels back layers of a community's darkest secrets. Produced by Paramount (1995).
TITLE_004767,"A bittersweet romantic documentary following star-crossed lovers whose timing always seems to be precisely, maddeningly off. Produced by Sony (1983)."
TITLE_004768,A charming documentary centered on a chaotic workplace where every attempt to impose order results in glorious failure. Produced by Disney (2004).
TITLE_004769,A taut film in which a forensic archivist realizes the cold cases stacking up on her desk share one terrifying pattern. Produced by Disney (2011).
TITLE_004770,"A bittersweet romantic limited series following star-crossed lovers whose timing always seems to be precisely, maddeningly off. Produced by Sony (1990)."
TITLE_004771,A visually stunning animated documentary about an unlikely band of heroes who must defend their enchanted homeland from an ancient darkness. Produced by Netflix Studios (1992).
TITLE_004772,A visionary science fiction series set in a near future where artificial intelligence has fundamentally reshaped what it means to be human. Produced by Universal (1985).
TITLE_004773,A high-octane limited series about a former special forces veteran pulled back into the field for one last impossible mission. Produced by Universal (2007).
TITLE_004774,A bold animated limited series that challenges the boundaries of the form while delivering a story full of wit and genuine emotion. Produced by Universal (2024).
TITLE_004775,"A bittersweet romantic series following star-crossed lovers whose timing always seems to be precisely, maddeningly off. Produced by Disney (2004)."
TITLE_004776,A slow-dread special exploring the horror of losing trust in your own perception of reality. Produced by Universal (2024).
TITLE_004777,A tender limited series in which two people who built walls against vulnerability slowly and reluctantly dismantle them together. Produced by Warner Bros (2006).
TITLE_004778,"A powerful film exploring the fractured bonds between family members as they navigate grief, guilt, and reconciliation. Produced by Disney (2017)."
TITLE_004779,A cerebral science fiction documentary about a theoretical physicist whose containment breach tears a hole in the fabric of spacetime. Produced by Paramount (2017).
TITLE_004780,A tender yet unflinching documentary in which three strangers bound by a shared tragedy find unexpected solidarity. Produced by Disney (2016).
TITLE_004781,A slow-burn film where a seemingly routine investigation peels back layers of a community's darkest secrets. Produced by Sony (1990).
TITLE_004782,An explosive limited series following a disgraced soldier who must go rogue to expose corruption at the highest levels of government. Produced by Netflix Studios (2014).
TITLE_004783,A pulse-pounding limited series where a covert operative races against time to prevent a global catastrophe. Produced by Warner Bros (1980).
TITLE_004784,A gripping psychological special where a seasoned detective discovers the prime suspect may be hiding in plain sight. Produced by Disney (1993).
TITLE_004785,"A heartfelt documentary about two strangers whose lives intersect at a critical crossroads, leading to unexpected and inconvenient love. Produced by Disney (1987)."
TITLE_004786,A taut series in which a forensic archivist realizes the cold cases stacking up on her desk share one terrifying pattern. Produced by Paramount (2022).
TITLE_004787,A cerebral science fiction limited series about a theoretical physicist whose containment breach tears a hole in the fabric of spacetime. Produced by Sony (2022).
TITLE_004788,A bold animated film that challenges the boundaries of the form while delivering a story full of wit and genuine emotion. Produced by Universal (2006).
TITLE_004789,A suspenseful series about a cybersecurity analyst who uncovers a conspiracy that reaches the highest corridors of power. Produced by Apple TV+ (2017).
TITLE_004790,A pulse-pounding series where a covert operative races against time to prevent a global catastrophe. Produced by Universal (2015).
TITLE_004791,A slow-burn special where a seemingly routine investigation peels back layers of a community's darkest secrets. Produced by Paramount (2017).
TITLE_004792,A visionary science fiction documentary set in a near future where artificial intelligence has fundamentally reshaped what it means to be human. Produced by Netflix Studios (2013).
TITLE_004793,A nuanced limited series that examines the quiet cost of ambition and the unspoken sacrifices we make for the people we love. Produced by Universal (2006).
TITLE_004794,A sharp satirical limited series skewering corporate culture through the eyes of the most reluctant middle manager alive. Produced by Disney (1999).
TITLE_004795,"A sweeping romance spanning three decades, exploring how first love quietly shapes every significant decision that follows. Produced by Disney (1992)."
TITLE_004796,A bold animated special that challenges the boundaries of the form while delivering a story full of wit and genuine emotion. Produced by Warner Bros (2002).
TITLE_004797,A cerebral science fiction documentary about a theoretical physicist whose containment breach tears a hole in the fabric of spacetime. Produced by Sony (1980).
TITLE_004798,An emotionally charged film about an individual's struggle to rebuild identity and purpose after an unexpected personal collapse. Produced by Netflix Studios (2009).
TITLE_004799,A tender yet unflinching film in which three strangers bound by a shared tragedy find unexpected solidarity. Produced by Paramount (2021).
TITLE_004800,A bone-chilling special where a marine biologist's deep-sea expedition surfaces a creature that should not exist. Produced by Sony (2007).
TITLE_004801,"A sweeping romance spanning three decades, exploring how first love quietly shapes every significant decision that follows. Produced by Sony (2005)."
TITLE_004802,A bone-chilling film where a marine biologist's deep-sea expedition surfaces a creature that should not exist. Produced by Disney (2008).
TITLE_004803,A tender yet unflinching series in which three strangers bound by a shared tragedy find unexpected solidarity. Produced by Sony (1984).
TITLE_004804,A bold animated documentary that challenges the boundaries of the form while delivering a story full of wit and genuine emotion. Produced by Universal (1988).
TITLE_004805,An emotionally charged special about an individual's struggle to rebuild identity and purpose after an unexpected personal collapse. Produced by Disney (2022).
TITLE_004806,A slow-dread documentary exploring the horror of losing trust in your own perception of reality. Produced by Netflix Studios (1994).
TITLE_004807,"A heartfelt series about two strangers whose lives intersect at a critical crossroads, leading to unexpected and inconvenient love. Produced by Warner Bros (2000)."
TITLE_004808,A bleak yet hopeful limited series depicting a generation born on a generation ship who have never seen Earth and no longer believe in it. Produced by Apple TV+ (2025).
TITLE_004809,A chilling psychological special in which a family discovers their renovated home was built atop the site of something unspeakable. Produced by Disney (1981).
TITLE_004810,A slow-burn film where a seemingly routine investigation peels back layers of a community's darkest secrets. Produced by Disney (1981).
TITLE_004811,A bone-chilling film where a marine biologist's deep-sea expedition surfaces a creature that should not exist. Produced by Netflix Studios (2022).
TITLE_004812,"An adrenaline-fueled special in which rival factions clash across three continents, leaving a trail of deception and betrayal. Produced by Warner Bros (2015)."
TITLE_004813,A tender film in which two people who built walls against vulnerability slowly and reluctantly dismantle them together. Produced by Netflix Studios (2018).
TITLE_004814,A gripping psychological documentary where a seasoned detective discovers the prime suspect may be hiding in plain sight. Produced by Disney (2012).
TITLE_004815,"A heartfelt film about two strangers whose lives intersect at a critical crossroads, leading to unexpected and inconvenient love. Produced by Universal (2000)."
TITLE_004816,A pulse-pounding documentary where a covert operative races against time to prevent a global catastrophe. Produced by Disney (1997).
TITLE_004817,A chilling psychological film in which a family discovers their renovated home was built atop the site of something unspeakable. Produced by Universal (2014).
TITLE_004818,A bone-chilling special where a marine biologist's deep-sea expedition surfaces a creature that should not exist. Produced by Sony (2007).
TITLE_004819,"An adrenaline-fueled limited series in which rival factions clash across three continents, leaving a trail of deception and betrayal. Produced by Netflix Studios (2005)."
TITLE_004820,"A powerful documentary exploring the fractured bonds between family members as they navigate grief, guilt, and reconciliation. Produced by Warner Bros (1985)."
TITLE_004821,An emotionally charged series about an individual's struggle to rebuild identity and purpose after an unexpected personal collapse. Produced by Apple TV+ (2011).
TITLE_004822,A terrifying series following a group of strangers stranded in a remote wilderness as something ancient and patient closes in. Produced by Sony (1980).
TITLE_004823,A visionary science fiction special set in a near future where artificial intelligence has fundamentally reshaped what it means to be human. Produced by Warner Bros (1991).
TITLE_004824,A tender film in which two people who built walls against vulnerability slowly and reluctantly dismantle them together. Produced by Universal (1987).
TITLE_004825,An explosive limited series following a disgraced soldier who must go rogue to expose corruption at the highest levels of government. Produced by Netflix Studios (1980).
TITLE_004826,An explosive limited series following a disgraced soldier who must go rogue to expose corruption at the highest levels of government. Produced by Paramount (1980).
TITLE_004827,A chilling psychological film in which a family discovers their renovated home was built atop the site of something unspeakable. Produced by Sony (1986).
TITLE_004828,"A sweeping romance spanning three decades, exploring how first love quietly shapes every significant decision that follows. Produced by Paramount (2005)."
TITLE_004829,"A bittersweet romantic special following star-crossed lovers whose timing always seems to be precisely, maddeningly off. Produced by Disney (1998)."
TITLE_004830,A gripping psychological film where a seasoned detective discovers the prime suspect may be hiding in plain sight. Produced by Netflix Studios (1997).
TITLE_004831,"A sweeping romance spanning three decades, exploring how first love quietly shapes every significant decision that follows. Produced by Sony (2022)."
TITLE_004832,A pulse-pounding series where a covert operative races against time to prevent a global catastrophe. Produced by Paramount (1983).
TITLE_004833,A chilling psychological documentary in which a family discovers their renovated home was built atop the site of something unspeakable. Produced by Paramount (2019).
TITLE_004834,"A heartwarming animated film that uses the adventures of misfit characters to explore belonging, courage, and found family. Produced by Sony (1990)."
TITLE_004835,A charming documentary centered on a chaotic workplace where every attempt to impose order results in glorious failure. Produced by Apple TV+ (1988).
TITLE_004836,A tender yet unflinching limited series in which three strangers bound by a shared tragedy find unexpected solidarity. Produced by Sony (2007).
TITLE_004837,A nuanced film that examines the quiet cost of ambition and the unspoken sacrifices we make for the people we love. Produced by Warner Bros (1988).
TITLE_004838,A taut documentary in which a forensic archivist realizes the cold cases stacking up on her desk share one terrifying pattern. Produced by Universal (2004).
TITLE_004839,A bone-chilling series where a marine biologist's deep-sea expedition surfaces a creature that should not exist. Produced by Sony (2017).
TITLE_004840,"A sweeping romance spanning three decades, exploring how first love quietly shapes every significant decision that follows. Produced by Paramount (1985)."
TITLE_004841,A charming film centered on a chaotic workplace where every attempt to impose order results in glorious failure. Produced by Disney (2017).
TITLE_004842,A high-octane limited series about a former special forces veteran pulled back into the field for one last impossible mission. Produced by Netflix Studios (2020).
TITLE_004843,A terrifying special following a group of strangers stranded in a remote wilderness as something ancient and patient closes in. Produced by Sony (1996).
TITLE_004844,A slow-burn limited series where a seemingly routine investigation peels back layers of a community's darkest secrets. Produced by Disney (2012).
TITLE_004845,A tender film in which two people who built walls against vulnerability slowly and reluctantly dismantle them together. Produced by Netflix Studios (2015).
TITLE_004846,A nuanced series that examines the quiet cost of ambition and the unspoken sacrifices we make for the people we love. Produced by Warner Bros (1983).
TITLE_004847,A visionary science fiction series set in a near future where artificial intelligence has fundamentally reshaped what it means to be human. Produced by Apple TV+ (2016).
TITLE_004848,A visionary science fiction limited series set in a near future where artificial intelligence has fundamentally reshaped what it means to be human. Produced by Netflix Studios (1987).
TITLE_004849,A nuanced series that examines the quiet cost of ambition and the unspoken sacrifices we make for the people we love. Produced by Apple TV+ (1980).
TITLE_004850,A sharp satirical limited series skewering corporate culture through the eyes of the most reluctant middle manager alive. Produced by Apple TV+ (1990).
TITLE_004851,A chilling psychological series in which a family discovers their renovated home was built atop the site of something unspeakable. Produced by Warner Bros (2003).
TITLE_004852,A tender documentary in which two people who built walls against vulnerability slowly and reluctantly dismantle them together. Produced by Sony (1996).
TITLE_004853,A witty film about a small-town dreamer who accidentally becomes the most controversial person in a major city. Produced by Warner Bros (2025).
TITLE_004854,A slow-dread limited series exploring the horror of losing trust in your own perception of reality. Produced by Universal (2000).
TITLE_004855,A gripping psychological series where a seasoned detective discovers the prime suspect may be hiding in plain sight. Produced by Universal (1994).
TITLE_004856,A tender yet unflinching series in which three strangers bound by a shared tragedy find unexpected solidarity. Produced by Paramount (1994).
TITLE_004857,A tender yet unflinching special in which three strangers bound by a shared tragedy find unexpected solidarity. Produced by Disney (2002).
TITLE_004858,A visionary science fiction series set in a near future where artificial intelligence has fundamentally reshaped what it means to be human. Produced by Netflix Studios (1980).
TITLE_004859,"A powerful series exploring the fractured bonds between family members as they navigate grief, guilt, and reconciliation. Produced by Netflix Studios (2015)."
TITLE_004860,A pulse-pounding film where a covert operative races against time to prevent a global catastrophe. Produced by Apple TV+ (1982).
TITLE_004861,A bone-chilling special where a marine biologist's deep-sea expedition surfaces a creature that should not exist. Produced by Netflix Studios (2000).
TITLE_004862,An explosive limited series following a disgraced soldier who must go rogue to expose corruption at the highest levels of government. Produced by Netflix Studios (2002).
TITLE_004863,An explosive documentary following a disgraced soldier who must go rogue to expose corruption at the highest levels of government. Produced by Universal (2008).
TITLE_004864,A visionary science fiction special set in a near future where artificial intelligence has fundamentally reshaped what it means to be human. Produced by Universal (1991).
TITLE_004865,A taut special in which a forensic archivist realizes the cold cases stacking up on her desk share one terrifying pattern. Produced by Sony (1989).
TITLE_004866,A tender special in which two people who built walls against vulnerability slowly and reluctantly dismantle them together. Produced by Apple TV+ (2018).
TITLE_004867,"A powerful documentary exploring the fractured bonds between family members as they navigate grief, guilt, and reconciliation. Produced by Paramount (2012)."
TITLE_004868,A bleak yet hopeful film depicting a generation born on a generation ship who have never seen Earth and no longer believe in it. Produced by Sony (1994).
TITLE_004869,"A bittersweet romantic special following star-crossed lovers whose timing always seems to be precisely, maddeningly off. Produced by Apple TV+ (1990)."
TITLE_004870,A bleak yet hopeful special depicting a generation born on a generation ship who have never seen Earth and no longer believe in it. Produced by Disney (1996).
TITLE_004871,A gripping psychological film where a seasoned detective discovers the prime suspect may be hiding in plain sight. Produced by Universal (1987).
TITLE_004872,A bold animated documentary that challenges the boundaries of the form while delivering a story full of wit and genuine emotion. Produced by Warner Bros (1982).
TITLE_004873,An explosive documentary following a disgraced soldier who must go rogue to expose corruption at the highest levels of government. Produced by Apple TV+ (2006).
TITLE_004874,"An adrenaline-fueled limited series in which rival factions clash across three continents, leaving a trail of deception and betrayal. Produced by Apple TV+ (2001)."
TITLE_004875,A thought-provoking film exploring the ethical fractures that open when deep-space colonization forces humanity to redefine citizenship. Produced by Sony (2019).
TITLE_004876,"A powerful limited series exploring the fractured bonds between family members as they navigate grief, guilt, and reconciliation. Produced by Universal (1984)."
TITLE_004877,A high-octane series about a former special forces veteran pulled back into the field for one last impossible mission. Produced by Apple TV+ (2019).
TITLE_004878,A bleak yet hopeful series depicting a generation born on a generation ship who have never seen Earth and no longer believe in it. Produced by Apple TV+ (2002).
TITLE_004879,A witty film about a small-town dreamer who accidentally becomes the most controversial person in a major city. Produced by Disney (2018).
TITLE_004880,"An adrenaline-fueled film in which rival factions clash across three continents, leaving a trail of deception and betrayal. Produced by Universal (2022)."
TITLE_004881,An imaginative animated series that takes a young protagonist on a breathtaking journey through a world governed by forgotten magic. Produced by Apple TV+ (1987).
TITLE_004882,"A bittersweet romantic film following star-crossed lovers whose timing always seems to be precisely, maddeningly off. Produced by Apple TV+ (1992)."
TITLE_004883,"An adrenaline-fueled documentary in which rival factions clash across three continents, leaving a trail of deception and betrayal. Produced by Netflix Studios (2015)."
TITLE_004884,A nuanced documentary that examines the quiet cost of ambition and the unspoken sacrifices we make for the people we love. Produced by Warner Bros (2012).
TITLE_004885,A sharp satirical special skewering corporate culture through the eyes of the most reluctant middle manager alive. Produced by Warner Bros (2011).
TITLE_004886,A pulse-pounding series where a covert operative races against time to prevent a global catastrophe. Produced by Netflix Studios (1985).
TITLE_004887,A charming documentary centered on a chaotic workplace where every attempt to impose order results in glorious failure. Produced by Netflix Studios (1990).
TITLE_004888,A slow-burn series where a seemingly routine investigation peels back layers of a community's darkest secrets. Produced by Paramount (2019).
TITLE_004889,"A heartfelt special about two strangers whose lives intersect at a critical crossroads, leading to unexpected and inconvenient love. Produced by Apple TV+ (1992)."
TITLE_004890,A sharp satirical special skewering corporate culture through the eyes of the most reluctant middle manager alive. Produced by Apple TV+ (2014).
TITLE_004891,A chilling psychological documentary in which a family discovers their renovated home was built atop the site of something unspeakable. Produced by Warner Bros (1986).
TITLE_004892,A taut special in which a forensic archivist realizes the cold cases stacking up on her desk share one terrifying pattern. Produced by Apple TV+ (2019).
TITLE_004893,A hilarious series following a group of well-meaning misfits whose cross-country trip descends into spectacular chaos. Produced by Apple TV+ (2002).
TITLE_004894,A sharp satirical series skewering corporate culture through the eyes of the most reluctant middle manager alive. Produced by Sony (1997).
TITLE_004895,A pulse-pounding documentary where a covert operative races against time to prevent a global catastrophe. Produced by Paramount (1985).
TITLE_004896,An emotionally charged special about an individual's struggle to rebuild identity and purpose after an unexpected personal collapse. Produced by Apple TV+ (2024).
TITLE_004897,A thought-provoking series exploring the ethical fractures that open when deep-space colonization forces humanity to redefine citizenship. Produced by Netflix Studios (2000).
TITLE_004898,A charming documentary centered on a chaotic workplace where every attempt to impose order results in glorious failure. Produced by Apple TV+ (2010).
TITLE_004899,A bone-chilling special where a marine biologist's deep-sea expedition surfaces a creature that should not exist. Produced by Apple TV+ (2025).
TITLE_004900,A high-octane film about a former special forces veteran pulled back into the field for one last impossible mission. Produced by Sony (1982).
TITLE_004901,A gripping psychological limited series where a seasoned detective discovers the prime suspect may be hiding in plain sight. Produced by Sony (2008).
TITLE_004902,A bleak yet hopeful film depicting a generation born on a generation ship who have never seen Earth and no longer believe in it. Produced by Paramount (2010).
TITLE_004903,A nuanced film that examines the quiet cost of ambition and the unspoken sacrifices we make for the people we love. Produced by Warner Bros (2025).
TITLE_004904,A suspenseful limited series about a cybersecurity analyst who uncovers a conspiracy that reaches the highest corridors of power. Produced by Paramount (1981).
TITLE_004905,"A heartfelt series about two strangers whose lives intersect at a critical crossroads, leading to unexpected and inconvenient love. Produced by Warner Bros (2015)."
TITLE_004906,A visionary science fiction special set in a near future where artificial intelligence has fundamentally reshaped what it means to be human. Produced by Apple TV+ (1981).
TITLE_004907,A charming film centered on a chaotic workplace where every attempt to impose order results in glorious failure. Produced by Sony (2006).
TITLE_004908,A witty special about a small-town dreamer who accidentally becomes the most controversial person in a major city. Produced by Sony (2012).
TITLE_004909,A thought-provoking film exploring the ethical fractures that open when deep-space colonization forces humanity to redefine citizenship. Produced by Sony (2022).
TITLE_004910,An emotionally charged film about an individual's struggle to rebuild identity and purpose after an unexpected personal collapse. Produced by Sony (1995).
TITLE_004911,A pulse-pounding special where a covert operative races against time to prevent a global catastrophe. Produced by Apple TV+ (2020).
TITLE_004912,A bleak yet hopeful special depicting a generation born on a generation ship who have never seen Earth and no longer believe in it. Produced by Sony (1990).
TITLE_004913,A slow-dread film exploring the horror of losing trust in your own perception of reality. Produced by Universal (1995).
TITLE_004914,"A bittersweet romantic special following star-crossed lovers whose timing always seems to be precisely, maddeningly off. Produced by Sony (2013)."
TITLE_004915,A visionary science fiction film set in a near future where artificial intelligence has fundamentally reshaped what it means to be human. Produced by Universal (2018).
TITLE_004916,An emotionally charged series about an individual's struggle to rebuild identity and purpose after an unexpected personal collapse. Produced by Netflix Studios (2002).
TITLE_004917,A sharp satirical documentary skewering corporate culture through the eyes of the most reluctant middle manager alive. Produced by Netflix Studios (2017).
TITLE_004918,A taut documentary in which a forensic archivist realizes the cold cases stacking up on her desk share one terrifying pattern. Produced by Disney (1987).
TITLE_004919,A tender yet unflinching limited series in which three strangers bound by a shared tragedy find unexpected solidarity. Produced by Apple TV+ (2008).
TITLE_004920,A charming special centered on a chaotic workplace where every attempt to impose order results in glorious failure. Produced by Universal (1999).
TITLE_004921,A pulse-pounding film where a covert operative races against time to prevent a global catastrophe. Produced by Paramount (2009).
TITLE_004922,A visually stunning animated limited series about an unlikely band of heroes who must defend their enchanted homeland from an ancient darkness. Produced by Paramount (2006).
TITLE_004923,A high-octane series about a former special forces veteran pulled back into the field for one last impossible mission. Produced by Netflix Studios (2022).
TITLE_004924,A tender special in which two people who built walls against vulnerability slowly and reluctantly dismantle them together. Produced by Warner Bros (2001).
TITLE_004925,A suspenseful documentary about a cybersecurity analyst who uncovers a conspiracy that reaches the highest corridors of power. Produced by Netflix Studios (2010).
TITLE_004926,"A heartwarming animated film that uses the adventures of misfit characters to explore belonging, courage, and found family. Produced by Warner Bros (2025)."
TITLE_004927,"A bittersweet romantic series following star-crossed lovers whose timing always seems to be precisely, maddeningly off. Produced by Disney (1995)."
TITLE_004928,A charming documentary centered on a chaotic workplace where every attempt to impose order results in glorious failure. Produced by Sony (1985).
TITLE_004929,A terrifying special following a group of strangers stranded in a remote wilderness as something ancient and patient closes in. Produced by Sony (2008).
TITLE_004930,An emotionally charged documentary about an individual's struggle to rebuild identity and purpose after an unexpected personal collapse. Produced by Paramount (1983).
TITLE_004931,"An adrenaline-fueled limited series in which rival factions clash across three continents, leaving a trail of deception and betrayal. Produced by Apple TV+ (1982)."
TITLE_004932,"A powerful documentary exploring the fractured bonds between family members as they navigate grief, guilt, and reconciliation. Produced by Apple TV+ (1993)."
TITLE_004933,A pulse-pounding film where a covert operative races against time to prevent a global catastrophe. Produced by Disney (2001).
TITLE_004934,A witty limited series about a small-town dreamer who accidentally becomes the most controversial person in a major city. Produced by Paramount (2018).
TITLE_004935,A pulse-pounding limited series where a covert operative races against time to prevent a global catastrophe. Produced by Paramount (2018).
TITLE_004936,"An adrenaline-fueled limited series in which rival factions clash across three continents, leaving a trail of deception and betrayal. Produced by Universal (1996)."
TITLE_004937,A terrifying documentary following a group of strangers stranded in a remote wilderness as something ancient and patient closes in. Produced by Netflix Studios (2021).
TITLE_004938,A thought-provoking series exploring the ethical fractures that open when deep-space colonization forces humanity to redefine citizenship. Produced by Paramount (2000).
TITLE_004939,A suspenseful series about a cybersecurity analyst who uncovers a conspiracy that reaches the highest corridors of power. Produced by Apple TV+ (1985).
TITLE_004940,"A heartwarming animated series that uses the adventures of misfit characters to explore belonging, courage, and found family. Produced by Disney (1997)."
TITLE_004941,"A heartwarming animated film that uses the adventures of misfit characters to explore belonging, courage, and found family. Produced by Netflix Studios (1982)."
TITLE_004942,A gripping psychological limited series where a seasoned detective discovers the prime suspect may be hiding in plain sight. Produced by Netflix Studios (1992).
TITLE_004943,A pulse-pounding series where a covert operative races against time to prevent a global catastrophe. Produced by Universal (1996).
TITLE_004944,A tender yet unflinching special in which three strangers bound by a shared tragedy find unexpected solidarity. Produced by Netflix Studios (1991).
TITLE_004945,A terrifying series following a group of strangers stranded in a remote wilderness as something ancient and patient closes in. Produced by Disney (2013).
TITLE_004946,A terrifying special following a group of strangers stranded in a remote wilderness as something ancient and patient closes in. Produced by Disney (1998).
TITLE_004947,A tender yet unflinching film in which three strangers bound by a shared tragedy find unexpected solidarity. Produced by Universal (1983).
TITLE_004948,A suspenseful special about a cybersecurity analyst who uncovers a conspiracy that reaches the highest corridors of power. Produced by Apple TV+ (2012).
TITLE_004949,A pulse-pounding series where a covert operative races against time to prevent a global catastrophe. Produced by Warner Bros (2016).
TITLE_004950,An explosive documentary following a disgraced soldier who must go rogue to expose corruption at the highest levels of government. Produced by Paramount (2010).
TITLE_004951,A visually stunning animated series about an unlikely band of heroes who must defend their enchanted homeland from an ancient darkness. Produced by Netflix Studios (1981).
TITLE_004952,A bold animated special that challenges the boundaries of the form while delivering a story full of wit and genuine emotion. Produced by Disney (1988).
TITLE_004953,A witty limited series about a small-town dreamer who accidentally becomes the most controversial person in a major city. Produced by Warner Bros (1994).
TITLE_004954,A slow-dread documentary exploring the horror of losing trust in your own perception of reality. Produced by Sony (2024).
TITLE_004955,A terrifying special following a group of strangers stranded in a remote wilderness as something ancient and patient closes in. Produced by Paramount (2021).
TITLE_004956,"A bittersweet romantic film following star-crossed lovers whose timing always seems to be precisely, maddeningly off. Produced by Paramount (2022)."
TITLE_004957,A pulse-pounding series where a covert operative races against time to prevent a global catastrophe. Produced by Disney (1994).
TITLE_004958,A tender limited series in which two people who built walls against vulnerability slowly and reluctantly dismantle them together. Produced by Universal (2007).
TITLE_004959,An imaginative animated special that takes a young protagonist on a breathtaking journey through a world governed by forgotten magic. Produced by Apple TV+ (2004).
TITLE_004960,An imaginative animated series that takes a young protagonist on a breathtaking journey through a world governed by forgotten magic. Produced by Sony (2002).
TITLE_004961,An imaginative animated documentary that takes a young protagonist on a breathtaking journey through a world governed by forgotten magic. Produced by Sony (1997).
TITLE_004962,"A heartfelt limited series about two strangers whose lives intersect at a critical crossroads, leading to unexpected and inconvenient love. Produced by Universal (2020)."
TITLE_004963,A witty limited series about a small-town dreamer who accidentally becomes the most controversial person in a major city. Produced by Netflix Studios (1994).
TITLE_004964,A pulse-pounding series where a covert operative races against time to prevent a global catastrophe. Produced by Netflix Studios (2007).
TITLE_004965,A charming series centered on a chaotic workplace where every attempt to impose order results in glorious failure. Produced by Netflix Studios (2005).
TITLE_004966,A bone-chilling limited series where a marine biologist's deep-sea expedition surfaces a creature that should not exist. Produced by Universal (1997).
TITLE_004967,"A sweeping romance spanning three decades, exploring how first love quietly shapes every significant decision that follows. Produced by Universal (2019)."
TITLE_004968,"A powerful series exploring the fractured bonds between family members as they navigate grief, guilt, and reconciliation. Produced by Warner Bros (2000)."
TITLE_004969,A thought-provoking special exploring the ethical fractures that open when deep-space colonization forces humanity to redefine citizenship. Produced by Disney (2025).
TITLE_004970,"An adrenaline-fueled limited series in which rival factions clash across three continents, leaving a trail of deception and betrayal. Produced by Universal (2000)."
TITLE_004971,A visually stunning animated documentary about an unlikely band of heroes who must defend their enchanted homeland from an ancient darkness. Produced by Apple TV+ (2006).
TITLE_004972,An emotionally charged special about an individual's struggle to rebuild identity and purpose after an unexpected personal collapse. Produced by Paramount (2011).
TITLE_004973,A slow-dread documentary exploring the horror of losing trust in your own perception of reality. Produced by Paramount (2014).
TITLE_004974,An emotionally charged documentary about an individual's struggle to rebuild identity and purpose after an unexpected personal collapse. Produced by Paramount (2002).
TITLE_004975,A tender yet unflinching limited series in which three strangers bound by a shared tragedy find unexpected solidarity. Produced by Disney (1990).
TITLE_004976,A taut documentary in which a forensic archivist realizes the cold cases stacking up on her desk share one terrifying pattern. Produced by Universal (1983).
TITLE_004977,A bold animated limited series that challenges the boundaries of the form while delivering a story full of wit and genuine emotion. Produced by Apple TV+ (1987).
TITLE_004978,A high-octane film about a former special forces veteran pulled back into the field for one last impossible mission. Produced by Disney (2020).
TITLE_004979,A charming special centered on a chaotic workplace where every attempt to impose order results in glorious failure. Produced by Warner Bros (1991).
TITLE_004980,A nuanced limited series that examines the quiet cost of ambition and the unspoken sacrifices we make for the people we love. Produced by Paramount (2013).
TITLE_004981,"An adrenaline-fueled special in which rival factions clash across three continents, leaving a trail of deception and betrayal. Produced by Paramount (1997)."
TITLE_004982,A visually stunning animated special about an unlikely band of heroes who must defend their enchanted homeland from an ancient darkness. Produced by Warner Bros (2012).
TITLE_004983,"An adrenaline-fueled special in which rival factions clash across three continents, leaving a trail of deception and betrayal. Produced by Netflix Studios (2013)."
TITLE_004984,A charming special centered on a chaotic workplace where every attempt to impose order results in glorious failure. Produced by Apple TV+ (2011).
TITLE_004985,A cerebral science fiction limited series about a theoretical physicist whose containment breach tears a hole in the fabric of spacetime. Produced by Apple TV+ (1990).
TITLE_004986,A sharp satirical special skewering corporate culture through the eyes of the most reluctant middle manager alive. Produced by Warner Bros (2023).
TITLE_004987,An explosive series following a disgraced soldier who must go rogue to expose corruption at the highest levels of government. Produced by Universal (2015).
TITLE_004988,An emotionally charged special about an individual's struggle to rebuild identity and purpose after an unexpected personal collapse. Produced by Sony (2002).
TITLE_004989,"A heartwarming animated limited series that uses the adventures of misfit characters to explore belonging, courage, and found family. Produced by Sony (2008)."
TITLE_004990,"A heartwarming animated series that uses the adventures of misfit characters to explore belonging, courage, and found family. Produced by Sony (2005)."
TITLE_004991,A tender yet unflinching special in which three strangers bound by a shared tragedy find unexpected solidarity. Produced by Disney (1999).
TITLE_004992,"An adrenaline-fueled documentary in which rival factions clash across three continents, leaving a trail of deception and betrayal. Produced by Sony (2018)."
TITLE_004993,A tender yet unflinching special in which three strangers bound by a shared tragedy find unexpected solidarity. Produced by Warner Bros (1985).
TITLE_004994,A hilarious film following a group of well-meaning misfits whose cross-country trip descends into spectacular chaos. Produced by Paramount (2023).
TITLE_004995,A slow-burn documentary where a seemingly routine investigation peels back layers of a community's darkest secrets. Produced by Apple TV+ (2002).
TITLE_004996,A terrifying series following a group of strangers stranded in a remote wilderness as something ancient and patient closes in. Produced by Paramount (1999).
TITLE_004997,"A heartwarming animated film that uses the adventures of misfit characters to explore belonging, courage, and found family. Produced by Apple TV+ (1999)."
TITLE_004998,A suspenseful limited series about a cybersecurity analyst who uncovers a conspiracy that reaches the highest corridors of power. Produced by Disney (2015).
TITLE_004999,"A sweeping romance spanning three decades, exploring how first love quietly shapes every significant decision that follows. Produced by Netflix Studios (2012)."
